
        Agric  Food   Soda   Beer   Smoke  Toys   Fun    Books  Hshld  Clths  Hlth   MedEq  Drugs  Chems  Rubbr  Txtls  BldMt  Cnstr  Steel  FabPr  Mach   ElcEq  Autos  Aero   Ships  Guns   Gold   Mines  Coal   Oil    Util   Telcm  PerSv  BusSv  Comps  Chips  LabEq  Paper  Boxes  Trans  Whlsl  Rtail  Meals  Banks  Insur  RlEst  Fin    Other
192607   2.37   0.10 -99.99  -5.19   1.29   8.65   1.87  50.21  -0.50   8.08 -99.99   4.95   0.79   7.92 -99.99   0.68   2.38  -8.21   4.03 -99.99   5.48   3.18  16.45  -0.65   0.97 -99.99 -99.99   5.64   1.54  -1.39   7.10   0.83 -99.99   5.85   3.76   1.31   1.35 -99.99   7.66   1.92 -23.79  -2.94   1.83   5.20  -0.54   2.89  -4.66   5.72
192608   2.23   2.82 -99.99  27.03   6.53  16.81  -0.65  42.98  -3.58  -2.51 -99.99   4.20   4.59   5.41 -99.99   7.49   4.53   7.37   2.15 -99.99   2.12   2.10   4.19  -6.58   1.89 -99.99 -99.99   0.55   0.85   3.44  -1.74   2.17 -99.99   1.51   3.57  -4.70   6.89 -99.99  -2.37   4.92   5.39  -0.56  -0.09  -1.01   2.57   5.30   0.15   7.04
192609  -0.57   1.73 -99.99   4.02   1.22   8.33   5.71  -4.91   0.71  -0.51 -99.99   4.02  -0.31   5.37 -99.99   2.40  -0.12 -11.76   0.29 -99.99   0.34  -0.56   4.89  -7.09   2.72 -99.99 -99.99   1.75   0.30  -3.60   1.96   2.41 -99.99   0.80   4.23  -6.04  -0.63 -99.99  -5.55   0.08  -7.87   0.17  -0.58  -2.25   0.72  -3.06  -3.33  -4.01
192610  -0.46  -3.75 -99.99  -3.31   1.07  -1.40  -4.68   5.37  -4.66   0.12 -99.99   3.47  -1.90  -4.79 -99.99   0.07  -4.38  -8.59  -3.79 -99.99   1.11  -5.73  -7.93 -13.36  -5.20 -99.99 -99.99  -3.20   2.23  -1.04  -2.67  -0.11 -99.99   1.81  -2.47  -3.92   0.21 -99.99  -5.03  -2.66 -15.38  -5.34  -4.13 -15.05  -4.28  -5.74   0.80  -8.83
192611   6.75   6.16 -99.99   7.29   4.41   0.00   2.85  -6.40  -0.51   1.87 -99.99   4.33   5.89   5.34 -99.99   3.48   2.23   2.25   3.88 -99.99   3.21   5.08  -0.68   6.61   7.66 -99.99 -99.99   8.46  -0.48  -0.43   3.76   1.63 -99.99   0.79   3.28   1.31   4.25 -99.99   3.81   1.61   4.67   4.04   4.32  -5.45   3.58   2.21   4.59   4.17
192612  -3.27   0.23 -99.99  -4.09   2.57   2.48   1.54  -3.29   2.53   0.60 -99.99  -3.28   1.14   5.42 -99.99   6.92   3.58   0.76   3.65 -99.99   5.01  -2.47  10.52   9.17   2.39 -99.99 -99.99   1.83   1.43   2.91  -0.12   1.99 -99.99   5.16   4.38  -0.51  10.14 -99.99  -4.59   3.59   9.65   2.93   1.52  -1.06   3.27   7.95  -0.38  -2.44
192701  -3.66  -0.01 -99.99   0.57  -0.33   1.73   2.53   1.21   4.07  -1.06 -99.99   5.45   4.77   0.24 -99.99  -2.90  -1.69  -3.55  -0.36 -99.99   1.17  -1.02  -0.80  -2.29  -0.56 -99.99 -99.99   4.17  -3.06   1.59  -1.77   1.88 -99.99   5.85   0.73   1.48  -3.01 -99.99  -2.58   1.43 -17.93  -3.34   1.53  -5.37  -0.82  -1.56  -4.92  -4.13
192702   7.65   3.53 -99.99  12.83   1.58  -6.12   2.12  10.31   4.59   2.77 -99.99   5.19   0.66   9.62 -99.99   8.06   4.14   8.01   3.68 -99.99   7.87   4.30   9.53  -3.91   4.70 -99.99 -99.99   5.20   5.64   1.08   4.60   3.97 -99.99   5.86   6.82   5.82   3.68 -99.99   5.41   5.19   3.49   4.48   6.81   8.30   0.66   4.30   2.28   0.30
192703  -0.60   2.59 -99.99 -13.56   5.55  -8.89   1.36  -7.83  -0.08   0.90 -99.99   1.25   0.77   6.28 -99.99  -5.85   3.45   5.04   1.43 -99.99  -2.25   0.40   1.58   0.00  -1.78 -99.99 -99.99   4.44   5.45  -6.91   0.44   5.56 -99.99  -3.99   5.94 -12.30   6.26 -99.99  -9.68   1.06 -20.47   3.05  -2.44  -7.96   7.34  -4.30   1.03   2.28
192704   5.39   1.97 -99.99   2.85   4.09  -0.41  -3.56   3.77   1.44   5.95 -99.99  -0.37   4.29   2.97 -99.99   0.68  -0.82  -8.67  -0.28 -99.99   1.78   6.29   2.92 -11.48  -0.67 -99.99 -99.99   3.02   0.95  -5.64   1.65  -2.08 -99.99   0.74   4.73   8.82   1.43 -99.99   4.89   0.78 -10.75   2.09   6.02  -5.99   3.09   0.68  13.65   4.71
192705   4.12   6.61 -99.99  11.62  11.87  -4.90  -0.16  -1.48  10.60   3.38 -99.99   5.88   3.49   3.99 -99.99  14.75   8.21 -10.44   3.15 -99.99   8.82   8.23   5.52  31.94  10.55 -99.99 -99.99   0.26   3.19   4.98   9.31   3.35 -99.99  16.79   5.58  -0.14   5.63 -99.99   5.36   6.64  -4.01   0.49   4.69   8.69  12.58   4.33  11.43   1.40
192706  -3.40  -1.89 -99.99  10.05  -2.24  -3.52  -7.31  -6.00  -3.01   1.17 -99.99   3.68  -0.47  -1.80 -99.99   2.62  -4.39 -13.78  -3.36 -99.99  -2.28   3.47  -3.33  14.49  -4.31 -99.99 -99.99  -1.93  -3.35  -3.14  -3.64  -2.14 -99.99   1.41  -1.93   2.00   5.41 -99.99   5.38  -1.88  -4.18   0.17   1.26 -10.47   0.84   3.59   2.17  -3.91
192707   6.05   4.88 -99.99   4.59   4.41   2.64   0.55  -0.53   5.52   6.02 -99.99  11.44   9.33  17.68 -99.99  13.94   6.87  -0.80  10.36 -99.99   9.61  14.29  13.75  -2.78  -3.39 -99.99 -99.99   9.77   2.19   2.96   5.31   3.73   1.79   2.37   2.53  12.25   6.89 -99.99  12.02   6.04  11.11   9.66   4.68   3.34  13.64   3.91   3.70   6.81
192708   1.99   2.35 -99.99  -3.98   3.86   7.38   4.84   0.66   0.52   1.53 -99.99  -2.24   1.09   2.10 -99.99  -8.52  -1.12  -2.11   3.99 -99.99   0.90   7.00   7.36  30.16  11.97 -99.99 -99.99  -0.39   2.43  -0.22   3.43   0.43   2.86   7.98   9.68  -8.32   0.75 -99.99   3.76  -1.69  -2.58  13.59   0.55   5.04   0.14   2.01   2.14   5.92
192709   7.33   5.88 -99.99   7.01   4.70   0.38   4.66   1.14   2.54   4.67 -99.99   8.71   4.71   6.03 -99.99   1.73   4.92  -0.97   3.73 -99.99   5.30   0.44   6.34  17.65   3.28 -99.99 -99.99   9.60   1.46   3.50   8.29   6.53  -1.39   7.18   4.93   9.92   3.01 -99.99   3.37   4.30   5.60   5.11   5.94   4.55   8.16  -0.22   6.44   0.43
192710  -5.80  -1.75 -99.99  -0.80  -0.32  -1.27   0.23  -3.34  -1.82   9.67 -99.99   2.04   6.12  -7.46 -99.99  -2.50  -4.77  -0.12  -7.83 -99.99  -5.21  -8.14  -4.55 -18.33  -6.51 -99.99 -99.99  -3.17  -5.33  -1.75  -4.34  -2.09   2.82   4.57   0.43  -3.20  -7.60 -99.99   0.14  -4.59 -21.78  -6.13  -1.75   2.61  10.74  -4.24   0.07  -3.62
192711   6.51   7.21 -99.99  10.29   6.62  -3.40   4.34   8.27   2.73   0.69 -99.99   1.19   4.45   9.09 -99.99   6.13   6.02  -1.30  12.43 -99.99  11.50  11.03   6.72  19.39   7.83 -99.99 -99.99   9.79   7.48   3.85   6.32   2.83  -4.45   9.74   6.28  25.21   8.86 -99.99  16.87   3.90  -1.30  11.24   3.01  11.70   7.10   9.68   5.64  11.19
192712  -0.82   4.38 -99.99  12.72   1.05  -7.83   3.25   3.95  10.34  -0.15 -99.99  -0.20  -0.54  -0.24 -99.99   2.48  -0.48   7.64   5.80 -99.99   2.92   1.13   7.69  40.56   2.23 -99.99 -99.99  15.29  -3.33   1.29   2.24   1.33  -5.11  -3.30  11.22  -4.79  -3.42 -99.99   1.04   0.10  11.45  -0.15  -1.56  10.47  20.43   0.97   2.89   1.07
192801  -1.89   3.47 -99.99   0.62  -2.57  -1.56  -0.22   2.91   3.67   7.04 -99.99   3.34   2.50  -1.02 -99.99  -1.56   1.41   8.29  -2.40 -99.99  -1.24  -1.02  -3.15   1.53   4.41 -99.99 -99.99  -2.80  -3.79  -1.70   5.87   0.30   0.00   2.86   3.60  -0.41  -0.11 -99.99   1.51  -1.25  -0.95  -0.53  -1.58  -2.29  -0.81   1.67   2.71  -3.38
192802   0.43  -3.38 -99.99  -5.22  -5.70  -6.73  -0.61  -0.47   0.32  -2.45 -99.99  -1.82  -1.25   0.64 -99.99  -5.61   1.46   3.03  -2.74 -99.99  -2.76  -1.42   0.95  -9.77  -4.53 -99.99 -99.99  -8.08  -1.33  -0.11  -0.70  -0.30  -5.38  -1.67   3.19  -0.46   1.60 -99.99   0.86  -1.34  -8.29  -1.62  -2.59  -2.90  -1.64   1.96  -5.21  -2.68
192803   1.71   5.65 -99.99  14.47   2.33  35.16   5.23   9.98   9.98   4.00 -99.99  10.07   6.86  13.11 -99.99   9.04   6.81   3.77   6.20 -99.99   6.39  25.65  28.00  24.83   6.00 -99.99 -99.99   8.04   5.23   5.39   6.58   1.96   5.60  -0.36   0.94  13.10   3.26 -99.99  11.08   5.79   8.12   8.94   3.47  22.61   7.67   2.44  10.06   8.85
192804  -0.28   3.23 -99.99   4.87  -5.89  -2.06   5.11   2.79   3.54   9.92 -99.99   5.67   0.81  -0.27 -99.99  -4.83   2.93   2.68   1.40 -99.99   3.48   2.44   1.05  61.83   0.37 -99.99 -99.99  -0.64   1.95  16.24  10.94   3.22   7.27  13.77   2.03  -0.48   1.69 -99.99  -0.25   4.39  -5.85   0.52   0.47  10.92   4.84  23.11   1.80  10.95
192805  -0.78   1.95 -99.99   5.48  -0.11  10.07   2.24  11.19  -2.49  -0.94 -99.99   4.95  11.39   2.90 -99.99  -6.43  -1.93  19.82   5.52 -99.99   4.79   2.14   5.89  19.93  -2.77 -99.99 -99.99   0.92   0.49  -5.78   1.51   6.47  -2.20   9.62   0.48   4.21   6.15 -99.99   6.13  -0.43   7.95   3.70  14.12  -1.27   0.75   6.06   8.87  -0.80
192806  -2.13  -4.15 -99.99  -4.21  -4.21 -11.05  -4.08  -9.55  -6.66  -7.17 -99.99  -1.88  -3.74  -2.94 -99.99 -11.33  -3.80  -4.86  -5.80 -99.99  -3.19  -5.81  -4.03 -11.20  -5.51 -99.99 -99.99  -3.88  -6.08  -3.86  -3.43  -5.23  -8.02  -8.38  -2.59  -5.25  -3.03 -99.99  -5.74  -3.83  -7.41  -4.12  -2.81  -1.92  -9.77  -4.41 -13.62 -11.95
192807  -0.29   1.48 -99.99   0.70   3.59  10.16   0.60   3.44   0.66   0.53 -99.99  -1.07   3.74   1.77 -99.99  -3.69   0.98  -2.71   2.80 -99.99   0.44  -1.01   1.18   5.54  -2.30 -99.99 -99.99   1.46  -1.07   1.11  -1.15  -1.28  -4.15  -2.73   6.28   6.24   5.04 -99.99   4.34  -0.36   0.32   5.05  -0.60   0.13  -0.47  -0.52  -0.39  -0.80
192808   1.69   8.52 -99.99  12.40   3.62   1.87  10.06  -0.10   9.54   0.17 -99.99   8.40  16.93   8.86 -99.99   0.64   3.18  -0.32   9.49 -99.99   7.54  12.30   9.12  14.19   4.79 -99.99 -99.99   9.57   1.86   2.40   6.30   4.55  -9.73  13.15   7.92   2.84   1.08 -99.99  12.69   4.02   4.04  12.02  12.33   4.94   5.86   4.85   6.87  12.78
192809  -0.90   2.29 -99.99   0.26  -0.31  20.69   9.86   1.20  10.48  -1.13 -99.99   7.03  -3.64   3.71 -99.99   4.51   4.41  -0.22   5.58 -99.99   3.79   0.28   8.13   6.04  -1.41 -99.99 -99.99   4.64  -1.09   5.49   3.03   0.15   2.94  -1.62   9.78   3.79  -3.58 -99.99  -1.62   0.26   1.06   1.57  -0.03  31.57  -2.24  -1.30  -0.13  -4.06
192810   4.73  -1.32 -99.99   4.04   3.17 -10.54  -0.01   5.28   8.20  -3.55 -99.99  -1.51   0.31   5.16 -99.99   6.38   5.71   1.92   6.39 -99.99   2.27   2.11   0.04  -5.95  -0.47 -99.99 -99.99   5.01  -1.69   2.24  -1.78   2.97  -6.67   7.09   0.82   1.30   0.98 -99.99  -5.47  -1.34  18.31   4.20  -2.16   2.32   3.64  -1.87   3.33  -5.21
192811   1.64   7.52 -99.99   5.70   6.71   7.77  11.19   3.99  16.56   2.57 -99.99   2.29   5.81  12.38 -99.99   9.52   9.17   0.71  14.97 -99.99  15.87  23.51   4.66  43.37   5.72 -99.99 -99.99  15.29   6.04  18.10  22.07   6.68  -3.57   9.02  11.10  13.65   4.44 -99.99   5.10   9.37  11.98  14.31   9.35  10.79   7.70   6.57  13.57   3.77
192812  -1.28   0.84 -99.99  -3.84  -1.87  -7.10   0.01   1.59  -3.67  -0.33 -99.99  -1.97   0.16   2.35 -99.99  -5.57   0.42   1.97   3.76 -99.99   3.35   7.03  -0.09   0.53   1.41 -99.99 -99.99   2.69  -0.92  -4.31   1.63  -0.38  -9.78  -4.16  19.00   3.61  -1.61 -99.99   1.60   0.25  -3.84  -2.59  -3.05   1.99  -0.41  -0.31   4.20 -12.59
192901  11.79   2.18 -99.99   9.46   3.88   4.52  11.17   4.17   6.63  -1.86 -99.99   4.31   2.87  22.83 -99.99  -0.09   6.82   0.87   7.68 -99.99  12.20  12.79   0.94   1.72   0.80 -99.99 -99.99  10.36   1.84  -8.22  13.75  13.38 -12.65   0.74   1.92  12.59   0.55 -99.99   6.10   4.75  -5.16  -4.35  -0.08  15.30   2.39  15.59   4.42   1.21
192902   6.42  -2.91 -99.99  -4.06  -4.25  -6.03   1.75  -5.59  -6.92  -4.10 -99.99   1.78  -0.69  -0.16 -99.99   2.85  -2.84   9.10   8.79 -99.99   1.01  -1.35   0.35   2.01   0.78 -99.99 -99.99   6.32   0.95   0.02  -2.17  -1.15   7.59   4.04   1.82  -0.16   1.56 -99.99   5.83  -1.41  -3.20  -2.55   0.14   3.98  -5.25   5.58  -1.16  -6.18
192903 -10.99  -3.69 -99.99  -2.90  -4.00  -7.72 -10.18  -5.91  -7.64  -5.33 -99.99   0.23  -2.52  -3.29 -99.99  -5.55  -4.21  -0.19  -0.12 -99.99  -3.97   5.06  -1.27  -6.98   2.04 -99.99 -99.99   1.21  -6.53  12.15  -3.14   4.29 -12.82  -4.80   8.19  -0.81  -3.18 -99.99   1.52  -2.81  -9.59  -5.74  -3.47   1.51  -4.58  -3.64  -1.25  -7.41
192904  -6.44   5.09 -99.99  13.64  -2.38  -2.85   0.89  -0.63   0.56   3.77 -99.99   1.99   1.43   3.68 -99.99   4.00   2.57  17.63   1.84 -99.99   4.24   1.07  -1.24   6.95  -1.42 -99.99 -99.99  -4.32  -2.32   0.85   5.44   3.39  -2.94   3.14   6.48   5.52   0.42 -99.99   8.10   1.31   3.58   2.80  10.34  -0.49   1.40   3.33   2.77 -10.73
192905  -6.68  -5.07 -99.99 -11.00  -0.17 -16.79  -7.36   6.81 -10.35  -6.58 -99.99 -10.36  -6.90  -6.96 -99.99 -13.81  -6.40  -6.38 -12.51 -99.99  -9.55   0.83 -15.13 -12.99  -6.60 -99.99 -99.99 -11.88  -4.74  -5.59   5.41  -8.76 -12.88  -4.91   1.28  -1.33  -3.48 -99.99  -8.27   2.57  -6.56  -7.29  -2.78  -3.35  -2.29  -8.33   4.10 -13.21
192906  -2.06   9.59 -99.99  12.51  -0.26   5.83   5.91   7.06  14.73   5.70 -99.99   9.46   2.67  19.88 -99.99   3.05   3.65   3.49  10.79 -99.99  15.20  19.21   6.76  14.30  10.05 -99.99 -99.99   4.24   2.01   1.12  22.93  13.70  21.74  14.89  11.55   7.86   5.83 -99.99  12.82   5.99  -2.98   7.86  18.82   6.57   0.67   6.45  14.58   5.08
192907   3.02   4.94 -99.99   1.61   2.17  -6.88  -1.98  -0.60   6.74  -3.99 -99.99   1.66   3.27   5.08 -99.99  -3.51   5.99  -2.57   3.68 -99.99   5.10  10.16  -3.87   6.56   3.83 -99.99 -99.99  -2.40  19.60  -0.72   9.25  13.69  28.57   1.68   4.62  -2.42   6.82  -8.51   7.09   8.34  -3.00   0.48   1.90   0.86  10.65  -1.24  14.18   4.16
192908   1.30   4.82 -99.99   9.79   8.43  -2.32   6.86   0.16   5.03   0.98 -99.99  -1.56   5.84  11.89 -99.99  -5.29   2.15   0.48  11.84 -99.99  11.01  12.98   2.09  -1.36   4.31 -99.99 -99.99   9.81   5.13  12.02  10.27  10.99 -10.56   0.32   7.71  -3.91  15.12  10.70   9.39   8.40  -5.79   7.42   4.71   8.05  11.68   7.02   3.57  -1.58
192909   1.23  -2.77 -99.99  -2.25  -7.48   1.42  -2.06  -1.09   6.22  -4.15 -99.99  -5.92  -7.30  -6.76 -99.99  -2.49  -2.82  -1.44  -8.98 -99.99  -5.58 -11.33  -9.09 -23.20  -0.15 -99.99 -99.99  -5.15  -2.21  -2.91   2.85  -1.35  -2.48  20.87  19.22  -8.59   3.03  -7.56  -4.51  -7.74  -0.68  -4.72  -3.19  -1.91  -9.51  -6.48  -4.55  -0.43
192910  -0.67 -16.13 -99.99 -26.26   2.67 -17.58 -17.41  -8.89 -33.65  -9.32 -99.99 -15.46 -18.80 -24.56 -99.99 -24.48 -16.09  -8.38 -15.62 -99.99 -21.75 -30.21 -28.06 -40.33 -12.74 -99.99 -99.99 -14.52  -7.03 -10.02 -29.55 -15.41 -28.66 -16.61 -27.73 -15.54  -5.66 -18.18 -14.57  -7.93 -23.20 -24.07 -19.66 -34.42 -22.04  -9.70 -36.96 -31.47
192911  -7.36  -9.89 -99.99 -11.85  -6.20 -23.10 -16.99   0.16 -13.96 -10.30 -99.99  -7.94  -8.72 -16.02 -99.99 -14.39 -10.15  -2.02 -13.76 -99.99 -13.83 -18.38 -17.56 -30.00  -3.79 -99.99 -99.99 -16.28  -4.81  -6.43 -15.62  -9.47 -39.29 -12.09 -28.97 -15.05 -15.11 -15.56 -14.15  -7.84  -6.67 -12.53 -10.28 -22.76 -17.76   4.45 -18.50 -15.92
192912  -4.88   0.39 -99.99   2.04   2.92  -5.31  -8.32   0.83   1.55   3.71 -99.99   1.24   1.45   6.34 -99.99  -8.45  -2.66   9.95  -0.36 -99.99   3.36  12.87   4.04  14.50   0.64 -99.99 -99.99  -0.86  -5.89  -0.65   8.05   1.00   0.00  -2.53   9.84  -6.18   1.43  -3.95  -0.06  -0.04  -0.81  -3.28   3.62   1.63  -4.23  -7.82   6.42  -8.13
193001  -0.86   5.68 -99.99  -8.61   8.58 -12.76  28.05   1.74   9.58   3.69 -99.99   4.37   1.57   8.29 -99.99  12.64   6.82   0.30   5.62 -99.99   8.31  10.92   6.29   0.98   2.62 -99.99 -99.99   5.21   0.53  -1.00   7.94   1.19  26.47 -30.49   7.70  11.19   9.15  50.00   7.19   3.86   3.10   3.11  11.82  19.63  15.74   1.96   8.76  30.20
193002  -9.43   0.96 -99.99   1.15   5.83  21.21  17.57   5.66  -9.63  -0.26 -99.99   8.29   1.14   2.46 -99.99   5.90   0.63   7.35   0.28 -99.99   4.68   7.72   3.61  24.61   1.24 -99.99 -99.99  -0.98   4.75  -5.08   9.60   7.06 -25.58  36.22   3.24  -1.36  12.65  -7.76   8.60   2.11  -4.61  -5.90   0.10   9.59   2.57  -4.46  12.03  -1.57
193003  -0.32   1.18 -99.99  -8.27   4.54  27.54  15.68   2.24  -0.20   7.27 -99.99   3.46   5.92  10.20 -99.99  -4.23   4.95   2.17   5.52 -99.99   5.30   9.30  12.70  28.05  -1.70 -99.99 -99.99   1.50   0.96  18.79   9.21   9.10  -1.56   6.12  -0.58   2.89   9.25   7.67   6.19   3.90  -4.90  -2.04   4.96   4.23  11.01   7.10   9.68   5.90
193004   3.92   3.27 -99.99 -11.33  -2.91 -21.63   3.87   2.18  -3.59  -1.13 -99.99  -9.19   1.94  -5.34 -99.99  -8.92  -5.20   8.16 -13.21 -99.99   6.64   3.02  -8.57  -5.48  -7.08 -99.99 -99.99 -14.72  -8.42   7.58   1.92  -4.52  33.33  -2.15  -6.76 -23.01   5.40 -21.61  -2.48  -7.08   4.65   0.88   2.45  -8.87  -9.54  -2.93  -0.27  -3.57
193005  -3.09   2.35 -99.99  -0.45   1.76  -0.43  -3.73  -0.90  -8.69  -4.20 -99.99  -5.60  -0.42  -2.32 -99.99  -3.39  -1.77   1.43   0.03 -99.99  -5.74  -4.95   5.06  -8.35  -4.61 -99.99 -99.99   5.68  -2.23  -3.65   0.36   0.46 -15.48  -8.99   0.06  -8.97  -2.81 -21.11  -0.69  -0.41  -8.20  -0.05  -1.87  -6.08  -4.14  -2.18  -7.61  -8.09
193006  -4.76 -12.21 -99.99 -29.19  -9.05 -16.98 -26.18 -10.55 -26.90 -12.44 -99.99 -14.93 -11.02 -17.66 -99.99 -18.82 -18.56  -4.15 -13.31 -99.99 -17.00 -20.03 -22.58 -28.42 -13.09 -99.99 -99.99 -10.62 -11.34 -15.63 -19.86  -8.34 -32.39 -10.33 -19.56 -31.76 -15.94 -62.08 -17.34  -9.64 -24.09 -14.90 -17.24 -20.81 -13.24 -18.31 -25.91 -18.09
193007   1.17   3.37 -99.99   1.88   2.93  13.21   3.31   1.90   5.12   3.95 -99.99  12.57   4.94   5.39  14.16   5.66   8.68   4.29   3.48 -99.99   3.05   4.03  11.82   7.43   3.49 -99.99 -99.99   4.25  -1.32   5.51   1.82   1.27  10.42   6.64   3.03  20.30   3.47   9.80   7.47   3.29  -1.19   3.26   2.66   7.15   4.16  -0.82   5.65   5.68
193008   1.24   1.82 -99.99   9.08   4.58   6.00   4.85  -3.69  -0.23  -4.01 -99.99   0.44   9.58   4.29  -4.06  -0.37  -3.50  -3.34  -2.50 -99.99   0.93   1.66  -2.24  -0.81   0.89 -99.99 -99.99 -12.47   2.43  -3.33   1.59   1.74  -5.66   3.94   3.60  -3.71   6.23   3.57  -1.43   0.32  -6.83   4.69   1.72   1.11  -0.76  -7.77   4.24   0.52
193009 -11.55 -10.11 -99.99 -12.20  -8.70 -10.17 -17.87  -0.57  -8.21 -10.25 -99.99  -6.34  -9.14 -14.03 -28.80 -14.94 -16.12 -11.06 -11.85 -99.99 -16.62 -19.94 -16.42 -30.29 -11.12 -99.99 -99.99 -10.65  -5.84 -16.12 -12.04  -5.26   4.00 -10.56 -10.76 -17.54 -11.15 -27.59 -12.75  -8.37  -9.68  -9.53 -14.04 -12.81 -11.73 -15.31 -20.90 -12.31
193010 -16.08  -3.78 -99.99  -1.88  -4.70  -4.56  -9.10  -5.21  -4.10 -11.69 -99.99  -2.88  -4.99 -12.30 -10.11  -3.83 -13.49 -21.42  -9.00 -99.99 -10.75 -18.64 -11.21 -17.11  -9.51 -99.99 -99.99 -11.15 -11.44  -7.97  -8.71  -4.11 -13.46  -5.07 -13.76  -9.77 -12.04 -13.10  -3.03  -6.57  -5.65  -8.59 -10.47  -3.42 -10.36 -16.54 -19.04 -15.79
193011   2.70   0.89 -99.99   3.22  -0.89  -8.13  -6.18  -2.97  -1.69   5.66 -99.99  -4.94  -2.73   0.11  10.75  -4.60  -2.15  -6.85  -1.34 -99.99  -0.72  -3.61   6.01  -5.99   7.08 -99.99 -99.99   4.47  -9.44  -3.43  -8.07  -3.28   7.78  -5.73  -4.33   7.57  -1.60 -15.07   0.27  -5.43   1.83   3.03  -2.40  -7.16  -2.14 -10.21 -11.12  -1.43
193012 -22.10  -3.51 -99.99 -12.23  -3.10  -3.64 -15.45  -4.91  -6.12 -10.66 -99.99  -2.98  -8.10  -4.67 -16.28  -3.83 -11.63 -12.10  -8.83 -99.99  -9.56 -12.02  -1.54 -18.41 -13.55 -99.99 -99.99 -10.73  -8.66 -12.58  -3.62  -3.80 -13.40  -0.68   3.15 -12.17 -11.98 -24.19  -5.80  -7.88  -4.54 -13.17  -8.11   2.80 -10.84 -17.70 -15.20 -11.76
193101  15.81   5.03 -99.99   7.72   6.53  -1.67  16.72   0.79   6.26   2.75 -99.99  10.29   7.51  -0.75  16.67  11.76   4.79  -3.10   2.95 -99.99   5.70   5.02   7.06  22.54   7.67 -99.99 -99.99   7.93  13.94   4.83   6.15   4.79  45.24   6.35   6.18   0.30   5.61  34.04   2.76  11.45   4.62   5.92   6.84   3.87  14.58   5.57  26.70  17.89
193102  13.17   6.85 -99.99  16.70   6.89   7.21   9.00   2.19   4.73  11.17 -99.99   2.97   9.69  13.44  23.33  15.03  13.18  14.51  14.52 -99.99  12.00  25.01  17.35  28.46   5.55 -99.99 -99.99  15.69  -0.64   6.19  15.43   5.95  31.15   2.02  14.23  17.66  14.01  74.60  12.51   2.29  -1.90  16.64  11.16  15.34   6.97  24.46  20.27  13.12
193103 -10.27  -2.07 -99.99 -25.37   0.28  -7.06  -4.97  -1.30  -2.78  -2.11 -99.99  -0.59   2.25  -7.27   9.41  -5.01  -7.68   0.40  -7.23 -99.99  -8.15  -7.95  -4.13  -9.90  -7.14 -99.99 -99.99  -8.60 -12.89 -14.44  -3.26  -3.58  72.50  -2.96  -5.93  -4.31  -6.92 -16.36  -0.35 -10.44  -2.34  -4.58  -5.51 -11.30  -3.97 -18.50  -7.37  19.92
193104  -2.16  -8.77 -99.99 -20.61   2.55 -12.70 -27.78  -7.16  -3.57 -21.97 -99.99  -7.39  -3.03 -12.74 -20.36 -13.76 -12.58 -13.22 -17.29 -99.99 -15.82 -14.60  -7.66 -12.52 -18.24 -99.99 -99.99 -15.31  -9.83 -13.72  -9.95  -4.24 -17.39  -7.75  -8.90 -22.92  -4.45 -25.00  -8.27  -7.14  -4.34  -4.19 -12.72 -12.24  -9.30 -14.47 -17.76 -17.47
193105  -6.76 -12.48 -99.99  -9.44 -11.03  -5.74 -24.97 -10.26  -7.59  -3.27 -99.99 -19.01  -8.43 -12.12  -8.98  -8.80 -16.04 -18.42 -20.64 -99.99 -19.19 -11.45 -15.95 -12.29 -18.42 -99.99 -99.99  -8.82 -18.76 -12.05 -10.78  -8.94 -15.79 -40.38 -18.06 -18.31 -16.56 -21.74 -15.00 -17.18 -15.16  -3.90  -6.33  -5.05 -16.56 -27.74 -21.58  -6.63
193106   8.17  11.15 -99.99  10.64  12.57   6.48  23.85  -0.28   8.83  11.60 -99.99  12.50   9.14  19.61  12.26  10.44  13.81  13.64  19.32 -99.99  12.41  18.56  15.11  23.77  20.05 -99.99 -99.99  10.44  22.50  17.53  12.12  10.20  29.17   9.38  22.41  17.26  15.61  11.11  15.40  16.03   2.71   7.10   5.36  19.00  18.55  16.45  27.08  13.74
193107   0.17  -4.02 -99.99 -10.21  -3.48 -15.63  -8.37  -0.71  -2.02  -1.62 -99.99  -6.46   4.22  -6.41 -11.78  -6.54  -9.30 -13.83 -15.17 -99.99 -12.05 -10.30  -2.33 -10.87  -8.33 -99.99 -99.99  -8.36  -6.51  -2.94  -5.21  -4.88  -6.32  -5.39 -12.15  -6.80  -8.53 -13.33 -12.76 -10.51  -8.09  -0.74  -8.39 -16.26  -8.12  -9.90  -7.92   7.85
193108  -3.69   1.99 -99.99  13.50  -3.49  -2.61   5.95  -5.11  -1.94   2.33 -99.99   5.05  -0.45   1.37  -5.41  -0.54  -3.73  -0.54   0.68 -99.99  -1.71   3.80  -2.63   4.84  -7.40 -99.99 -99.99   3.28  -1.01  10.27  -1.99   0.82   0.58  -4.27   2.83  -1.92   4.89   1.92   0.90  -6.71   1.10   2.22   0.89   5.05  -0.70   6.33  -0.67   2.03
193109 -35.44 -27.97 -99.99 -25.20 -21.31 -27.38 -43.71 -20.79 -27.52 -24.82 -99.99 -26.57 -30.30 -30.32 -32.39 -25.58 -31.76 -34.07 -27.10 -99.99 -33.38 -34.50 -34.90 -40.41 -25.34 -99.99 -99.99 -33.16   7.32 -29.95 -29.84 -21.56 -25.98 -22.22 -34.62 -42.14 -28.52 -39.62 -23.40 -20.59 -26.55 -28.70 -27.03 -33.69 -45.37 -36.56 -39.22 -23.80
193110  -6.80  11.88 -99.99  24.81   6.13   7.50  19.58 -20.00   9.29  10.41 -99.99  17.54  10.38   4.94   4.17   3.62   8.11   2.29   2.12 -99.99   9.11  11.75  12.25  13.29  13.54 -99.99 -99.99  13.76   1.13  15.94  10.44   4.36   5.57   5.11  11.20   8.62   9.55 -15.62  11.56  -3.18   8.01  12.74  10.93  26.16  28.11   8.71   7.14   4.68
193111  -9.25  -2.61 -99.99 -10.74  -6.08  -9.21 -31.05  -8.44  -5.01  -9.98 -99.99  -9.88  -1.62  -5.10  -0.80 -15.32  -8.28 -16.81 -10.12 -99.99  -7.24 -15.88  -3.66  -3.88 -17.65 -99.99 -99.99  -6.75 -25.00  -8.27  -4.66  -6.83 -10.69  -6.07  -4.49  -2.47 -11.93 -11.11  -9.81 -21.41 -18.90  -7.15 -14.60   7.00 -10.68 -14.19 -13.15  -4.94
193112 -16.04 -10.59 -99.99  -7.57  -6.32 -35.54 -29.72 -22.59 -10.41 -18.14 -99.99  -4.66  -4.05  -6.28 -12.50  -7.12 -17.02 -16.91 -25.77 -99.99 -17.38 -14.16  -8.27 -14.11 -18.16 -99.99 -99.99 -14.19  -7.35 -19.07 -13.29  -7.93  -4.90 -19.14  -8.33 -20.65 -12.24 -25.00 -12.17 -14.75 -20.86 -13.54 -13.07 -23.31 -14.27 -23.04 -22.34 -13.59
193201 -12.46  -1.19 -99.99  -5.56   8.16 -14.49  19.82  -4.92   0.90  27.29 -99.99   0.48  -3.34  -5.79   0.00  -0.39  -1.48   2.62   3.30 -99.99   1.33 -14.28  -7.84   9.76  14.25 -99.99 -99.99   1.59   2.10  -5.14  -2.52  -4.04   0.28   0.05  -4.72  -0.86  -3.34  27.78  -0.84   7.85  -0.02   0.37  -4.62  20.55  -0.64   1.25   3.23   6.84
193202  25.93   6.68 -99.99  17.88   3.39  10.23   5.96   0.65   2.72  -5.20 -99.99 -10.22   4.15   8.85  -1.19   2.53  11.50   5.15   5.30 -99.99  -1.31   8.60   2.09  -3.60   4.58 -99.99 -99.99  -0.90   0.05   8.99   6.97  11.63   3.83  -0.59   3.03  -2.58  -1.73  -4.35  11.62  -4.01   3.59   3.13   7.60  15.59   6.86   7.58  15.93   5.40
193203 -12.34  -6.61 -99.99 -10.60  -4.33  -7.44 -22.72 -12.58 -12.92  -5.46 -99.99  -1.45  -7.36 -11.44 -11.11  -8.17 -14.13  -9.73 -16.49 -99.99 -12.60 -17.16 -22.21 -29.38 -17.08 -99.99 -99.99  -7.44  -3.56  -0.18  -9.51  -9.90  -9.00  -2.52  -7.89 -19.57  -4.96   6.82  -8.38 -17.65 -44.47  -7.98  -7.04 -17.25 -12.53  -0.58 -15.92 -13.74
193204 -15.70 -12.91 -99.99  -9.88  -9.89  -3.01 -25.41 -12.53  -5.81 -16.10 -99.99 -19.79 -19.92 -33.31 -30.56 -16.09 -15.43 -19.06 -19.83 -99.99 -20.43 -22.93 -28.58 -13.57 -15.50 -99.99 -99.99 -14.87  -3.17 -13.92 -15.59 -12.38 -31.71 -10.83 -19.43 -25.11 -33.22 -44.68 -29.25 -24.81  -4.96 -14.53 -19.68 -15.49 -41.48 -21.54 -14.76 -13.25
193205 -36.45 -22.67 -99.99 -24.73 -21.36 -43.32 -44.54 -25.27 -13.80 -16.94 -99.99 -25.20 -35.63  -9.99 -19.60 -19.40 -18.09 -19.91 -23.03 -99.99 -21.08 -33.83 -18.49 -28.05 -22.99 -99.99 -99.99 -11.19 -27.34  -4.55 -26.83 -10.80 -15.44 -12.70 -12.58 -14.49 -18.46 -38.46 -15.40 -33.73 -34.96 -30.25 -26.44 -30.80 -33.85 -52.56 -29.23 -14.92
193206   8.76  -0.01 -99.99  19.26   5.93  -9.16  13.91 -20.00 -13.63  10.64 -99.99  21.52   9.18  -5.01  -7.69  -7.92   3.66  -5.96   2.22 -99.99  -5.54  10.20  -7.59   8.27  10.44 -99.99 -99.99  -9.51  -0.82   5.98   1.54  -9.55   8.85 -19.45   0.40  -3.24   1.57 -56.25  -3.46  -2.95   5.30  -2.78   0.67  15.90  20.81  -8.10   3.57  -1.14
193207  91.34  27.59 -99.99  19.14  24.96  58.23  63.93  38.87   9.43   2.85 -99.99  16.49  31.53  28.78  41.67  32.64  36.56  27.71  62.24 -99.99  43.70  55.41  44.71  40.59  46.41 -99.99 -99.99  45.57  20.69  34.96  29.18  16.67  11.78  32.51  23.01  38.18  13.10  42.86  21.18  61.24  15.23  27.61  25.38  34.33  61.16  26.73  53.78  27.36
193208  22.49  23.84 -99.99  38.35  17.66  14.66  69.84  29.69  24.13  54.18 -99.99  26.15  38.64  36.33  98.43  56.14  32.34  60.73  58.80 -99.99  51.94  50.03  48.37  71.96  32.36 -99.99 -99.99  31.74  16.58  17.30  43.16  28.16  31.20  16.61  34.75  64.67  25.42 300.00  42.60  65.39  55.53  34.73  24.68  30.87  40.65  47.72  67.18  26.83
193209 -18.56  -0.09 -99.99  -2.83   0.17   5.17 -11.16   4.60   1.38  -9.20 -99.99  -0.96 -14.01   5.65 -24.00 -10.35   3.02  -8.12 -10.06 -99.99  -4.08  -6.03   5.77  25.62   1.12 -99.99 -99.99  -4.15 -17.01 -10.32  -4.61   0.25 -16.14  -2.69  -6.74  -5.68  -0.90 -35.00  -3.19  -2.45  25.83   0.29   1.50  -1.17  -7.43  -8.38  -7.44  -4.17
193210 -19.37  -8.84 -99.99 -12.13 -13.80 -17.04 -26.15 -18.37 -10.03 -11.56 -99.99 -14.53 -19.95 -16.21 -15.79 -14.06 -14.08 -23.67 -15.67 -99.99 -22.40 -21.29 -24.66 -21.21 -21.22 -99.99 -99.99  -8.60  -9.79  -3.01 -10.88  -8.12 -17.63 -10.87 -14.92 -31.67  -5.07   0.00  -3.94 -19.62 -19.42 -11.20 -14.33  -2.80 -25.44 -10.13 -17.66  -6.79
193211  13.61  -7.64 -99.99  -5.15  -8.33   6.90 -10.84  -1.55  -4.85  -5.53 -99.99  -0.67   7.14  -1.65 -16.88  -9.39  -5.71  -7.98 -22.69 -99.99  -6.55  -9.37  -2.67 -10.14  -4.54 -99.99 -99.99   1.56  11.93  -4.10  -3.38  -1.12   0.85  -4.65  -6.42   2.82  -3.88   0.00  -2.98  -9.49 -10.23  -5.10  -6.52 -15.04   8.77 -12.34  -3.23  -8.10
193212  13.70   6.07 -99.99   6.23   0.92 -21.62 -12.42 -10.71   0.17   3.63 -99.99  -8.63   9.96  12.92   1.92  -5.22   2.46  -8.87  -8.01 -99.99   2.91   7.56   5.22  21.15  -3.86 -99.99 -99.99  -1.42  -1.00   0.28   9.11   3.67 -13.97  -1.87   4.33  -2.11  12.12 -38.46   9.18   5.94  -9.88   7.08   3.64   3.95   5.09 -17.29  10.78  -5.06
193301  18.92  -0.34 -99.99 -14.92  11.56 -10.93 -25.44   1.01  -2.54   4.82 -99.99   2.11  -1.60   3.93   7.55  -2.32  -2.12   4.04   2.45 -99.99   6.73   0.41   0.76  -1.84  21.50 -99.99 -99.99   0.15   3.77  -2.99  -4.46   0.30  -4.17   8.14   2.17  -2.54   6.85  -6.25  10.62  14.44  -6.09  -2.74   8.97  30.95   8.33   9.58  -2.48  -3.84
193302 -10.22  -9.30 -99.99 -10.48  -8.40  -9.39 -20.50 -18.25 -15.68 -11.14 -99.99 -17.96  -9.39 -16.46 -20.70  -9.53 -14.82 -26.54 -16.59 -99.99 -23.40 -22.41 -24.87 -26.72 -10.91 -99.99 -99.99  -9.57  -6.76 -13.68 -19.69  -7.78 -25.65 -12.80 -14.98 -18.46 -12.82 -26.67 -12.82 -16.38  -7.37 -15.81 -18.14 -21.49 -22.74 -27.88 -19.31  -0.95
193303  27.55  11.37 -99.99  24.54   7.93  52.94 -15.60  10.07  11.42   4.84 -99.99   8.63  -5.02   5.20  13.64   1.16  13.87  -0.36  14.60 -99.99  24.02   7.29   9.62   9.25  15.33 -99.99 -99.99   8.61   2.25   4.16 -12.68  -5.83  -5.60   4.20   3.26   2.73   3.92  81.82   6.68   7.02   0.06   8.02   0.93   6.04 -16.85   5.15  -7.33  -1.06
193304  42.64  32.77 -99.99  28.43  33.30   0.00  66.24  55.95  52.20  48.67 -99.99  21.36  40.31  46.99  84.00  57.05  38.13  37.13  80.72 -99.99  48.74  59.62  81.93  44.43  50.16 -99.99 -99.99  28.46 -24.45  39.16  24.76  13.19   7.72  12.57  53.35  52.03  24.40   0.00  43.44  27.81  44.09  37.75   9.72  42.31  73.70  49.15  37.15  38.23
193305  13.31  11.09 -99.99  89.18   9.20 140.38  49.04  15.99  19.52  37.05 -99.99  14.00  25.77  28.67  46.96  44.77  41.82  59.88  23.10 -99.99  29.95  18.73  25.21  24.29  26.39 -99.99 -99.99  33.30  16.65  17.35  19.26  17.37  84.76  20.47  21.69  48.48  20.00 230.00  14.71  32.44  59.21  15.74  23.71  23.32  30.39  46.87  24.48  41.12
193306  19.72  13.15 -99.99  35.33   4.65  27.07  15.25  32.16   4.15   8.78 -99.99   8.50  11.03  11.70  -1.49  33.17  21.33  11.23  11.04 -99.99  14.73  10.27  19.81   7.11  26.29 -99.99 -99.99  14.16  18.09  12.14  15.60  10.48  -5.79   8.46  18.07   0.17   6.73   9.09   5.31  13.70  47.71  16.18  11.58  18.30  14.59  39.18  18.43  19.98
193307  -9.05  -7.99 -99.99 -15.01  -2.17 -26.99  -4.98 -21.03  -7.43  -5.64 -99.99 -12.56 -19.90  -9.27 -26.52 -18.38 -14.33 -19.34 -10.13 -99.99 -19.99 -11.32  -6.71 -13.14 -17.78 -99.99 -99.99  -9.52 -11.05 -11.60 -13.54  -4.35  -9.71  -7.37 -13.17  12.11  -7.88  -4.17  -5.57  -4.48 -12.66 -13.62 -16.19 -18.65  -5.15 -26.53 -11.90   4.79
193308  19.43   8.07 -99.99  33.23  10.16   9.93  29.59  24.51   9.78   4.64 -99.99  -2.27  -0.14  21.09  45.57  13.59  14.02   6.85  11.54 -99.99  19.67  13.45  19.88  22.69  24.52 -99.99 -99.99  18.53   7.76  19.08  -1.30   4.50   7.37  -2.02  12.02   8.73   9.87 -17.39  10.71  15.65  12.60   7.24   8.01  22.69   8.43  14.97   6.93  18.08
193309 -12.35  -8.40 -99.99  -5.76  -3.69 -10.52  -8.13 -22.99 -12.93  -6.27 -99.99  -2.31  -2.73  -7.72  -5.71 -13.61 -13.83 -30.11  -8.78 -99.99 -15.73 -19.32 -15.11 -19.67 -11.63 -99.99 -99.99   4.28  -3.56  -2.05 -19.82  -3.55 -16.50 -13.63 -14.35 -10.45  -7.49 -17.54  -4.14 -20.08 -21.30  -8.44 -12.29  -2.90 -15.39 -18.27 -20.45 -11.54
193310  -1.36  -8.26 -99.99  -3.14 -11.49 -30.77 -10.86  -3.63  -4.55  -8.66 -99.99  -8.14  -5.74  -4.50 -15.15 -11.21  -6.39  -8.15 -12.67 -99.99  -5.37 -10.93 -10.24 -12.89 -13.60 -99.99 -99.99  -4.88 -10.00  -4.53  -7.75  -7.18 -10.99  45.87  -5.22 -13.01  -7.19 -36.17  -2.67 -12.54  -7.12  -8.45 -16.99 -11.48  -5.37 -15.73 -15.06  -5.03
193311  11.30   4.86 -99.99  -7.32   4.41  14.50   5.02  -4.18   8.28   9.43 -99.99   5.99   9.63  15.60   4.64   1.81  10.35   0.63  11.16 -99.99  13.35  12.07  25.63  17.41  10.21 -99.99 -99.99   1.42   4.35  14.84  -2.68   5.61  -1.07   3.11  17.74  12.64  10.39  -3.33  10.55   6.37   7.57  14.18   6.31   5.44   0.48  11.86   7.95  10.89
193312  -6.71  -2.93 -99.99  -1.04  -4.81 -11.42  -2.73   3.17  -4.53   3.81 -99.99 -19.71 -10.60   6.74  16.38   7.39   3.53  -2.79   5.01 -99.99   2.30   0.54   9.55   1.58  11.25 -99.99 -99.99  -0.32  -1.32  -1.09   1.48  -3.75 -15.64   0.74   0.82  26.45   4.31  24.14   3.17   6.96  -7.43   6.47  -0.57  11.50  -0.23   7.09   2.92   5.01
193401   9.22  10.99 -99.99  15.40   6.64  28.79  14.94  22.69  11.10  23.37 -99.99  30.49  15.39   4.63  18.52  28.90  16.60  36.47  12.79 -99.99  18.72  17.38  13.02  52.33  12.99 -99.99 -99.99   2.57  27.81   8.34  20.58   5.96  66.79   8.43  10.98  40.05  10.34  16.67   4.26  20.65  24.81  20.93  31.49  30.33  33.22  29.06  22.15  11.27
193402  -0.36  -6.62 -99.99 -12.46  -3.09  -1.47  11.29  -0.43  -0.77  -3.22 -99.99  -7.41  -3.13  -2.63   1.88   1.27  -6.04  -6.63  -1.92 -99.99  -4.06  -8.20  -2.55 -18.15  -3.14 -99.99 -99.99   1.44   3.12  -3.44  -1.81   2.14  -0.44   2.37  -5.04  -2.61   1.26   2.38   2.24  -3.17   5.97   2.59   6.11  10.60  -2.13  -9.51  -4.56   6.30
193403   6.06   1.76 -99.99   3.10  -0.64  -2.91   5.02   8.91  -5.59   0.94 -99.99   0.17  -0.81  -0.89  -2.48  -3.80  -1.61  -3.83  -1.20 -99.99  -0.33   6.49  -0.38   1.45   0.07 -99.99 -99.99   4.48  -8.43  -1.13  -1.80   1.27   5.33  -1.87  -5.00  -3.45  -3.31  30.23  -1.48   0.08   1.99   3.30   7.13   4.41   2.23  -2.36  -1.25  -0.78
193404   8.15   2.73 -99.99  -1.12   4.17  19.43  -4.78   8.56  -0.20  -4.62 -99.99  -1.43   8.98  -3.18   1.91  -2.06  -0.75  -7.72  -4.71 -99.99  -4.19  -4.40  -6.51  -8.65   0.88 -99.99 -99.99  -3.08  -5.04  -2.02  -3.84  -1.25  -0.79   3.72  -0.24  -0.71   7.20   8.93   3.03  -1.42   2.09  -0.41  -6.32   2.48   2.98  -8.55  -2.03  -2.21
193405  -2.86  -3.86 -99.99 -17.44   1.36 -11.72  -0.87  -8.65  -5.74  -5.42 -99.99  -5.26  -0.01  -7.04 -11.25 -13.03 -10.35 -14.96 -12.42 -99.99 -13.12  -8.13 -13.11  -8.79 -14.16 -99.99 -99.99   0.20   4.58  -4.52  -7.84  -4.30  -7.74  -2.61  -7.61 -11.79   2.82 -22.95  -7.60  -8.90  -9.18  -7.13 -13.65  -9.25  -5.68  -7.26  -8.33  -7.01
193406   3.52   3.87 -99.99  -3.01   5.15 -14.30 -13.87   0.47   5.22   1.80 -99.99   2.01   2.08   4.48  -2.86  -1.60   5.16   2.55   6.33 -99.99   2.49   1.41  -2.85  -5.01  -2.60 -99.99 -99.99   3.86   1.18   1.17   4.40   1.32  10.25   1.57   7.86   4.70   3.01 -25.53   4.33   3.30  -2.89   2.29  -3.00  10.54   3.71  -7.79   4.17   8.45
193407  -7.74  -5.13 -99.99 -24.98  -0.95 -20.44 -24.98 -15.51  -7.65 -14.06 -99.99  -6.22  -1.61  -5.12  -8.82 -22.52 -16.04 -26.59 -16.04 -99.99 -18.12 -14.24 -14.30 -19.06 -16.40 -99.99 -99.99 -11.16 -21.28  -9.42 -17.45  -4.33 -23.81  -9.31 -12.41 -13.59  -0.51 -20.00  -3.26 -19.34 -15.34  -7.08 -16.92  -8.27 -11.42 -26.59 -17.52  -5.37
193408  10.68   3.96 -99.99  14.09   3.69   2.83  23.09   3.19   5.95   1.52 -99.99  -2.68  -3.04   6.21  12.10   7.33  10.65  10.84   8.82 -99.99  10.55   7.19  11.19   9.11  -0.07 -99.99 -99.99  10.04  22.91   6.09   1.91   2.55   8.09 -30.57   6.80  14.54   2.84  25.00   4.99   3.13   9.13   6.32   8.27   9.68   0.44   8.59   4.82   6.29
193409   2.11  -2.01 -99.99  -1.56   2.58  -8.81   9.95  -0.72  -2.09   3.65 -99.99   4.17   0.45   0.67   0.36   4.13  -2.57  -0.27  -4.39 -99.99   2.63  -0.83   0.59  -4.48  -0.17 -99.99 -99.99  -3.29   5.88  -2.22   1.67   1.90  -7.09   0.46   0.15   3.06   1.00 -25.71   1.52   0.33   0.39   1.14  -2.73   0.18   3.08  -2.87  -4.71   0.33
193410  -5.82  -0.43 -99.99   3.02   2.90  -7.35  -4.20   0.57   5.97  -0.25 -99.99   6.15  -1.34   0.29   5.45  -8.01   3.71 -15.09  -5.90 -99.99   1.87  -4.73  -2.52  -4.00   5.31 -99.99 -99.99  -5.90 -11.07  -5.02  -7.79  -1.58   2.57  46.33   6.86   1.77   5.76   0.00   1.51  -3.31   7.98   1.23  -3.11   8.33   8.79 -10.34  -2.40   2.65
193411   2.54   7.72 -99.99  19.96   9.08  26.90  12.91  15.90  10.11   9.40 -99.99   8.02   3.58   8.77  16.55  18.40  15.16   8.39  13.18 -99.99  21.69  15.59  17.66  29.11  17.32 -99.99 -99.99   0.16  15.05   7.07  -0.22  -1.73   0.43   4.00  12.57  17.33   6.40 115.38   7.96   5.77  11.48  10.42  10.84  13.46  13.16  17.11   5.49  16.13
193412   5.54  -0.55 -99.99   1.96  -2.99 -13.95  -0.21  -0.05   1.18   5.31 -99.99  -0.16   0.68  -0.25   2.99  -0.48   1.44 -10.24   4.19 -99.99   8.30   5.41   3.53   5.21  -0.57 -99.99 -99.99   1.91   0.40   0.69  -8.72  -0.59  20.42 -29.60   0.20  -0.92   1.34  10.71   4.44  -0.36   2.85  -1.29   4.47   4.05  -1.89   2.40   1.34  -1.78
193501  -3.41  -0.10 -99.99  -7.87  -2.10   0.67  -7.85  -4.21   1.12  -1.81 -99.99   1.49  -1.06  -1.35  -7.56  -4.86  -2.75  -8.33  -5.87 -99.99  -0.84   2.64  -9.16  -5.37  -1.30 -99.99 -99.99  -5.56  -1.62  -4.29  -3.06  -0.45 -11.58  -6.30  -2.43  -8.70   0.45 -22.58   1.33  -7.64 -10.52  -4.29  -4.94   1.13  -5.63  -5.56  -8.51  -5.08
193502  11.15   2.02 -99.99   1.65   0.84 -11.35  -3.84  -0.51   3.69   0.38 -99.99  -0.80   4.73   0.04  -3.14  -9.42  -3.40 -17.44  -6.67 -99.99   0.61  -2.28  -3.42  -7.62  -8.78 -99.99 -99.99  -1.62   1.97  -3.58 -12.04   1.04  -9.38   2.93   2.26   5.67   7.44 -33.33   5.86  -6.82  -2.30  -1.27  -2.97   3.38   0.48  -5.69  -4.53  -2.28
193503   2.01  -4.68 -99.99  -0.91  -5.86  -1.83  -4.67  -5.96  -5.16  -7.01 -99.99  -0.67  -3.40  -3.05  -7.57 -12.46  -6.87   4.09  -4.23 -99.99  -6.85  -6.19  -6.31  -6.85  -9.35 -99.99 -99.99   2.70  -4.43  -3.71  12.23  -0.70 -15.08   3.58  -2.02   9.60  -0.10   3.12  -2.33  -9.12  -8.34  -4.98  -2.45  -1.60  -7.57 -21.41  -0.55  -5.04
193504   4.89   3.78 -99.99  -3.94   9.00   2.73  10.39   7.24   5.98   3.26 -99.99  -4.47   4.05   8.72   8.19  13.51  10.42  17.97  14.25 -99.99   9.06   9.09   5.35  14.29  -7.85 -99.99 -99.99   9.47   4.12  15.62  10.92   9.14  15.95   6.12   8.49  12.57  15.24   3.03   3.94   9.79   3.40   6.38  -5.05   3.44   8.15  13.62   7.83   8.02
193505  -1.00   0.39 -99.99  -1.68   2.24   7.92  13.35   3.86  -0.67   5.74 -99.99   4.83  -4.81   3.02  -4.61   3.63   3.55  12.00  -0.35 -99.99   2.91   3.72   2.78  -8.38   8.49 -99.99 -99.99   3.23   2.71   3.79  13.67   8.38  -4.83   6.51   1.06   2.40   1.09  82.35   2.51   2.56  -1.38   3.43   1.26   3.08   8.37  13.70   5.44   5.66
193506   2.21   7.29 -99.99  10.85   4.36  -9.51   9.72   1.08   2.28   3.67 -99.99   7.00   3.87   6.15   2.10   5.31   7.77   2.93   2.95 -99.99  11.86   9.11   9.94   7.29   8.15 -99.99 -99.99   0.92  -1.11   1.49   9.10   5.36   3.40   6.87   7.20  11.00   6.27  -6.45  10.54   7.60   0.98   3.93   4.18   6.16   9.46  -8.40   7.69   5.30
193507 -15.26   1.67 -99.99   2.40   7.57  -5.19   3.08   2.85   7.42   1.73 -99.99 -10.85   4.81   5.01   6.85  13.33  11.58  27.59  18.52 -99.99  15.47  14.09  18.70  12.97  16.70 -99.99 -99.99   2.80   8.85   0.03   9.41   5.74  37.20   0.67   1.44  12.68   0.68  10.34   5.77   8.83   0.85   6.61   3.26   4.10   8.40  18.17  11.50   3.72
193508  -1.40  -3.53 -99.99   9.77  -0.06  26.21  13.09  -5.44   0.34   3.81 -99.99   5.60  -0.16   5.02   5.13   0.47   0.80  10.86   6.22 -99.99   2.32   4.65   8.79   8.29  -7.74 -99.99 -99.99   4.69  -4.03  -1.94   7.20   4.06   3.96   9.36   1.03  -1.94   0.17   0.00  -2.96   1.01  13.48   3.53   5.74   3.17  -0.51  10.35   8.77  -0.50
193509  -5.11   1.55 -99.99   8.02   1.58   9.10   9.25  -0.12  -0.03   1.53 -99.99   0.04   1.40   6.94  10.49  19.97   2.40 -11.72   4.11 -99.99   5.88   8.32  10.85   5.14 -12.27 -99.99 -99.99   1.34  -0.03  -3.39  -1.65   4.29   0.03   3.34   5.54  10.03   6.59  50.00   2.50   1.00   2.96  -0.27   2.84  -1.85   1.94  -5.13  -2.54   3.18
193510   2.91   6.50 -99.99  16.36   1.57   2.45   3.93   8.52   1.58   0.23 -99.99   7.56   6.03   4.00  10.34   5.50  12.47  49.83   5.77 -99.99   8.26   8.01  13.70  -0.51  12.96 -99.99 -99.99   0.42   1.06  13.87  14.60   3.09  -0.04  56.66  13.74  19.77   6.24 -99.99   4.36  -0.84   5.20   4.36   5.69  -6.52   4.10  29.16  17.73   6.44
193511  -0.61   2.16 -99.99  -2.37  -0.50  47.79  13.69   9.14  -2.58   6.17 -99.99  -0.13   1.79   2.27  16.46   1.36   5.89  -5.75   7.17 -99.99   5.23   8.52   3.68  14.46  11.84 -99.99 -99.99   9.37   2.87   2.60   0.82   9.71  20.28  10.98   3.04   6.83  -3.31 -99.99   0.90  14.58  12.03   2.44  17.14   4.81   1.52  17.23  20.23   7.50
193512  -1.80   4.40 -99.99  -1.35  -0.36  -6.61   1.43  -0.62   3.72   5.92 -99.99   3.16   2.50   1.16   5.70   3.92   8.68  26.34   4.53 -99.99   3.93   4.43   6.23  21.67   5.73 -99.99 -99.99   7.38  15.32  14.29   5.61  -0.16  -1.94   0.95   3.43   4.08  -1.79 -99.99  -4.19   3.08  -0.19  -0.90   1.56  -2.83   2.51  26.77   9.44   0.79
193601  14.49   2.20 -99.99  -6.39   3.33  -0.17  13.11   1.73   2.94   2.95 -99.99   9.54   3.34   5.44  -1.24  12.36   6.20  17.62   6.65 -99.99   7.87   7.43   4.12   2.32  13.70 -99.99 -99.99  10.79  -8.60  14.04  12.64   4.17  -0.03   5.15   4.43  22.98   1.04 -99.99  -5.67  15.44   8.10  -4.38  18.96   4.79   2.46  11.85   7.36  -0.29
193602  -3.78   3.00 -99.99   9.21  -3.25  16.44   2.63  -3.13   0.72   1.49 -99.99   6.33   3.00   3.40   3.36   3.29   5.82  -6.37  10.51 -99.99   6.71  -0.91   3.93   4.33   9.90 -99.99 -99.99   3.74   3.46   1.17  -6.41   6.56   6.32  -0.99   5.41  -2.16   1.74 -99.99  -0.36   4.64  -2.95   0.43   6.23  -1.81  -1.54   1.29   0.27  -5.72
193603   0.30  -1.37 -99.99  -0.84  -4.09  -1.22  -5.57   3.24   1.74  -0.67 -99.99   2.93   3.84   3.01  -0.41  -0.34  -0.33  10.26   1.91 -99.99   7.60  -0.54  10.35   9.49  -7.24 -99.99 -99.99  -4.93  -1.86   1.85   0.70  -3.36  -2.21   0.32  -3.04   2.47   5.76 -99.99   0.90  -2.92  -1.02   2.07   4.04   3.62  -4.89 -13.20  -3.73   1.93
193604  -4.41  -4.62 -99.99 -10.45  -2.50 -14.17 -11.55  -9.59  -8.93  -7.81 -99.99 -15.19  -8.72  -6.70   2.48 -11.13 -11.43 -10.96 -10.77 -99.99 -10.78  -9.39  -9.84 -14.93 -10.30 -99.99 -99.99  -6.29  21.51 -10.29  -8.35  -5.65  -5.14  -5.67  -8.21  -3.06  -6.84 -99.99  -1.86  -7.42 -11.80  -3.96 -11.53   6.35 -10.79 -25.37 -11.44  -9.42
193605  11.69   5.58 -99.99  -1.24   4.70  -3.63  -1.52  -0.55  -0.81   2.68 -99.99   4.67   4.88   6.71  11.69   1.58   4.59  11.09   6.61 -99.99   8.09   6.78   4.12  12.39  12.43 -99.99 -99.99   3.60   1.48  -0.58   9.60   6.45  18.20   3.75   1.14   2.73   3.03 -99.99   2.99   6.70   8.65   3.47   5.94  30.82   8.22  11.49   6.14  -1.91
193606   0.73   3.11 -99.99  -4.30   2.73  -1.65   4.07  -2.13   4.54  -1.42 -99.99  -2.92   1.60   3.30  -7.66  -0.65  -0.22   0.08  -1.10 -99.99   1.55   0.88   6.85  -6.27   1.96 -99.99 -99.99  -1.95  -0.33   1.81   3.69   2.42   7.45  -4.50  -0.17   1.70   5.73 -99.99   0.50   2.10   2.96   6.96   1.61  -5.20   5.70  -0.14   8.57  -3.41
193607   8.30   2.09   6.01   6.78   3.07  13.08  12.75   6.78   2.00   1.81 -99.99 -11.96   5.39   8.99  10.67   8.53   9.49   6.51  10.55 -99.99   1.33  14.51   5.02  17.44   6.35 -99.99 -99.99   6.63   8.21   4.58  11.80   2.44  29.63 -20.34   5.79  13.46   6.35  29.03  -1.59  12.41   9.62   4.33   9.85   8.39  -2.50   1.09   8.04  -2.31
193608  -2.97   1.34   4.64   9.12  -0.03   9.03   7.63   5.05   0.52  -0.39 -99.99   2.80  -1.58  -1.29  -4.64  -1.99   1.95  -3.34   6.27 -99.99   1.00   4.28  -0.44  -1.54   7.50 -99.99 -99.99   1.94   4.90  -0.75  -1.08   1.76   6.60   5.15  -3.30   4.85  -1.67  -2.50  -2.83   2.03   2.91   2.35   2.32   1.77  -0.56   7.38  -0.58   2.13
193609  -7.35  -0.86  -2.46   1.68  -0.80  29.28   3.45   1.98   2.17   1.13 -99.99   0.92   0.72   1.83   6.06   5.02  -0.51  -1.99   1.25 -99.99   4.06  -2.43   3.25   7.06   6.14 -99.99 -99.99  -2.43   4.60   1.37  -2.20   0.35  22.54   6.49   6.95   3.58  -3.53   2.14   2.01   0.82   4.69   6.12   8.65   9.01  -3.29  -9.37  -0.33   2.03
193610   5.90   4.14  33.33   2.61   1.13   4.82   8.40   5.26   9.26   6.12 -99.99   3.26   3.76   5.64  -1.43   8.22   6.42   8.28  12.44 -99.99   8.05   6.56   5.27  -3.77   1.24 -99.99 -99.99  21.98  -0.39  12.33   5.76   5.08  19.83   0.79   4.85   7.32   1.33  -4.60   3.84   6.69   6.41   9.47   4.81  -2.06   6.60  16.82   9.81   3.18
193611   6.90   4.44   0.00   8.04   3.21  12.23  12.52   2.03   2.88   6.33 -99.99   5.43   3.31   5.10   7.61   7.17   7.84  22.69   4.62 -99.99   5.77   5.58  -0.93   6.80   7.62 -99.99 -99.99   3.83   3.81   1.61  -3.15   3.87   5.39   4.39   5.63   2.23   5.39  11.40   3.32  -3.80  15.06  11.00   9.91   3.06   9.55  42.28   6.85   7.11
193612   0.25  -0.51  -7.03  -5.66  -2.77   3.54   4.12  -2.48   3.66   1.96 -99.99  -6.20  -1.92  -2.30   2.74   2.16   0.70  16.73   4.41 -99.99   5.09   3.28  -7.34   1.50   9.66 -99.99 -99.99   2.14  -0.39   9.31  -1.73  -0.39  -5.51   2.75   3.82  -1.04  -1.94  25.20  -0.85  -2.03  -1.76  -8.67  -4.87  -5.80  -0.81  15.18  -1.61   5.34
193701   0.06   2.51  -3.45   1.47   2.70   1.59   4.96   1.07   8.65   4.12 -99.99  15.44   3.02   1.83  -5.33   7.81   9.09   4.19   6.25 -99.99   4.36  12.26   7.33   5.30   4.50 -99.99 -99.99  -0.49   2.52   2.37   2.24  -0.85   7.41   0.70   0.40   6.41  -4.00   2.52  -0.75   1.12   5.21   0.54   0.69  -0.87   0.52  12.30   0.82   6.28
193702  -0.82   2.54  -7.14   6.77  -1.85  -0.94   0.81  -1.50  -1.23   3.05 -99.99   4.90  -4.13  -0.71  -2.46  -0.70  -2.83  -3.51  10.80 -99.99  -0.25  -2.33  -0.14   0.30   0.37 -99.99 -99.99   9.91   0.35   1.33  -4.23  -3.05   8.58   4.62   2.58  -1.18   0.82  13.50  -2.23   5.93  -4.67   2.45   4.81  -5.57   0.65  -4.81   1.72   6.47
193703   6.40   1.90  -2.88   4.15  -6.81   2.17   1.12  -6.53  -1.48   1.32 -99.99  -4.80  -5.03  -1.92  -6.20  -3.79  -0.14 -13.18   5.81 -99.99  -0.62  -4.88  -3.01  -3.40  -4.96 -99.99 -99.99   6.24   6.63   3.30  -6.33  -2.09   3.40  -6.93  -6.10   5.72  -2.29  -9.19   3.58   5.10   2.73  -3.65  -4.39  -1.86  -6.58 -13.75  -3.86  -2.07
193704  -5.19  -7.49 -16.34  -8.94  -4.06 -15.39  -4.11  -9.73  -2.10  -1.75 -99.99  -2.08  -3.38  -4.82  -6.61  -8.62  -9.74  -9.95 -15.19 -99.99  -3.56  -7.67  -8.07 -14.05  -9.07 -99.99 -99.99 -14.72 -10.20  -5.36  -7.31  -5.23  -9.89  -9.94  -8.07  -8.55  -6.10  -0.60  -7.29  -4.74 -10.63  -5.95 -12.49  -2.60  -6.43 -17.34  -8.24  -8.01
193705  -0.87  -0.17  -2.99  -0.17  -0.02   4.41  -1.28 -11.89  -2.69  -1.48 -99.99  -3.73   1.86   2.36  11.25  -1.98   2.06 -13.69   0.76 -99.99   1.09  -0.98  -2.16  -3.99   0.13 -99.99 -99.99  -1.37  -1.99  -0.04  -5.27   1.52   2.65  -2.61  -0.24   3.37  12.18  -2.04   0.84  -3.85  -0.97  -6.74   2.30   2.96  -0.56  -5.20  -7.19  -0.59
193706  -4.81  -2.91  -7.72  -6.97  -1.72 -15.28  -7.67 -11.26  -4.29  -8.09 -99.99  -7.68  -3.94  -3.13  -3.03  -7.88  -7.90  -8.84  -2.21 -99.99  -3.44  -0.55 -10.68  -1.70  -9.04 -99.99 -99.99  -5.01  -9.82  -2.61  -5.27   1.40 -10.97  -3.85  -6.92  -8.76   1.01   4.01  -5.13 -11.48   0.25  -1.69  -7.48  -4.20   0.88  -9.57  -6.39  -2.69
193707   0.47   3.64  11.19   7.94   7.17   6.34  14.52  -2.72   8.47   5.43 -99.99   6.01   4.06   5.29   5.47  12.56  11.76  29.69  12.86 -99.99   9.95   9.59  12.96  11.02   3.94 -99.99 -99.99   9.67  -6.05   8.61  19.31   3.27  -1.57   8.16  12.87  16.51   4.35   3.97  10.59   4.34   9.11  10.12   5.95   4.18   7.04  17.74  26.59   3.06
193708  -7.48  -1.98  -4.88  -2.45  -2.15  -5.59  -1.99  -1.71  -5.05  -4.00 -99.99  -7.96   1.48  -2.83   8.15  -4.03  -4.41 -14.56  -5.80 -99.99  -3.77  -6.42  -2.37  -7.84  -5.81 -99.99 -99.99  -3.75  -0.32  -6.62 -10.26  -2.54  -1.54  -1.96  -3.25  -2.66   3.33  -2.28  -2.82  -7.00  -3.98  -5.15  -4.51  -3.01   0.46  -7.74 -24.96  -1.08
193709  -4.46 -11.44 -16.67 -11.13  -3.78 -26.10 -15.20 -20.69 -11.26 -18.47 -99.99  -9.76 -10.81  -9.55 -16.67 -23.40 -19.49 -26.77 -24.78 -99.99 -16.25 -15.83 -12.61 -22.64 -25.25 -99.99 -99.99 -18.11  -6.19 -13.07 -11.70  -2.08 -20.44 -10.62 -10.84 -21.27  -4.84 -25.35 -10.34 -16.03 -20.14 -12.70 -14.60 -10.94 -16.91 -25.21 -16.35 -17.93
193710  -9.94  -7.20  -7.94  -9.82  -4.39  -7.99 -10.61 -14.42  -7.75 -11.16 -99.99  -3.56  -3.58 -11.99  -5.00 -13.26 -14.06  -8.80 -17.24 -99.99 -16.82  -7.01 -13.21  -7.45 -14.23 -99.99 -99.99  -0.08  -5.66  -6.85  -4.94  -5.36 -23.88  -5.96  -9.17 -20.23  -4.00 -14.17  -5.86 -14.21  -7.52  -6.02  -5.78  -7.95  -4.38 -10.00  -9.78  -9.20
193711  -9.42  -5.10  -1.72  -3.33  -4.70 -17.48 -19.44 -12.98  -8.94 -16.10 -99.99  -8.97  -5.00  -9.60 -18.86 -17.01  -5.56   9.19  -8.42 -99.99 -12.90  -2.15 -15.61  -7.41  -5.00 -99.99 -99.99  -2.36  -4.19 -11.56   2.92  -3.59 -14.68  -4.48 -10.72 -12.59  -8.63   3.59 -12.66  -7.08 -10.65 -14.91  -6.44  -9.88  -7.61   0.00  -6.00  -6.46
193712   6.30  -2.99  -9.65  -7.16  -0.71  -7.83 -11.88  -7.19  -4.33  -6.60 -99.99 -16.99  -1.55   1.00 -13.26 -10.73  -9.67  11.20  -1.50 -99.99  -4.39  -3.29 -16.23  22.92  -0.86 -99.99 -99.99  -1.14  -2.58  -1.32 -10.56  -1.53 -18.00  -4.41  -5.30  -2.03   6.21  -9.42 -14.16  -8.19 -16.12  -6.11  -9.30 -10.98   0.00 -19.12  -5.20 -13.70
193801   8.87   3.53   8.42  -1.28   0.30   0.16   5.53   9.48   5.16   7.12 -99.99   6.12   3.45  -1.87   4.14   3.49  -6.09 -14.65  -1.07 -99.99  -2.55  -3.56  11.98  -4.87  -4.75 -99.99 -99.99   6.31   0.20   0.64  -5.65  -2.44   4.55   2.87   3.96 -13.33  -0.93  -1.63   8.78  -2.03   6.41   7.10   0.56   3.08   2.12  -1.52  -3.08   0.11
193802   2.87   4.54   1.46   9.40   1.73   3.15   2.88  -2.74   2.23  10.86 -99.99  -1.32   8.98   7.59   5.81   8.19  12.29   5.82   7.56 -99.99  10.95   4.31   3.73   4.64  13.84 -99.99 -99.99  -1.07   0.44   9.27   3.60  -2.33   0.82   2.50   8.10  20.81  -1.42   8.90  10.01   7.12   7.38   8.46   8.62   8.41  11.06   4.21   4.24   5.89
193803 -20.32 -16.09 -29.57 -24.58 -12.16 -32.11 -31.13 -27.81 -19.41 -25.39 -99.99 -19.92 -14.22 -22.55 -17.65 -30.81 -26.25 -35.76 -30.30 -99.99 -25.89 -30.84 -27.33 -22.67 -34.37 -99.99 -99.99 -24.24  -7.50 -25.35 -19.46 -17.43 -34.81  -8.26 -17.90 -23.66 -21.21 -28.14 -18.43 -34.51 -24.22 -20.46 -23.63 -22.94 -29.86 -26.09 -25.80 -25.37
193804  18.82  13.13  23.61  12.12  10.21  34.17  22.53  21.25  16.53  10.13 -99.99  15.64  11.63   7.21   5.36  21.95  22.21  33.25  16.13 -99.99  14.81  17.18  14.71  33.95  18.53 -99.99 -99.99  15.68 -19.52  16.44  14.64  13.47  13.41   5.98  10.45  14.05  20.90  23.16  12.12  11.77  13.45  15.55  15.92  14.37  21.13  15.75  17.40  16.51
193805   0.04  -0.39 -10.11  -3.13   1.70 -11.38  -7.19  -9.82  -3.14  -2.74 -99.99   0.41   1.74  -3.82  -8.34  -7.31  -9.94  -7.05 -10.64 -99.99  -9.13  -3.48  -6.82  -5.21  -8.74 -99.99 -99.99  -3.32  -2.21  -5.74   2.36   0.83  -2.08  31.92  -1.55  -2.55  -2.20  -9.99  -1.69  -4.77  -3.39  -4.00  -2.28  -1.22  -1.50   1.04  -9.33  -9.15
193806  10.57  13.02  29.50  17.53  11.34  32.59  30.26  32.73  12.87  23.77 -99.99  17.19   9.79  30.29  19.40  36.11  40.46  35.36  41.24 -99.99  34.31  31.04  35.90  13.59  39.27 -99.99 -99.99  21.72   6.71  21.86  16.83  12.41  47.12   7.92  17.23  38.72  18.54  47.88  20.34  26.93  27.44  22.41  16.68  24.42  31.72  21.33  27.51  34.06
193807  -0.64   5.21  13.24  12.09   7.81   5.17   4.44  12.16   9.55  17.23 -99.99   6.34   5.72   6.12  12.81  16.31   8.65   8.82   6.50 -99.99   5.06   4.75  20.34  10.52   7.84 -99.99 -99.99   8.54   0.02   7.38   0.74   1.28  20.63  11.57  13.24   4.44   4.42  12.85   3.31  11.55   8.60   9.28  13.31  17.16   1.78   6.85   3.56  10.91
193808  -9.07  -4.57  -6.93  -4.86  -2.03  -7.46   3.23  -5.45  -1.78  -1.06 -99.99  -4.60   0.51   0.32  -9.86  -4.36   1.75  -9.32  -3.29 -99.99  -5.38  -0.43   5.90  -4.38  -7.67 -99.99 -99.99  -1.51  -1.58  -8.88  -5.52   0.29   3.49 -11.05  -3.27   4.44  -3.25  -2.68  -4.36  -5.31  -5.45  -2.83  -3.24   0.67  -4.70 -10.03  -8.15   0.91
193809   4.34  -0.27  -0.65  -0.96   1.32   8.85  -1.35  -3.55   1.92  -4.39 -99.99  -5.08   0.10   2.75  -0.93  -0.69   1.08   0.71   2.16 -99.99   0.91   2.23   0.69  -1.25  -2.53 -99.99 -99.99  -1.53  -4.16   0.90   1.23   0.85  -9.49  -0.72  -0.88  -4.51   2.48   7.31  -0.22  -1.64   0.06  -0.60  -1.38   1.06   1.89  -1.39  -1.89   2.74
193810   4.77   5.21  14.42  16.25   3.71  34.08  13.15   6.94   7.68   5.78 -99.99  14.12   5.32   6.78   2.19  12.62   9.22  67.84  14.06 -99.99   8.08  12.18   7.04  27.92  20.11 -99.99 -99.99   5.03   8.51  -1.49  21.09   3.56   7.76   9.87   5.14   9.67   4.02  13.16   8.35  14.28   8.84   7.70   6.81  10.47   5.05   9.10   9.35   3.73
193811  -8.95  -2.68  11.34   2.51  -1.19   0.17  -1.95  -6.83  -4.24  -3.15 -99.99  -0.02   1.50  -0.33  -0.61  -5.63  -4.26 -17.82  -0.86 -99.99  -4.40  -5.93  -1.53   6.70   0.79 -99.99 -99.99  -1.92  -3.13   0.11  -7.00   0.66  -4.60  -6.22   0.21  -7.25  -0.55  -3.19  -5.36  -1.91 -22.52  -0.78   1.56   4.82  -0.20  -8.34  -8.87   4.72
193812  14.97   2.49  -8.68  -4.21   2.98   3.70  -0.24  -1.59   0.93   0.50 -99.99  -2.76   0.95   5.63  -0.31   4.24   5.42  19.91   4.63 -99.99   3.63   2.95   2.08  12.98  15.41 -99.99 -99.99   1.80   0.85   4.34   3.98   2.57  -3.13  -1.94   2.77   7.75   3.47   8.46   4.90  12.02   8.68   0.12  -0.90  -1.61   2.67   4.55   2.89  12.22
193901   1.30  -2.08  -8.55  -8.67  -1.64 -14.58 -12.40  -0.58  -0.01   0.93 -99.99  -3.13  -0.87  -6.62  -5.00  -7.40 -10.87 -13.47 -12.79 -99.99  -8.37  -7.92  -8.37 -10.43 -12.28 -99.99 -99.99  -5.55 -10.25  -6.17   1.29   1.81  -9.00 -12.77  -5.84 -13.37  -5.82 -14.47  -7.24 -11.05  -9.53  -2.60  -6.77  -7.45  -3.23  -9.08  -5.49 -11.31
193902   8.30   3.34  11.21   8.70  -0.25  13.20   3.25  -2.75   2.13   5.13 -99.99  -0.15   3.82   1.05   1.97   4.01   3.21   4.82   4.53 -99.99   5.20   3.85   7.38   3.17   5.21 -99.99 -99.99  -1.71   5.24  -1.22   8.75   3.53   8.71   5.99   1.60   3.83  -1.29   2.05   0.96   7.98   1.06   5.55   5.63   5.88   2.53  -1.13   2.72   1.14
193903  -3.07  -5.73 -11.76 -14.22  -4.14 -14.43 -21.59 -19.76  -5.39 -11.55 -99.99  -6.49  -4.31  -8.09  -5.88 -19.24 -20.54 -36.25 -20.97 -99.99 -16.78 -17.88 -17.69 -20.02 -28.94 -99.99 -99.99 -11.80 -18.22  -8.14 -13.53  -2.20  -9.55 -21.35 -11.30 -22.24  -3.06 -23.07 -11.11 -17.71 -11.13  -8.92 -14.38 -11.05 -10.03 -10.80 -13.45 -19.94
193904   6.49   1.19  -3.40  -1.93  -0.68   4.87   1.55   6.05   0.83  -1.93 -99.99   1.60   0.96  -1.74  -4.51  -2.48  -1.17   2.61  -3.00 -99.99  -0.93  -0.55   0.57   5.48   0.39 -99.99 -99.99   0.27  -0.94  -1.05   2.91   2.75   0.60   3.28  -3.91  -0.64 -10.92  -6.37   0.42  -2.32   0.45  -0.29   1.21  -5.19  -0.58   0.27  -2.49  -1.05
193905   6.15   6.28  15.08   6.22   4.03  24.92  13.56   6.75   4.57   7.48 -99.99   7.31   5.44   6.27   9.82  12.09  11.24  16.61   7.56 -99.99   9.11   7.18   8.11   8.29   9.89 -99.99 -99.99   2.54   6.39   2.49   6.46   5.56   5.04   9.59   6.33   9.05  14.90   7.26   4.98   9.52   6.40  11.00   3.85  10.38  11.70  -2.09   6.42  10.29
193906  -1.99  -3.21  -2.18  -4.56  -0.16  -5.23 -11.61  -4.93  -0.31  -0.47 -99.99  -3.28   1.29  -2.70  -0.67  -6.04  -8.85 -16.38  -9.76 -99.99  -8.60  -8.99  -6.47 -10.04 -11.04 -99.99 -99.99  -6.10 -10.50  -6.67  -3.53  -3.79 -10.51 -11.65  -6.74 -15.23  -3.75 -15.07  -3.08  -9.53   1.46  -2.64  -5.69  -3.76   0.65 -23.86  -8.56 -10.95
193907   8.09   6.89  14.55   3.99   3.78  23.36  16.48   7.94   7.96  13.02 -99.99   2.89   3.05  10.38   7.43  20.67  13.15  23.67  18.73 -99.99  11.01  16.27  17.05  11.85  14.53 -99.99 -99.99  11.37  10.33   2.96  12.64   6.50  20.40 -18.53  11.39  13.95   7.70  14.95   8.53  13.33   7.59   9.08   1.72  10.92   7.41   0.29  13.99  20.05
193908  -9.37  -7.34  -3.17  -9.09  -6.54   4.55 -16.64 -14.61  -5.14 -12.88 -99.99 -12.99  -5.22  -2.52  -1.89 -11.14 -11.56 -16.76  -8.53 -99.99 -10.40  -8.36  -6.90 -13.84  -8.74 -99.99 -99.99  -6.93  -2.42  -3.85  -6.06  -4.18 -23.14 -13.27 -11.50 -15.21  -3.07 -11.55  -3.11 -11.10  -9.89  -6.48 -11.68  -9.52 -10.51  -6.98  -8.63  -8.50
193909  18.89   5.24   0.82   2.66  -2.97   5.07 -15.20  38.41   8.29  27.05 -99.99   9.40   6.98  17.27  15.58  23.18  11.04  28.30  43.80 -99.99  34.66  18.52  24.39  38.17  63.42 -99.99 -99.99  13.99  77.54  25.05   3.60   2.35   6.00  17.82   1.82  19.74  -5.42  22.61  25.16  41.03   4.49  -0.03   2.02   5.06  10.68  11.12  24.67  -0.22
193910  -0.62   2.93  10.74   5.10   5.86  26.62  14.76  -4.61   1.87  -0.33 -99.99   8.66   0.03  -3.10  -3.37   2.09   2.73   2.89  -4.79 -99.99  -5.29  -3.02  -1.87  12.52  -8.39 -99.99 -99.99   2.25  -4.13  -3.84   2.16   3.06   0.73   0.84   6.15  -5.10   4.50   5.03  -3.60  -4.48   2.17   6.23   4.39   2.02   3.12 -11.16  -3.95   4.51
193911  -4.27  -0.68   2.99  -3.30   1.68   5.11  -9.75 -20.25   0.54  -4.40 -99.99  -3.41   1.32  -2.77  -4.07  -7.41  -4.55 -17.20  -9.45 -99.99  -7.47  -3.17  -3.19  -7.98 -13.75 -99.99 -99.99  -3.68 -24.15  -5.95  -1.43   0.98 -13.85  -7.34  -3.30  -9.67   1.54  -5.67  -3.73  -6.90  -2.25  -2.61  -2.63   1.48   1.42  -0.15  -4.01  -2.49
193912   4.78   2.86  -4.35  -0.60   4.92  -3.78   4.37   6.17   1.53   5.41 -99.99  -1.93   3.92   4.56   0.63   2.93   1.85   3.35   2.24 -99.99   5.62   4.70   3.97   8.31   3.19 -99.99 -99.99  -0.46   1.31  -0.08   2.96   2.87 -12.53   1.97   0.77   0.20   2.05   8.63   5.51   3.15  -8.47   4.29  -1.29   2.55   8.58   2.08  -0.35   1.27
194001  -4.13   2.03   0.78   1.73   2.31   6.63   0.90   1.10   2.81   2.39 -99.99   1.27  -1.88  -2.71   0.00   0.60  -1.15  -9.46  -9.39 -99.99  -6.14  -4.98  -4.34  -2.82 -12.45 -99.99 -99.99  -1.82   2.22  -2.18  -0.02  -0.11  -0.48   3.22  -0.78  -1.64  -3.82  -3.63  -0.20  -4.59  -2.32  -1.00   1.58   2.19  -0.26   1.63  -1.08   3.82
194002  -4.17   0.81  17.83   3.05   1.80   9.04  -1.27  -0.39   1.03   3.90 -99.99  -0.67   1.55   2.67   5.62  -0.47  -2.32  -3.01   5.40 -99.99   0.82  -0.07   2.21   3.35   0.91 -99.99 -99.99  -0.04  -2.08   0.96  -1.24   1.04   8.47   4.15   3.19  -1.59  -5.76   1.83   3.14   1.49   4.00   1.10   3.24   0.32   0.53  -1.49  -0.17   1.95
194003   1.78   2.29  -1.97   4.14   0.61  10.88   0.10   2.34  -0.86   3.06 -99.99   5.09   1.83   2.42  -2.10   2.10   1.20   1.98   0.64 -99.99   3.31   4.39   3.44   3.29   0.34 -99.99 -99.99   1.68  -3.27   1.72   1.70   1.16  -2.89   3.54  -1.92   3.14   1.16  -1.19  -0.54   3.22   5.27   3.54   6.24   1.91  -1.42   2.90   5.89   2.93
194004   3.77   1.70   0.68  -1.03   2.07  -3.30  -8.11   2.09   2.77  -3.34 -99.99   0.08  -0.32   0.70   5.20  -2.37  -0.94  -6.15   0.77 -99.99   0.08  -2.19  -0.74  -0.08  -0.52 -99.99 -99.99  -1.03  -4.56   0.17  -1.36   0.33  -1.63   0.67  -4.13   5.70   3.63  17.11   6.24  -0.13  -2.08   0.40   0.63   0.18   0.46  -7.56  -3.55  -1.76
194005 -19.39 -22.16 -21.77 -27.75 -17.49 -29.76 -32.36 -34.93 -21.82 -22.79 -99.99 -15.81 -21.36 -19.37 -22.67 -29.98 -28.97 -38.01 -22.46 -99.99 -23.73 -21.30 -26.08 -17.54 -24.07 -99.99 -99.99 -21.08 -12.18 -24.42 -19.86 -14.13 -28.51 -29.52 -19.69 -24.56 -18.47 -35.84 -24.99 -23.57 -30.68 -23.39 -23.54 -29.71 -23.70  -7.52 -22.26 -32.90
194006  -2.98   5.24   3.91   4.37   5.92   4.86   7.00   8.36  11.06  10.58 -99.99  -2.79   5.11   3.84  -3.44   6.73   5.51  36.98   4.09 -99.99   6.26   5.66   8.43 -10.31  10.44 -99.99 -99.99   1.37  -5.64   5.60  17.42   8.72   0.65   4.22  -1.62  -3.62  -4.49   1.85   6.88  12.33  12.17   8.13   4.64   1.24  12.54   0.00  11.15  10.22
194007   1.20   0.44   8.15   9.94  -1.58  13.27   0.08   3.69   2.34  -0.49 -99.99   0.80  -0.55   2.91  13.83   7.11  10.17  -3.81   4.23 -99.99   5.46   6.11   5.83   6.00   2.80 -99.99 -99.99   0.70   4.81   3.17   0.11   1.97  -4.85   8.96   2.33   9.28   1.04   8.26   2.72   4.15   0.79   4.80   1.91   4.36   7.30   5.66   3.78   6.63
194008   1.09   1.13   1.59   1.86   1.18   7.21   2.22  -3.41  -2.83   1.37 -99.99  -1.26  -2.31   2.71   5.56   4.95   4.47  -0.01   2.79 -99.99   1.37   2.56   7.25   6.29   1.50 -99.99 -99.99   2.36   1.24   1.36  -1.02  -0.36  16.72   0.20   2.35   8.03   6.97   3.31   1.71   3.69  -1.04   2.50   0.12   4.49  -1.33  -7.04   1.39   4.63
194009   6.17   1.91   8.59   4.11   2.49   7.56   3.23   1.36   4.78   2.98 -99.99   3.44   4.67   3.24   2.00   5.18   3.90   1.83   5.58 -99.99   7.12   3.83   2.93  -0.24   8.53 -99.99 -99.99   5.76   8.87  -2.36  -2.16   1.66  11.44   1.04   7.70   5.86   3.07   1.05   1.47   2.56  12.46   2.92   4.26  -0.91   1.39  56.91  -1.39   7.26
194010   3.51  -1.34   1.47  -1.30  -3.32   4.35  10.63   6.00  -7.64   1.22 -99.99   1.48  -3.13  -0.50   0.00   3.90   2.38  12.72  12.67 -99.99   8.54   1.92   4.25   4.87   6.32 -99.99 -99.99   3.72   0.46   6.36   3.93   1.61   5.82   2.85   3.23   9.68   3.38   1.00  -0.95   4.85   0.10   0.37   1.49   2.16   8.15  -5.03  11.74   0.58
194011   2.11  -0.83   4.35   7.81  -2.39   1.04   8.63  -1.28   0.13   0.00 -99.99   3.30  -1.93  -5.07   5.23  -1.03  -2.42 -10.60   1.80 -99.99   0.59  -4.27  -0.50   3.09   1.44 -99.99 -99.99   5.70  -4.21   0.90 -13.06   0.61   8.44  -2.34  -2.11  -7.61   4.73  -3.35  -3.86  -2.87  -6.41  -1.84   6.48   4.49   3.19 -28.39  -7.18  -1.22
194012   0.24   0.89   4.86  -0.33   0.61  -4.12  10.38  -3.32   1.97   0.99 -99.99  -0.41  -0.22   1.89  -1.94  -1.22  -2.07   0.03   1.60 -99.99   0.73   0.12  -3.19  -0.27   1.66 -99.99 -99.99   0.10  14.92   2.19   1.75   2.05  -3.21  -1.03   2.85  -4.02  -2.43   0.27  -0.35   1.08  -8.45   0.67  -3.02  -5.05  -2.04  16.86  -1.14  -3.33
194101  -7.80  -0.94  -5.21  -2.78   1.18  -2.84  -1.83   3.19  -0.36  -0.41 -99.99  12.38  -2.51  -6.77   1.32  -3.09  -5.27  -9.94  -9.87 -99.99  -5.87  -2.71  -9.56  -6.53  -6.98 -99.99 -99.99  -2.31  -3.47  -2.08  -2.10  -2.10  -2.37   1.76  -0.11   1.99  -4.32  -5.01  -2.44  -1.47   1.35  -3.46   1.02  -0.61  -2.07  13.16  -1.57   3.21
194102  -0.44  -2.75  -6.23  -3.74  -2.29  -0.58   0.48  -0.81  -4.65  -1.31 -99.99  -3.50  -4.75  -2.42  -0.65  -2.10  -2.99  -3.74  -1.51 -99.99  -2.40  -0.23   1.53  -0.39  -2.67 -99.99 -99.99  -0.85  -0.71  -0.69  -1.16  -2.23  -8.76  -1.03  -1.00   1.00  -0.75  -1.95  -0.98   0.14  -4.52  -4.01  -2.10   1.57  -2.54 -11.63  -2.87  -2.09
194103   2.37   2.38   9.37   0.70  -2.68   6.47   1.55   4.79   3.64   2.04 -99.99   3.32   1.72   1.76   5.33   1.45  -2.27  -0.40  -0.52 -99.99   0.35  -0.77  -1.57   0.19   3.42 -99.99 -99.99   1.84 -13.31   3.77  -3.26   1.77   3.51  -0.86   3.33  -2.09   3.41  -3.53   1.31   2.70  -1.08   1.37   3.03  -2.01   6.47  25.82  -0.27  -2.14
194104  -3.06  -4.18  -9.49  -8.58  -3.85 -10.17  -3.29  -2.82  -3.91  -1.74 -99.99  -1.61  -5.36  -3.78  -9.18  -8.94  -5.28 -13.98  -7.47 -99.99  -7.55  -9.36 -10.47  -4.72  -8.21 -99.99 -99.99  -5.94   2.47   1.45  -9.51  -6.35  -1.17  -5.57  -7.39  -1.67  -8.70 -13.22  -7.01  -2.84  -1.41  -4.33  -1.06  -7.75  -5.75 -28.67  -7.64  -8.67
194105  -4.65  -0.53  -4.03   5.98  -2.92   1.89  -4.84  -2.39  -1.54  -0.69 -99.99   3.15  -1.60   3.65   7.67   2.26  -0.17  -0.76   6.07 -99.99   4.50  -0.96   0.47   4.44   8.42 -99.99 -99.99   2.66   2.82   5.55  -4.58   0.40  -3.88   1.23   3.93  -0.54  -1.42   2.75  -1.75  -1.43  -3.12   2.82   0.69  -7.16   3.06  -3.81   1.08  -0.52
194106  10.82   3.80   0.00   8.55  10.21   7.72   9.34  -3.19   9.88   6.43 -99.99   2.88   6.86   6.71   3.96   5.94   6.35   4.22   5.62 -99.99   5.94  11.87   3.59   5.33   6.06 -99.99 -99.99   6.59  15.62   5.12   4.06   5.04  18.25   5.49   4.63   0.67  11.83   8.71   6.44   3.82   8.05   5.26   4.63   2.82   8.24  18.91   3.06  13.35
194107   8.26   6.27  10.34  11.88   2.64  -6.16  15.25   4.16   4.15  12.22 -99.99  19.12   7.73   5.95   1.59  13.17   6.81  32.58   7.45 -99.99   8.49   0.25   4.49   9.90   5.74 -99.99 -99.99   7.15  25.17  10.94   5.32  -0.39   7.61   5.66   6.44   7.75   4.19  16.57   8.78   6.65  19.02   4.86   5.25   3.58  11.62  15.12   9.28   5.30
194108   1.32   1.30  -7.42  10.86  -0.69   1.25  13.47  -2.05   0.18   2.41 -99.99  -2.29   0.14  -0.60   0.31  -0.30   0.20  -5.36  -1.52 -99.99  -0.10   1.41   2.41   1.90  -2.86 -99.99 -99.99   0.41   5.28  -3.48  -2.16   1.06  -1.97   0.06  -1.96   1.21   0.18  -0.32  -2.34  -0.67   2.17   2.72   2.16  -0.86   2.10   0.82   0.45   3.27
194109   4.43   2.89 -10.55  -0.78   0.51  -6.79  -0.02  -4.14  -0.77  -1.34 -99.99  -1.13  -0.19  -2.09  -7.94  -1.25  -2.10 -11.61  -5.09 -99.99  -2.71  -1.99   4.07  -3.01  -5.30 -99.99 -99.99  -2.85  -9.82  -0.64  -2.68   0.25  -1.73  -0.30   1.31  -2.16   3.03  -2.54   1.22  -3.58  -3.40   0.31  -2.32   0.38   1.65 -10.32   0.45   0.61
194110  -4.25  -4.69   4.25  -1.44 -13.04 -11.56  -1.49  -8.80  -3.95  -2.12 -99.99  -2.79  -3.72  -6.34  -0.69  -4.35 -10.43 -10.43  -5.72 -99.99  -7.41 -12.42  -7.94  -3.69  -7.99 -99.99 -99.99  -8.34  14.41   2.31  -9.56  -2.72  -5.25  -7.67  -3.16  -6.26  -6.91  -7.47  -6.39  -2.64  -8.69  -4.94  -2.16  -5.83  -5.07  -6.81  -6.60  -3.65
194111   5.73  -1.18  -8.37   0.77  -9.55   9.23   1.90  -6.05  -2.99  -2.57 -99.99  -0.44  -3.01   0.65   6.25  -3.61  -0.87   0.92  -2.19 -99.99  -3.01  -2.38  -3.38   1.48  -3.67 -99.99 -99.99   0.73   2.33   3.18  -6.56  -4.03  -8.69  -1.20  -1.44 -10.03  -0.66  -6.68  -8.66  -2.25   0.44  -3.37  -1.57  -1.73  -3.55 -23.77  -2.96  -4.48
194112  -1.23  -5.56 -15.74  -6.81  -1.01 -24.63  -2.54 -13.09  -5.34  -2.23 -99.99  -7.38  -1.32   0.82 -17.81 -10.51   0.44 -13.61   6.85 -99.99   0.76   0.51 -12.74   0.02   2.47 -99.99 -99.99  -2.37  -6.64 -11.12  -7.44  -8.59 -23.89 -15.30  -5.88  -1.30   6.24  -1.11 -13.27  -5.68  -5.67  -8.62  -6.23 -17.32   0.52   2.85  -4.21  -9.10
194201  -9.87   0.44  10.62   5.72   6.68   4.95   5.40  13.77   0.03   5.81 -99.99   9.90  -3.46  -7.99   9.58   7.15   3.10   3.62   0.14 -99.99   4.36   2.49   6.27  -6.62   4.94 -99.99 -99.99   5.64   4.46  -1.72   3.93  -1.37  22.34  12.29  -1.70   9.94  -3.62   4.36   6.60  12.33   1.78  -1.01   3.22   9.77  -5.28   7.46   8.41  10.63
194202 -17.73  -5.78   1.13  -1.53  -4.27  -4.72   1.27   5.70  -4.78   0.44 -99.99  -1.45  -5.53  -4.97   2.66  -1.02  -2.17  -4.69  -0.51 -99.99  -2.65  -2.86   5.46   1.36  -1.00 -99.99 -99.99  -1.20  -0.25  -5.92  -2.45  -0.58   4.02  -4.15  -2.29   4.29  -2.07  -1.86  -0.80  -2.61   4.20  -2.30  -0.04   1.87  -1.52   0.55  -1.20  -3.70
194203   3.85  -8.10  -1.68  -4.72 -13.24  -8.08  -3.96  -1.31  -1.44  -6.31 -99.99   1.30  -5.86  -8.17  -4.55  -3.95  -3.47  -7.66  -4.52 -99.99  -6.29  -6.43   1.46  -1.89  -4.51 -99.99 -99.99 -10.78   3.18  -8.31 -12.12  -6.92  -4.64  -2.10  -2.60   1.77  -9.40  -5.14  -4.74  -9.52  -1.19  -8.40  -1.74  -3.65  -9.72  -1.06  -6.89  -4.13
194204  -6.53  -2.16  -4.12  -6.62  -5.40  -7.69  -5.53  -4.33  -0.98  -8.44 -99.99  -2.70  -4.53  -1.87   3.97  -3.11  -3.64  -4.61  -7.36 -99.99  -4.95  -3.93  -4.19 -11.35  -8.83 -99.99 -99.99  -4.83  -1.13  -3.51  -3.32  -7.32  -2.84  -1.08   0.18  -4.43  -4.72  -7.01  -3.13  -0.83  -7.44  -5.29  -3.75   0.59  -5.96  -2.28  -2.21  -2.45
194205   4.60   7.81   1.84   9.92  13.21  11.31   9.42   1.17   0.62   4.09 -99.99   1.16  15.25   4.68   0.76  10.34   6.05   6.56  -2.96 -99.99   4.07   8.39  10.41  -4.38  -2.36 -99.99 -99.99   5.18  -0.24   6.90   8.52   7.72   5.89   3.63   4.40   6.60   8.56   1.89   4.98   0.86   5.16  11.96   0.58  12.06  11.17   2.99   1.76   4.62
194206   0.64   4.81   4.82   2.76   2.17   8.74   3.21   6.84   3.47   4.33 -99.99   3.27   2.84   4.93   0.78   1.85   2.82   2.76   3.50 -99.99   3.79   2.89   1.60   1.02  -2.51 -99.99 -99.99   3.52   0.52   4.43   1.77  -2.23  -2.66   5.94   8.48  -0.37   8.51   4.02   2.50   1.16   1.29   2.35   1.26   1.85   1.81  -0.28   2.12   2.73
194207   5.00   1.69   4.76   7.26   1.98   2.51   9.20   5.60   4.59   3.65 -99.99   4.63   1.42   0.99  10.77   5.54   3.57   4.39   3.82 -99.99   3.25   1.33   2.24   4.65   6.49 -99.99 -99.99   4.86   1.97   6.06  -0.48   4.45  -0.15   1.93   4.35   7.75   1.35   5.80  -0.54   7.33  10.77   4.08  11.86   5.44   6.06   0.19   5.75   2.12
194208  -0.51   1.93  -9.66   7.31  -2.34   3.92  -0.17   1.38   1.47  -1.06 -99.99  12.06   1.94   1.01   2.08   3.32  -0.35  -4.90   1.46 -99.99  -0.27   1.80   2.58   5.72   4.18 -99.99 -99.99  -0.18  -0.94   3.54   0.79   2.34  -1.15   2.80   1.56   4.15  -4.39  -1.66   1.58   3.71   2.81   2.43   3.01   2.81  -0.21  -4.29   2.32  -0.45
194209  -1.31   0.75   8.93   4.72  -3.40  -3.37   4.67   4.20   1.90   1.09 -99.99   1.55   0.21   4.73   7.64   3.03   3.17  12.40   1.43 -99.99   3.60   5.30   2.77   4.48   2.55 -99.99 -99.99   1.41   7.97   2.35   5.83   2.07   8.32   0.96   0.64   6.87   8.08   2.15   0.63   4.21   1.79  -0.18   1.67   2.20   2.40   9.52   0.53   4.60
194210   3.71   4.40   8.24  -0.85   5.31   7.46   6.87  22.64   5.54   4.69 -99.99   8.96   3.90   6.62   2.90   7.30   6.38  19.44   6.66 -99.99   7.42   7.08   6.03   7.15   7.35 -99.99 -99.99   9.38   3.86   9.63  15.00   6.13   7.59   5.84   5.86  10.68   2.52   7.32   5.02   8.62   4.35   0.58   4.55   2.72   5.39 -11.03  17.64   0.46
194211  12.13   4.32   1.63   0.53  -1.02  -3.70  -1.88   0.07  -1.66   1.06 -99.99   0.86   1.60   0.65   2.82   1.64   2.04   2.91  -6.94 -99.99  -0.94   0.96  -0.31 -10.32  -7.60 -99.99 -99.99  -1.27  -0.27   1.01  -1.12   2.71   9.29   1.05   3.96   2.87   4.73   1.27   0.81  -3.69   1.88   6.56   4.20  13.14  -0.56   4.60  -4.42   6.85
194212   7.79   3.25   3.10   4.76   6.15   0.98   6.94   4.36   0.16  12.26 -99.99   6.06   8.89   6.06   5.73   7.08   6.48   5.82   3.75 -99.99   8.03   6.67   8.97   1.71   5.26 -99.99 -99.99   5.81   5.51   7.53   4.28   0.35   2.94  -0.34   4.32   7.18   4.69  21.98   2.69   3.42   9.37   2.18  -2.52   1.55   7.63  -9.34   8.89   2.78
194301   2.10   8.59  25.54   7.49  12.27  12.62   1.70  20.09   6.60   5.79 -99.99  13.66   1.90   4.59  10.84  10.75   6.94  22.98   9.32 -99.99   5.38  11.92   5.05  10.04  12.40 -99.99 -99.99   7.54   4.54   6.35  14.65   3.73   9.64  11.85   7.58   4.21   4.35   3.71  12.04   7.31   4.04   7.42  15.27   2.92  -0.69  22.74  18.84   8.00
194302   0.97   4.41   5.19   5.18   0.43  12.07  11.71  14.69   9.23   3.65 -99.99  -1.18   3.95   2.26   8.15   6.40   6.74  22.60   5.80 -99.99   7.87   4.65   7.63   8.36  10.52 -99.99 -99.99   5.28   8.57   7.82   7.80   8.75   5.29  17.56   5.14   3.13  -3.21   4.20   4.01  10.59  11.50   2.94   4.05   6.57   4.62  58.56  15.45   1.24
194303  -1.42   4.54   7.00   9.59   2.97  10.94  25.19  13.24   2.04   9.72 -99.99  13.63   4.10   2.64   3.06  12.92   6.96   8.32   8.30 -99.99   6.81   7.51   5.73   9.25  11.04 -99.99 -99.99   8.84  25.21   6.90   4.62   0.60  32.59  13.06   6.02  13.78   7.45   7.98   4.59   9.05  12.47   8.72   9.37  11.55   5.31  -9.24  11.16   6.80
194304  -7.96   1.16   5.51   9.27   1.16  -4.23   1.84  19.11   0.30  -2.96 -99.99  10.00   0.94  -0.82   9.41   0.70  -1.28   5.36  -4.02 -99.99  -0.95   1.36   0.89   0.91  -2.88 -99.99 -99.99  -1.64  -3.03   0.85   4.03   4.13   1.59   1.53  -0.45   7.92   0.78  -3.92  -0.62   3.40   7.77   1.53   8.38  -3.39   4.44  -1.22   5.99   0.26
194305  16.10   6.28  20.15   3.28   6.25   7.72  11.51  19.84   4.84   3.60 -99.99   6.65   4.95   6.87   6.79   4.77   7.09   5.26   3.27 -99.99   3.20   6.16   6.11   0.99  15.45 -99.99 -99.99   1.94  12.50   5.70   4.37   4.53  15.52   7.13   8.91   4.23   4.62  15.83   5.54   4.90   3.71   7.50   4.45  15.36  -0.97  33.44   7.36   7.77
194306   6.57   1.10   0.31   4.27   2.01  -0.35   0.48  -4.09   0.41   5.83 -99.99   0.85   0.47   0.14   0.00   3.69   5.08  -0.63  -0.87 -99.99   4.98   3.31   5.12  -2.95  -1.59 -99.99 -99.99  -3.75  -3.61   1.29   4.26   2.49   9.51   3.14   2.01   0.80  -1.62   1.57   3.43  -0.48  15.53   4.27   1.96   1.30   3.75  -0.57  -2.98   1.34
194307  -8.89   0.47  -4.73  -6.38  -3.90  -2.08  -6.59  -5.53  -1.40  -3.58 -99.99  -6.89  -2.93  -6.52 -99.99  -9.36  -8.27 -12.79  -5.11 -99.99  -7.85  -8.68  -9.49 -12.07 -12.94 -99.99 -99.99  -2.86  -8.09  -2.80  -0.41  -0.10  11.01  -4.42  -4.50 -11.35  -2.26  -5.86  -5.44  -5.76  -9.92  -2.25   3.93  -2.32  -3.97 -12.23  -6.07  -7.64
194308   3.31   0.45  -7.28   2.82   1.00   0.71   1.87   8.69   0.39  -0.36 -99.99  -2.49   0.39   0.66 -99.99   5.75  -0.02  -1.41   0.33 -99.99   1.91   0.75   3.62  -0.87   1.09 -99.99 -99.99   1.67  -2.26   1.11   1.18   0.82  15.82  -0.01   2.06   2.10  -2.78   1.42  -1.62   1.43   3.03   3.18  -0.70   0.50   4.42  -1.02  -0.32   4.93
194309   4.02   1.95   5.00   1.00   2.27   1.43   3.24   3.05   4.54   2.69 -99.99   6.13   3.86   2.41 -99.99   5.07   5.21   3.12   1.67 -99.99   2.46   5.75   1.70   0.43   1.52 -99.99 -99.99   1.71   1.45   1.39   3.77   1.49  -4.08   3.66   3.58   6.01   4.13  -1.57   5.64   2.62   5.81   2.75   0.23   2.86   1.03  -3.67   0.75   3.09
194310  -1.12  -0.16   0.00  13.69  -2.13  -5.99  -2.78  -0.04  -1.41  -1.97 -99.99   0.68   0.50  -2.20 -99.99   0.65  -2.07   3.40   1.10 -99.99  -1.32  -4.03  -1.24  -0.43   3.82 -99.99 -99.99  -3.34   0.07  -2.08   0.57   0.71  -2.53  -0.65  -2.06  -0.07  -1.92  -1.38   0.46  -0.29   3.71  -3.54   1.36  -2.09  -1.05   6.81  -0.23  -0.56
194311  -3.51  -4.26  -2.08  -1.65  -6.06  -9.36  -9.52 -12.35  -1.69  -4.82 -99.99  -4.75  -3.95  -4.99 -99.99  -5.05  -5.61 -10.62  -7.12 -99.99  -7.03  -6.89  -5.55 -12.58  -7.91 -99.99 -99.99  -4.53  -2.46  -6.90  -8.27  -1.74  -3.08  -5.42  -5.17  -7.63  -5.25  -6.78  -6.92  -8.90  -8.10  -4.11  -2.41  -3.23 -11.81  -9.02  -8.24  -4.88
194312   8.45   5.22   3.55  12.38   6.23  14.29  10.95  11.93   4.02   6.92 -99.99  13.24   3.41   3.28 -99.99   8.77   7.46   6.90   4.19 -99.99  11.41   8.04   8.23   8.94  13.70 -99.99 -99.99   3.47  19.16   7.18   7.36   3.18  10.73   9.05   6.98  14.27   7.93   6.21   6.65   7.26  12.58   5.88   2.38   6.44  12.25  19.18   8.90   5.61
194401   4.90   3.23  -0.70   1.19   6.67   8.82   1.30   2.54   1.71   4.63 -99.99   1.08   0.30   0.39 -99.99   3.46   2.27   8.17   3.08 -99.99   2.06   0.81   0.83   3.58   5.44 -99.99 -99.99   3.72   5.94   0.55  -0.29   0.89  14.01   5.13   0.43  -0.65  -0.62   1.03   2.85   6.30  -1.35   1.68   2.14   2.91  -4.92   2.93   2.03   1.68
194402  -0.90  -0.19   3.17  -5.04  -1.26   2.70  -0.82  -2.42  -1.61   1.50 -99.99  -3.54  -2.56  -0.77 -99.99   1.12  -1.90  -2.31   0.09 -99.99  -0.25  -3.00   3.75   3.34   0.72 -99.99 -99.99  -0.73   4.98   0.03   1.56   0.86   8.93   0.35  -1.32   0.81   1.01  -0.72  -0.40   3.83   2.43   1.24   2.07  -1.11  -0.35 -10.51   3.03   0.90
194403  -0.71   2.33   7.51  12.14   2.45  -2.00   7.16   9.32   1.42   0.88 -99.99   4.35   2.41   2.49 -99.99   7.42   4.10   1.60   1.42 -99.99   1.30   3.31   5.22  -0.25   1.11 -99.99 -99.99   0.15   6.07   1.82   1.71   0.70  -3.35   3.73   5.75   8.29   3.31   2.87   3.94   2.50   7.45   1.86   7.17   4.91   3.49  11.18   2.04   0.62
194404  -0.89  -2.57  -6.15  -3.57  -0.62  -3.74  -3.99  -3.92  -1.33  -3.21 -99.99  -1.83  -2.35  -1.80 -99.99   0.99  -0.57  -6.03  -2.12 -99.99  -2.77  -1.23  -1.15  -4.57  -3.39 -99.99 -99.99  -2.58  -4.65  -1.32  -0.92  -0.57  -3.52  -0.80  -1.22  -3.77  -5.55   6.26  -1.53  -1.93  -5.60  -1.18  -2.62  -4.80  -1.12  -2.54  -1.66  -2.92
194405   7.65   5.11   3.45   4.72   5.25  11.31   6.33  13.21   5.36   5.63 -99.99   3.91   5.72   4.15 -99.99   7.67   6.46   6.11   4.38 -99.99   7.23   3.23   8.08   2.64   9.26 -99.99 -99.99   2.95   9.23   4.95   2.77   2.80   7.22   5.89   3.14  10.85   4.60   9.96   8.76   4.58   7.55   5.48   3.83   4.31   1.97   4.85   4.50  10.27
194406   4.76   4.66   7.33  -5.18   8.29  14.47   9.60  20.65   5.40   6.67 -99.99   4.77   3.85   5.71 -99.99   9.68   9.99  26.04   9.45 -99.99   7.09   8.42   8.68   7.70   7.08 -99.99 -99.99   9.20   3.27   0.49   4.94   3.25  11.48  11.80   6.71   4.74   3.95   4.31   4.74   3.40   1.23   6.21  11.16   8.11   0.79  11.87  12.57   8.37
194407  -2.09   0.15   3.80   0.45  -0.47  -7.87  -4.28  -2.42  -0.62  -2.13 -99.99   1.25  -1.41  -2.30  -4.65  -4.38  -2.74  -7.08  -2.10 -99.99  -1.72  -1.74  -4.78  -2.06   0.05 -99.99 -99.99  -2.29   6.79  -1.29   0.30  -0.37   7.49   1.41  -1.30  -3.61  -2.50  -4.94  -0.14   0.22   2.19  -0.34  -0.71   1.00   1.11  -7.38  -5.06  -3.50
194408   3.51   2.13  -2.44   0.39   2.53   9.76  -1.10  13.15   2.16   1.52 -99.99  -3.71   1.01   0.69   4.88   5.76   3.85   7.94   1.91 -99.99   3.68   1.74   3.71   5.43   4.77 -99.99 -99.99  -0.68  -2.93  -1.94   3.58   0.65   0.25   2.34   3.73   3.14   0.60   4.86   2.49   0.30   1.66   3.87   2.08   1.89   0.97  15.60   2.78   5.24
194409   3.98   0.98   7.19   2.15  -4.67  -3.93   1.97  -1.35   2.00  -0.94 -99.99   2.58   0.28   0.07  -2.16   0.41  -1.46  -0.35   1.17 -99.99  -0.08  -0.69   0.47   9.23   1.60 -99.99 -99.99   0.18  -3.45  -1.35  -1.49   0.25  -3.38   0.50  -0.48  -0.24  -0.60  -3.18  -0.99  -0.07   7.30   1.07   3.13   0.70   1.11  -4.94  -1.39  -1.24
194410  -1.81   0.23  -1.48   0.93  -0.23  -4.09  -0.95  -0.86  -0.50  -0.15 -99.99  -1.03   1.27   0.45   3.41   1.22  -1.23  -0.14  -0.25 -99.99  -1.68   0.91  -2.50   1.19  -1.81 -99.99 -99.99  -1.00   0.06   1.89   1.49   0.77   4.40  -1.02  -1.55   3.05   2.74  -5.93  -0.48   1.56   2.12   0.41  -0.68  -2.42   5.41   1.92  -0.85  -3.13
194411  -2.80   1.67   9.94   7.12  -0.30  12.20   7.46   6.32  -1.38   3.92 -99.99   4.15   0.26  -0.70   3.88   3.70   1.28   3.25   1.14 -99.99   1.87   1.62   2.29   3.84   4.11 -99.99 -99.99   4.78   1.18   2.62  -0.29   0.69   4.31   1.25   1.39   4.50   0.74   1.49   1.31   5.00   2.69   2.52   4.86  -0.84  -0.25  -4.47   3.15   1.60
194412   6.15   2.07   5.21   2.90   0.54  11.54   8.09  -1.18   3.49   1.67 -99.99   6.16   1.48   2.08   6.54   4.79   3.86  12.57   6.69 -99.99   4.52   4.96   4.16   5.63   5.96 -99.99 -99.99   3.82  13.90   5.03   3.08   0.73   1.65   1.96   2.59   1.64   5.73   4.06   2.01  11.25   4.10   2.87   6.05   0.21  -2.34  30.30   7.06   8.16
194501   2.52   2.76   1.08   2.16   2.52  -2.46  -3.63   6.76   1.32   1.09 -99.99   8.21   0.09   2.52   5.42   3.52   4.80   5.36   2.70 -99.99   3.28   0.78   1.37   0.67   0.71 -99.99 -99.99   7.62   0.01   4.95   5.74  -2.03   9.37  10.79   1.05   4.31  -1.69   3.02   3.30  -1.29   0.35  -1.14   6.18   5.67   2.69  12.33   1.80   0.28
194502   1.66   2.51   5.32   9.07   6.57  12.12   6.27   6.72   4.21   6.13 -99.99   3.85   4.42   5.55   1.03   5.36   7.96  15.62   8.90 -99.99   5.31   7.83   7.79   9.29   8.17 -99.99 -99.99   5.62   2.99   7.33   6.13   2.87   0.72   8.74   5.27   3.27   2.57   6.11   6.14   8.52   5.72   4.69   4.97   2.93   8.25   1.41  12.39   3.35
194503   0.42  -3.01  -5.05  -1.59  -3.53  -2.73  -3.32  -8.60  -3.91  -4.30 -99.99  -2.95  -1.81  -3.45  -1.37  -4.71  -5.03 -13.96  -5.29 -99.99  -5.17  -4.01  -6.22  -7.39  -4.45 -99.99 -99.99  -4.78  -5.46  -5.23  -3.08  -0.15  -3.18  -8.56  -4.40  -7.19  -1.39  -6.94  -4.51  -2.95  -5.53  -1.06  -5.67   0.02  -3.83  -7.68  -8.62  -5.94
194504   7.68   5.63   9.73  15.06   7.93   8.88   3.69  19.44   3.25   9.33 -99.99   6.64   6.40   8.19   8.33  11.25   7.95  12.05   9.40 -99.99  10.65   9.06  10.91   5.22   7.20 -99.99 -99.99   6.25   6.33   6.91   9.95   2.52  -4.12  10.42   5.88  11.58   4.27   7.24   8.10  10.72   5.47   6.76   5.69   5.53   6.87   1.94   7.30  11.21
194505   1.72   2.40  -4.43  -0.72   2.96  -4.72   7.46   0.60   6.48   4.52 -99.99   0.96   4.26  -0.21  -1.28   4.09   1.94  -1.56  -0.48 -99.99   0.95   1.69   0.55   2.29  -1.00 -99.99 -99.99   2.77   7.99  -0.93   1.95   3.73  -2.91  10.22   6.04  -1.12  -1.23   3.06   5.21   3.29   5.45   6.28   9.00  -0.51   1.53   2.60   1.95   0.32
194506   0.07  -0.08   0.52   6.08   0.35  -2.73  -1.20  11.60  -2.50   2.53 -99.99  -0.16  -4.86  -2.44  -6.23   4.41  -1.60  11.94   2.16 -99.99  -0.61  -2.27  -1.40  12.88   1.33 -99.99 -99.99   1.62   4.77  -0.55   4.85   2.59   3.24   0.19  -1.57  -0.97  -0.35   1.91  -2.91   5.61   6.10  -3.85  -5.16   2.13  -4.87   0.93   9.88  -2.35
194507   3.34  -1.41  -3.65  -7.60  -0.15  -6.09  -4.23   0.07  -1.34  -2.56 -99.99  -2.00  -1.59  -2.51   0.70  -6.11  -2.85  -4.01  -2.33 -99.99  -3.56  -1.25  -1.32  -7.31  -3.05 -99.99 -99.99  -3.96  -2.03  -3.28  -0.44   2.19   0.21  -2.75  -1.49  -2.49  -4.30  -6.92  -1.63  -6.34  -1.29  -0.87  -0.11  -3.96   1.53   0.37  -4.97  -4.57
194508   4.30   6.49   1.62   5.03  10.83  13.81   8.46  13.94   5.09  10.79 -99.99   2.13  10.01   9.50   1.74  13.99  11.75   7.41   6.56 -99.99   8.81  10.87   9.79   3.44  10.51 -99.99 -99.99   3.58  -4.15   2.27   1.17   1.69   4.41   5.82   6.12   7.91   7.01   9.30   9.40  -0.16   7.89   8.41   2.47  17.96   2.60   1.18   4.09  14.95
194509   1.02   7.93   7.98  14.34   1.27   7.76   9.63  10.98   2.00   3.51 -99.99  10.57   6.20   6.64   6.55  10.10   7.27  14.55   7.99 -99.99   4.40   2.17   2.65   4.57   4.05 -99.99 -99.99   5.96  11.28   1.83   6.51   1.99  13.77   6.94   3.18   9.90   9.11  10.76   4.73   6.85   3.15   5.66  17.83  -2.67   2.58  28.68   5.30   8.00
194510   4.78   6.64   4.00  38.07   0.26  11.82  12.52  13.85   5.81   6.35 -99.99   2.73   6.74  -0.33   0.32   1.96   0.50   4.78   4.84 -99.99   2.77  -2.03   0.53   5.28   2.14 -99.99 -99.99   5.79   9.07   6.30   5.93   2.34   3.82   6.17   5.45   3.70  10.76   1.42   3.33   4.13   4.26   6.47   2.81  -2.03   5.30   7.36  18.32  -1.26
194511  -0.62   3.49  13.94   4.30   3.19   7.19  15.32  -1.43   3.13   5.83 -99.99  15.54   7.98   3.34   7.10  10.87   4.27  28.69   6.75 -99.99   6.38   2.30   2.49   7.62   4.01 -99.99 -99.99  11.15   2.48   8.39   4.96   3.39  17.78  14.47   6.80   2.15   0.25   8.76   4.19   8.47   8.82   6.08  12.74   1.83   0.41  15.00   9.33   0.05
194512   0.08  -0.09  10.55  18.37  -1.95  -4.98   6.57   0.18   2.31   2.92 -99.99   4.18   0.99   2.31   1.85   5.28   1.54  -6.16   0.50 -99.99   0.76   2.78   2.14   4.36   3.84 -99.99 -99.99  -2.73   2.57  -0.25  -0.91   0.48   4.54  -0.55   0.22  -0.42   4.52  -0.62   0.81  -1.31   1.98   2.04  13.07   3.67   2.10  12.07   5.73   2.23
194601   2.83   5.57  10.16   0.89   0.35   9.33  14.83  11.45   6.27  14.50 -99.99   6.83   7.69   5.53   9.70  18.25   8.26  14.42  13.25 -99.99   5.41   6.27   7.06   8.78   8.54 -99.99 -99.99   7.39   9.68  -0.15  10.60   1.94  -1.79   1.29   4.29   3.84  10.33   9.96   2.13   6.41  16.15  10.41   1.47   3.78   8.93  27.51   9.19   3.30
194602  -3.09  -3.95  -1.06  -6.63  -5.28  -9.28  -0.71  -4.20  -8.52  -8.59 -99.99  -4.79  -4.08  -4.45  -3.04  -6.26  -2.31 -12.28  -7.44 -99.99  -7.86  -7.76  -8.94  -6.90  -7.49 -99.99 -99.99  -4.47  -1.05  -4.73  -5.49  -2.85  -0.89  -7.11  -2.65  -4.38 -10.72  -6.00  -6.23  -7.04  -7.09  -3.90  -0.40  -3.97  -7.73  -9.79 -10.18  -5.13
194603  14.39   4.37   3.58   8.61   8.63   5.20  13.04   4.84   6.41   8.79 -99.99   3.05  15.88   7.22   6.61   8.98   5.82   3.59   3.55 -99.99   5.05  -0.67   2.01   0.50   2.83 -99.99 -99.99   0.46  -1.56  11.14   6.46   1.28   1.52  11.75   4.45  12.35  10.40   8.79   8.75   3.67   5.94  12.21   4.17   6.48   3.48   3.16   6.76   7.54
194604  13.69   1.85   8.39   0.77   3.84  16.02   7.67  16.66   5.61   6.75 -99.99  12.23  15.15   5.62  -0.81   9.83   4.69   8.43   3.95 -99.99   3.70  -1.08   1.42  -6.76   3.55 -99.99 -99.99   4.12   6.07   8.76   4.25   1.57  21.55  11.79   8.18   4.56   5.72  13.50   6.67  -0.44   4.93   7.89  13.77   2.57  -4.04  -0.25   2.40   3.62
194605   3.25   1.67   0.65   8.39   3.30  -3.08  -4.10  -3.49   1.28  10.20 -99.99   8.23   5.35   4.34   4.08  11.58   5.57  -2.85   6.48 -99.99   6.85   5.91   4.27   4.71   4.21 -99.99 -99.99   2.92   4.03   3.62   2.94   2.80   9.18   6.37   7.17   4.69  -0.27   4.59   4.14   5.21   7.27   1.96  -1.03   3.43  -0.87   7.74   6.17   6.28
194606   6.66  -4.21  -6.67   2.24  -4.73 -10.00  -4.39 -13.21  -4.40  -8.09 -99.99  -5.86  -5.47  -3.02  -6.32  -5.94  -4.29  -7.73  -2.32 -99.99  -4.65  -5.13  -5.91  -6.57  -4.86 -99.99 -99.99  -5.44  -4.65  -3.15  -2.82   0.42  -5.23  -3.33  -2.63  -7.66  -8.26  -5.40  -3.09  -2.66  -1.68  -8.22  -6.26   0.52  -0.97  -6.91  -5.84  -7.02
194607  -3.59  -0.48   0.00   3.37  -0.70  -6.27  -1.50  -4.24  -1.39  -2.34 -99.99  -3.99  -3.06  -2.49  -6.83  -4.07  -5.49  -1.53  -2.51 -99.99  -5.35  -3.82  -4.30  -2.43  -5.82 -99.99 -99.99  -5.92  -0.09  -0.03  -3.47  -0.06   0.57  -3.60  -1.87  -6.46  -2.90  -2.84  -2.00  -5.78  -2.93  -2.38  -1.24  -3.82   0.00  -7.80  -6.15  -4.58
194608   0.06  -5.12  -9.03  -6.75  -3.91  -5.40  -5.77 -12.90  -4.88  -8.75 -99.99  -4.80  -3.09  -6.48  -5.09  -8.70  -6.69 -11.81  -7.48 -99.99  -8.82  -7.91  -9.89  -4.01  -6.28 -99.99 -99.99  -6.57  -2.89  -5.65  -5.51  -6.92  -6.76 -10.08  -8.28  -4.85  -0.40 -10.30  -4.32  -6.79  -7.50  -4.73  -3.90  -7.77  -0.43 -12.01  -6.84  -3.86
194609  -8.33  -8.91  -6.87 -15.64 -11.20 -13.31 -12.24 -12.37  -9.37 -13.22 -99.99 -12.64  -6.57  -8.86 -11.47 -11.92  -9.28 -10.50 -11.75 -99.99 -12.09 -10.82 -14.26 -10.28 -13.24 -99.99 -99.99  -7.51 -11.59  -7.95  -8.73  -4.81 -14.65 -11.85  -7.86 -12.69  -7.25 -10.26 -11.24 -16.46  -8.29  -6.31 -14.88 -14.25  -7.74 -16.36 -14.89 -12.93
194610  -0.64   0.33  16.67  -3.46   4.55   0.43  -3.36  -0.35  -0.77   1.95 -99.99  -2.56  -0.11  -3.64   0.94  -6.11  -1.64   3.74   1.40 -99.99  -3.40  -3.95  -3.29  -8.80  -0.13 -99.99 -99.99   0.67   0.36  -0.69   1.53  -5.13  -4.16  -1.46  -0.91   3.53  -1.64  -4.28   0.51   0.64  -2.31  -2.67  -0.42   2.13  -8.49  -6.78  -0.97  -3.27
194611   0.58  -0.33 -13.21  -8.74   0.63  -0.15   1.44  -7.41  -0.24  -1.71 -99.99   4.64   1.42   3.60  -2.29  -2.30   1.11   0.39   2.21 -99.99  -1.10  -5.18  -1.68  -4.54  -0.20 -99.99 -99.99   1.74  -1.22   0.59   0.74   1.81  -9.13   4.85  -1.38  10.12   6.10   4.45   5.93  -0.24  -2.50  -4.91   6.76  -0.27   3.41  -3.43  -0.11   3.04
194612  12.00   3.33  16.87   1.80   3.98   4.08  -1.42   7.96   7.01  -0.11 -99.99  11.69   7.08   6.86   5.31   6.65   9.55  -2.02   5.18 -99.99   7.05   4.84   5.94   4.75   4.94 -99.99 -99.99   0.92   2.81   4.36   6.06   3.72  -2.17   2.43   6.19   6.09   3.22  20.62   5.50   2.23   2.65   5.20  -1.54  11.42  10.06  -0.06   5.56   9.85
194701  -8.42   1.26   3.03  -6.55   2.01   6.53  -3.33  -0.81  -0.33   3.54 -99.99  -5.15  -5.37  -0.47   3.60   2.37   1.30   4.57   0.88 -99.99   3.44   7.38  10.37   2.26   7.19 -99.99 -99.99   2.47   3.66  -0.71  -0.37   0.97   1.12   1.87   4.18   1.76   0.42  -6.41   0.61   0.17  -0.31   3.31   0.50   1.34   2.65  -0.77   2.78   1.99
194702   5.54   0.71  13.24  -1.66   0.49  -1.46  -5.29  -3.19   0.36   1.53 -99.99  -0.15  -4.53  -0.37  -0.69   4.35  -4.07  -0.90  -0.86 -99.99  -0.25  -2.94   1.82  -1.21  -0.43 -99.99 -99.99   1.74  -0.34  -2.72  -0.69  -2.08  -0.43  -0.56  -3.78  -5.10   3.99  -2.29   1.72  -0.95  -0.92  -1.31   0.48  -4.06   0.59   4.31  -3.56  -0.92
194703   1.65  -1.38  -8.18  -4.48  -2.66  -0.75  -3.59  -1.09  -2.37  -2.47 -99.99   9.13  -2.14  -0.22  -4.53  -8.37  -2.57  -3.12  -1.78 -99.99   0.03  -4.08  -2.72  -2.79  -2.76 -99.99 -99.99  -3.41   5.05   2.29  -2.64  -2.21   1.82  -3.38  -0.50  -4.37   2.25  -4.19  -3.49  -3.83  -2.43  -2.40  -4.69  -0.97  -4.24 -10.19  -2.86  -3.02
194704  -3.19  -5.42  -7.25 -10.02  -8.41 -10.09  -7.57 -13.29  -3.37  -8.43 -99.99 -10.55  -8.27  -3.93  -4.43  -8.43  -5.36 -13.65  -6.44 -99.99  -7.49  -4.91  -4.52 -10.26  -6.68 -99.99 -99.99  -4.93  -5.43  -0.29  -3.73  -0.26  -6.53 -10.08  -8.13  -4.63  -2.72 -11.46  -4.72  -6.46  -5.75  -7.78  -9.38  -6.73  -7.30  -7.52  -5.33  -8.23
194705  -1.62  -0.52  -0.78  -3.01   3.76   2.67   1.15  -4.52  -1.96  -6.38 -99.99  -4.89  -2.41  -0.32  -3.16  -3.67  -3.70  -6.76  -2.34 -99.99  -1.58   0.46  -2.58  -8.38  -1.68 -99.99 -99.99  -1.57  -5.34   2.62  -2.33  -1.07  -1.22  -7.51   0.80  -9.38  -2.72  -4.47  -1.05  -2.67  -3.80  -0.88  -4.84   1.16  -3.59  -1.74  -1.17  -4.61
194706  12.18   5.12  -5.51   7.51   5.74   5.38   2.15  11.44   3.01  10.14 -99.99   8.21   3.88   8.02   3.16  10.46   5.71   5.46   2.27 -99.99   8.96   4.62   6.07   1.28   4.32 -99.99 -99.99   2.75  11.60   7.74   3.92  -3.22  -0.03   3.66   3.59  12.93   0.04  14.61   6.32   2.61   8.27   9.87   7.91   7.96  15.53   5.57   2.84   3.32
194707   5.70   4.93   4.24   2.13   3.48   3.85   5.52   2.68   8.42   3.81 -99.99   2.40   2.62   1.49   0.48   8.04   3.09   7.56   7.31 -99.99   3.69   6.92   4.68   2.43   4.19 -99.99 -99.99   5.03  17.04   3.68   2.50   0.81  10.66   5.24   5.68   0.91   6.05   4.92   3.23   7.47   5.45   4.36   6.78   1.81  -4.39   8.36   5.89  10.04
194708  -4.11  -0.98  -0.81  -3.69  -2.49  11.23 -11.89   2.56   0.52  -0.76 -99.99  -9.94  -3.22  -0.58  -3.68  -1.31  -2.70  -3.36  -0.61 -99.99  -2.36  -3.65  -1.08   3.47  -0.95 -99.99 -99.99  -2.11   0.74  -2.35   0.24   0.36  -0.79  -2.81  -3.69  -0.66  -7.35   1.63  -0.42  -2.34  -1.37  -3.60  -6.81   2.38  -5.07  -6.16  -3.33   3.32
194709   4.42  -1.02   0.00  11.79  -0.68  -3.66  -0.72  -2.63   0.61   0.21 -99.99  -7.97  -2.12  -0.95  -1.23   2.41   0.76  -2.07   0.54 -99.99   2.70   1.24   0.43   5.10  -1.09 -99.99 -99.99  -1.41  11.83  -2.94  -1.32   0.84  -0.25  -1.51  -0.43   2.25   2.50   0.62   2.61  -1.32  -0.11  -2.33   0.86   0.85   4.96  -3.57  -1.03   1.31
194710   4.42   2.36   0.83  -4.57  -1.58  -4.68  -0.79   4.17   5.31   2.43 -99.99   8.93   0.54   1.15   9.38   5.07   3.99   4.22   5.55 -99.99   4.40   1.55   2.68   0.03   1.54 -99.99 -99.99   0.71   2.64   5.29   0.15   0.21   3.46   2.70   4.80   1.35  -1.25   1.18   3.10   0.54   1.61   2.82   0.22   1.57   0.57   5.33   6.07   1.16
194711  -1.84  -2.62   0.83  -1.92   0.87  -3.73  -2.38  -7.57  -2.31  -1.98 -99.99  -2.74  -3.07  -0.74   1.47  -1.24  -2.01  -8.80  -0.08 -99.99  -0.73  -1.79  -2.72  -0.43  -2.33 -99.99 -99.99   1.09   4.49  -0.43  -7.44  -2.57  -1.37  -3.35   0.43  -1.90   3.03  -1.00  -4.17  -2.89  -2.26  -1.84  -1.18  -6.41   7.55  -6.02  -0.14   0.24
194712  -1.12   0.19   3.28  -1.11   1.07  -5.72  -6.58  -2.10   1.30   3.65 -99.99  -6.18   3.99   1.86  -2.85   1.79   2.97  12.53   3.69 -99.99   3.26   3.30   2.47  -0.56   3.37 -99.99 -99.99  -4.48   4.33   9.39   1.18   0.44  -4.22   1.28   3.30  -4.57  -0.26   4.75   2.90   8.27   0.14   0.12   5.83  -0.13   3.63  10.40   0.64   9.60
194801  -6.17  -2.56  -4.92  -3.14  -1.59  -4.98  -5.51  -5.89  -2.48  -3.85 -99.99  -4.98  -8.51  -4.43  -3.85  -2.82  -5.98   7.56  -4.08 -99.99  -3.43  -3.97  -5.15   8.05  -3.56 -99.99 -99.99   0.58  -1.17  -7.54  -0.22   0.11  -0.96  -1.04  -7.17  -3.17  -9.37  -6.94  -5.60  -0.36  -2.60  -2.59  -5.25  -0.90  -0.20  -7.10  -1.95  -5.23
194802  -2.99  -7.18  -5.17  -8.48  -2.44  -5.66  -6.21  -6.92  -4.51  -8.48 -99.99  -9.66  -2.98  -5.59  -2.03  -6.93  -5.83  -4.65  -5.04 -99.99  -5.94  -5.08  -5.64  -3.82  -6.37 -99.99 -99.99  -2.24  -5.43  -2.91  -3.49  -1.06  -6.47  -3.84   0.32 -11.28  -3.76  -9.22  -4.76  -3.74  -6.58  -3.81  -1.47  -1.76  -8.55  -9.19  -6.80  -1.36
194803  12.86   5.67   0.91  11.26  -1.72   6.34  26.72   9.53   3.08   8.77 -99.99  13.19   5.75   8.18   4.73   8.48   7.74   1.88  12.78 -99.99   9.43  11.81   7.25  20.28  11.65 -99.99 -99.99   8.56  10.54   9.92   6.61   1.96  -1.43   2.65   7.10  15.91  12.84  11.19   8.05   8.68   7.57   7.21   0.02   2.28   7.73   9.55  14.17   9.40
194804   1.60   1.34  -0.92  -0.73  -0.89   4.26  -3.41   6.77   3.54   3.76 -99.99   3.79   1.99   2.55   7.71   7.06   0.03   6.64   2.32 -99.99   3.57  -1.59   0.93   3.65   1.04 -99.99 -99.99   3.16   4.75  11.34   1.50   2.65  -0.18   6.53   3.34  -5.05  -1.08   4.51   6.48   3.57   9.89   4.24  -4.26   5.08   2.51  -0.31   4.49  -1.51
194805   0.27   4.21   5.56  12.72   2.85  11.72   6.63  10.34   5.25   6.46 -99.99   8.32   6.64   7.77   3.62  12.28   9.63  11.27   8.05 -99.99   7.91  16.89  14.23   3.04   4.29 -99.99 -99.99   5.17  11.07   5.99   5.74   2.49   6.80   6.56   8.29   7.05   3.43  16.52   9.00   6.20   2.99   9.15   9.71   8.39  15.47  17.64   8.37   8.56
194806  -2.77  -1.10   3.51  -5.57  -1.61  -7.91 -10.50  -2.12  -0.84  -4.38 -99.99   3.55  -2.73   0.45  -0.93  -4.19  -3.79  12.85   0.19 -99.99  -1.50  -0.65   0.54  -4.55  -3.39 -99.99 -99.99  -1.96   1.41   3.53   2.58   0.43  -0.92   2.96  -1.80  -6.70  -3.25  -0.05  -3.81   0.41   1.26  -1.11  -3.90   3.18  -6.69 -10.90  -0.34   0.09
194807  -0.70  -3.50  -7.76  -3.65   4.44 -10.12  -7.34  -1.56  -1.37  -2.39 -99.99  -7.64  -3.92  -5.76  -8.48  -2.32  -6.36  -9.05  -3.91 -99.99  -7.26  -7.37  -4.58   1.70  -5.31 -99.99 -99.99  -3.48  -2.98  -7.26  -4.20  -1.65  -5.35  -7.77  -5.66  -7.47  -4.34  -3.90  -4.37  -4.55  -5.05  -7.67  -4.07  -5.00  -5.78  -7.48  -6.30  -3.17
194808   1.86  -0.50  -1.40   0.11   1.92   4.80   5.69  -0.99  -0.61  -1.56 -99.99  -2.04  -1.89  -0.33  -0.06  -1.41   1.48   4.16   1.63 -99.99  -1.53   1.24   1.16  -0.05   1.16 -99.99 -99.99  -0.02   0.01  -2.05   0.09   0.06  -0.19   2.48   6.12   9.23   5.85   0.18   0.39   2.16  -4.41   2.70  -1.18  -2.65   1.45   0.32   0.11   1.98
194809  -3.97  -4.45  -5.21  -1.23  -3.14  -9.38  -7.05  -8.93  -2.66  -3.40 -99.99   5.09  -3.87  -1.80  -5.94  -5.66  -4.14  -5.75  -2.15 -99.99  -4.53  -2.35  -3.50  -0.79  -3.12 -99.99 -99.99  -2.39  -5.58  -4.44  -0.90  -0.23  -4.50  -4.09  -5.50  -5.92  -3.04  -6.71  -3.91  -3.95  -2.77  -0.80  -2.72  -0.64   7.51   1.50  -4.89  -2.74
194810   7.16   3.38   6.12   5.31   3.43   6.94   1.97   0.36   3.34   2.95 -99.99  12.79   4.39   7.11   0.89   2.50   7.18  14.32   8.35 -99.99   5.99   7.75   7.80   3.84   0.73 -99.99 -99.99   5.62   7.36   9.23   4.40   1.11   4.18   1.96   6.06   5.48   4.24   6.75   5.12   4.97   4.68   4.16   2.47   3.90   5.62   3.59   8.69   4.82
194811  -5.57  -6.24  -3.85  -7.87  -2.88 -12.77  -3.11 -15.73  -5.72  -8.39 -99.99  -9.13  -5.35  -8.48 -10.93 -10.54  -8.02 -18.69 -12.51 -99.99 -10.83 -11.81 -12.13 -13.24 -14.13 -99.99 -99.99  -6.67  -4.77 -12.32  -9.09  -2.06  -5.34  -7.09  -7.64  -9.19  -0.59 -12.41 -10.10 -12.75  -5.81  -4.45  -6.18  -5.99  -4.25  -6.09 -13.58  -7.31
194812   0.49   1.23  -9.00   0.78   0.83  -0.47   6.39  -2.64   0.73  -2.40 -99.99   6.24   4.35   7.49  -1.12  -2.00   1.79   2.83   1.93 -99.99   2.17   6.89   3.98   3.70   0.95 -99.99 -99.99   0.49  -2.01   4.86   2.67   1.08  -0.66  -1.21   3.96   5.37   7.00   3.61   5.00   1.99   0.80   1.41   1.40   7.13   8.08   0.64   4.17   0.14
194901   1.74   3.88   8.05   2.44   4.80   3.85   1.49   0.39   1.04   3.61 -99.99  -0.29   5.11  -0.26   6.71   2.00   0.87   0.10   0.81 -99.99  -1.53  -2.99   2.69   1.99   0.78 -99.99 -99.99   1.20  -4.73  -3.81   4.77  -1.26   3.68   6.62   3.02   1.00  -0.41  -3.42   0.77   0.28   3.08   0.93   0.05   1.42  -4.89  -5.16  -1.09   3.23
194902  -0.52  -2.65  -6.38  -1.72   0.38  -4.77   2.09 -10.92  -7.76  -5.11 -99.99   0.48  -1.08  -2.18  -1.04  -1.85  -2.78  -4.09  -5.87 -99.99  -3.54  -5.83  -3.51   0.64  -5.41 -99.99 -99.99   0.46  -8.16  -4.23   0.67  -0.30  -6.39  -4.58  -3.91  -0.34   0.74  -5.10  -0.05  -5.68  -3.87  -3.11   1.14  -1.68   1.48   0.51  -0.80  -2.46
194903   2.63   4.66   4.55   5.79   0.92   4.60   3.72  12.81   8.49   3.03 -99.99   4.16   5.65   2.87   6.38  -2.81   4.29  10.13   1.44 -99.99   5.71   5.70   3.53   7.44   6.95 -99.99 -99.99   3.78   5.12   6.08   3.76   1.36   3.42   6.55   4.74   6.21   7.36   1.96   3.31   4.20   2.65   4.37   2.48   7.59   2.36  12.07   9.75   3.34
194904  -5.37  -1.43  -1.11  -1.99   0.34  -0.76  -0.02   0.96  -1.28  -2.88 -99.99   3.18  -0.07  -2.39  -5.11  -4.01  -3.63   1.79  -4.84 -99.99  -3.97  -4.12  -4.01  -6.19  -3.48 -99.99 -99.99  -0.09  -8.20   1.46   1.22  -1.64   2.50   1.25  -0.79  -0.36  -6.09  -8.63  -3.40  -2.86  -1.67  -1.66   0.37   0.89  -0.78  -0.69  -1.46  -6.46
194905  -6.17  -0.63  -5.62  -1.00   2.94  -3.88  -2.31  -4.45  -0.30  -2.11 -99.99  -6.91  -1.33  -0.97  -4.85  -1.41  -3.35  -6.40  -6.51 -99.99  -3.04  -5.93  -2.96  -4.78  -8.38 -99.99 -99.99  -1.25  -0.85  -5.71  -0.57  -2.18  -2.01  -1.44   0.40  -6.07  -9.69  -4.72  -3.50  -3.34  -5.37   1.43  -0.24   0.84  -2.31  -1.18  -5.11  -0.13
194906   6.28  -0.37  -5.36   3.33  -0.04  -6.65   1.28   0.40  -0.52   4.60 -99.99  -3.18   2.70   0.67  -1.89   5.21   1.03   4.97  -1.28 -99.99   2.98   0.24   1.02  -1.08   0.42 -99.99 -99.99  -1.32   0.10  -1.20  -0.92   1.13   3.86  -0.22  -2.76   1.65   3.04  -4.35   0.05  -2.09   2.11   3.69   0.24  -0.39  -1.58  -2.71  -0.40  -0.55
194907   3.41   5.59   5.16   7.24   3.09   5.22   0.57   5.93   7.47   6.63 -99.99  12.83   5.34   4.60   5.51   5.84   7.12   8.11   7.79 -99.99   5.07   7.05   9.12   2.53   4.86 -99.99 -99.99   4.25   6.51   6.23   4.56   2.41  10.00   2.45   9.27   7.55   3.13  11.35   5.50   3.99   4.41   4.70   4.24   6.63   4.17   2.05   7.24   8.96
194908   3.01   4.70   3.07   4.51   3.51   2.25   0.76   4.63   4.12   1.82 -99.99  14.76  -1.33   3.23   4.83   2.21   2.30   1.18  -0.29 -99.99   2.67   0.94   1.82   0.24   0.56 -99.99 -99.99   2.71   2.96   5.53   3.67   0.98   2.69   5.66  -0.43   1.22   1.77   0.79   5.94   0.75   3.50   1.27  -1.29   2.18   0.81   6.49   3.90   0.41
194909   0.24   2.64   4.76   5.67   2.68   3.49   1.85   4.56   3.34   4.33 -99.99   3.68   1.63   4.93   0.04   2.75   2.67  10.85   3.56 -99.99   3.27   3.49   2.38   5.39   1.77 -99.99 -99.99   2.17   3.52   3.02   4.05   1.23   7.79   2.65   4.19   6.11   2.94   3.19   4.73   2.79   4.56   2.02   2.10   4.15   6.80   5.13   8.66   4.36
194910   4.60   1.88  -2.91   2.85  -1.39   2.73   4.35   2.60   7.77   6.09 -99.99   4.21   3.27   4.16   6.36   1.16   3.44   1.88   5.05 -99.99   2.94   2.66   7.20   4.44   2.13 -99.99 -99.99   3.52  -0.65   3.79   0.45   1.88   3.96   1.86   7.96   6.61   1.65   8.66   4.60   0.91   1.18   0.33   2.24   4.45   6.94   6.61   2.62   2.07
194911   2.60   1.82   0.60   4.49   2.19   2.48   1.16  -5.56   3.05   0.12 -99.99   4.72   4.82   5.06  -0.26   0.61   4.60   3.15   2.68 -99.99  -0.33   4.01   4.45   0.00  -1.14 -99.99 -99.99   0.14   4.02  -2.88   3.16   1.67   0.39  -0.07   0.54   4.08   8.11   1.17   2.70   0.41   1.06   2.46   3.12   4.05   0.78   4.99   2.93   3.26
194912   5.43   5.89  -2.38   4.36   2.47  16.16   9.45   6.63   5.47   6.03 -99.99  14.98   7.91   5.86   0.52   7.69   6.28  16.07   6.26 -99.99   5.90   9.30   8.81   8.99   4.88 -99.99 -99.99   4.18  -2.47   1.16   3.29   1.59   4.95   7.52  13.80   3.56   3.59   7.86   8.67   8.30   4.57   4.66   5.49   3.31  10.55   1.90   7.52   2.30
195001   3.60   1.41   7.50   3.67  -0.87   1.62  -1.10   3.26   2.38  -0.65 -99.99   1.16   1.05   0.93  10.17   3.28   0.04   5.93   3.69 -99.99   1.65   5.47   1.67   5.30   4.85 -99.99 -99.99   2.55   3.55  -0.72   3.69   1.86  -0.22   2.59   4.24  11.27   0.26   3.10   3.55   4.68   0.83  -0.05   1.64   2.29  -1.65  -2.40   2.86   2.42
195002   3.03   1.49   4.07  -1.07   1.43   5.79  -8.48   0.89   2.18  -1.67 -99.99   2.97   1.78   0.98   4.87  -5.02   1.92   1.04   3.38 -99.99   0.38   4.32   3.73   8.69   1.53 -99.99 -99.99  -0.68  -3.03  -0.49   2.38   0.66  -2.72  -3.26   0.65   7.60   2.80   3.27  -0.54   1.71   1.73   1.48   2.06   5.23   1.24   0.47   2.60   4.01
195003   0.64   0.11  -2.79  -0.29  -0.65  -6.66  -3.54  -5.30  -0.42  -0.14 -99.99   0.21  -3.32   3.58  -7.19  -4.05   0.76  -1.45  -1.49 -99.99  -1.10   4.08   1.59  -3.06  -3.55 -99.99 -99.99  -1.27   1.03   4.91   0.60   4.57   3.94  -1.54   2.83  -1.13  -4.12  -2.74   2.51  -0.77  -0.33  -0.70  -1.87  -0.60   1.37  -5.19   0.21  -0.09
195004   0.43  -0.46  -3.53   2.72  -2.83   0.53   3.71   3.73   6.77   3.98 -99.99  -4.74   6.95   9.42   6.36   7.94   4.52   4.16   7.55 -99.99   2.75   6.69  10.39  16.01   2.08 -99.99 -99.99   3.71  -3.29   3.34   0.95   2.37  -1.59   1.80  -1.34  14.60   3.35   9.60   7.49   1.06   0.34  -0.26   6.42  -0.93  -9.29   7.19   3.85  -0.36
195005   6.88   1.71   2.44  -0.19   0.48   5.22  -4.57  -1.15   4.83   9.11 -99.99  15.13   2.57   7.45   0.90   3.57   4.34   0.93   6.21 -99.99   4.12   0.35   6.87  -3.81   3.89 -99.99 -99.99   2.99   7.96   8.81   1.86   1.97  15.48   1.65   1.77  -2.10  -2.04   3.63   7.41   0.30   5.65   2.44  -0.13   2.71  11.91   2.56   3.97   3.90
195006  -4.44  -6.97   0.00  -2.17  -4.49  -9.88  -6.67  -7.79  -7.74  -7.12 -99.99  -8.62  -3.57  -6.69  -9.21  -5.63  -8.30 -13.13  -4.12 -99.99  -5.81  -7.76  -3.92  -3.04  -8.38 -99.99 -99.99  -7.02  -7.62  -4.42  -7.63  -4.28  -7.68  -6.06  -9.66  -5.56  -6.88  -4.66 -11.04  -6.35  -7.74  -4.38  -4.46 -10.03  -4.74 -11.21  -6.24  -5.73
195007  -6.85  -1.75   0.00   5.96  -1.91  -4.14   5.85  -5.31  -1.77   8.24 -99.99  -0.60  -7.77  -3.81   2.45  17.10  -6.48  -3.65  12.16 -99.99   4.94  -1.60  -1.10  15.92  20.07 -99.99 -99.99   1.16  20.30   8.39  -5.23  -1.32   4.68  -3.91  -6.86  -4.56  -2.66  -3.63   1.40  16.20   3.92  -0.95  -0.43 -12.66  -8.95   0.60   2.68  -7.85
195008  18.32   3.45   4.88   3.22   0.33   5.57   2.59  12.68  10.28   2.15 -99.99   1.96   3.92   7.78   3.15   3.23   6.83   7.19   4.79 -99.99   4.60   3.94   8.92  -3.11  -0.45 -99.99 -99.99   7.85   4.54   4.34   3.39   2.56   5.16   5.47   8.72   3.94   6.93   5.39  10.45   0.01  11.58   3.84   5.13   6.12   5.45   8.26   2.15   5.77
195009   2.47   4.04   3.49  10.13   4.77   7.43  11.31  20.01   3.14   8.59 -99.99  10.55   5.55   4.20   6.77   3.68   8.57   6.40   3.12 -99.99   7.06   4.65   8.38  -1.83   1.90 -99.99 -99.99  10.14   3.46   3.62   4.51  -0.46   2.35   9.20   4.75   6.77   6.57  12.89   5.84   4.29   5.47   7.74   6.53  11.36  11.19   5.49   4.56  10.00
195010  -0.33  -0.44  -9.20  -1.16   0.19  -0.98  -6.40   0.91  -0.61  -1.00 -99.99  -2.54  -1.65  -0.85  -0.25   0.07  -1.28  -6.31   3.98 -99.99  -0.76  -1.40   0.42  -0.02   5.99 -99.99 -99.99  -3.29  -2.58   0.25  -0.74   0.21  -2.00  -1.21   0.03  -4.75  -3.32  -3.85   0.11  -0.77  -3.37   1.04  -1.78  -5.48   3.78   5.19   1.02   0.36
195011  -5.02   0.14   3.16   3.21  -1.75  -2.23  -1.22  -4.44   0.70   6.14 -99.99  12.10   3.61   7.67   7.35   2.57   4.13   2.12   5.26 -99.99   3.14   0.51  -1.84   8.54   2.69 -99.99 -99.99   8.15   4.73   5.27  -1.18  -0.24  -2.26  -0.01   1.68   7.94  12.50   7.46   6.74   4.19   3.90   0.49   1.55   0.12   2.88   4.48   5.18   0.05
195012  -1.65   1.93   1.84   6.40  -1.39   2.13   0.91   3.12   1.37   9.34 -99.99   9.32   5.56   6.18   3.49  12.29   2.60   6.73   7.53 -99.99   9.94   5.05   2.30  12.91   8.51 -99.99 -99.99   7.96  14.10   8.54   3.59   1.88   2.54   2.09   2.90   3.35   0.65   4.81   5.87  15.88   4.58   2.91   3.82  -3.88   6.05   4.88  11.44   5.25
195101  14.16   3.12  11.11   8.69   3.69  10.93   3.93   6.84   7.44   0.84 -99.99   3.97   2.96   4.32   6.77   4.33   7.73  10.18   8.51 -99.99   6.39  10.45   9.00   1.92   5.18 -99.99 -99.99   6.18   4.09   6.49   5.04   1.88   2.78   8.88   7.21   4.70  -2.21   8.70   5.36   8.24   5.10   2.95   7.55   4.84  -8.11  13.89   4.49  10.63
195102   2.60   1.68   0.00  -3.40  -0.77   0.52   5.06  -1.64   1.72   1.99 -99.99  -5.11   2.53   2.64   4.39   2.84   2.91  10.03  -2.34 -99.99   1.71   1.33   2.96   3.07  -0.60 -99.99 -99.99   1.19  -0.08   0.99   3.11   4.11   0.61   0.75  -0.80   7.09   0.14   3.17   1.62  -2.28  -0.77   3.75   2.70   5.71   2.86  -3.13  -0.57  -0.68
195103   0.64  -1.57  -1.67  -4.74  -1.58  -2.69  -5.90  -3.29  -3.34  -5.00 -99.99  -2.80   2.38  -1.76  -2.48  -9.46   0.36  -7.47  -5.12 -99.99  -4.51  -0.32   0.93  -8.52  -6.76 -99.99 -99.99  -2.79  -5.82  -2.27  -1.39  -1.10  -1.02  -3.16  -1.71  -0.97  -2.54  -3.39  -2.17  -3.64   1.02  -1.89  -3.79   1.71   2.59  -1.80  -1.35   0.18
195104   1.12   0.32   1.73   5.00  -0.60   3.47   1.28   2.21   1.29   1.30 -99.99   5.96  11.05   8.30   4.91   2.35   3.94   2.76   6.55 -99.99   4.69   2.90   4.33   5.36   5.73 -99.99 -99.99   5.39  -2.70  10.88   0.22   0.85  -0.27   2.60   2.94   8.24   3.46   6.06   9.23   3.60   0.72   0.05  -1.58   1.04   0.48  -1.37   7.83   2.57
195105   0.16  -1.36  -4.55  -0.14  -2.08  -1.47  -4.75  -7.01  -2.08  -2.28 -99.99  -0.16   1.81  -0.32  -1.18  -0.53  -3.85  -0.25  -3.73 -99.99  -2.57  -3.38  -5.01  -3.29  -1.72 -99.99 -99.99  -3.40  -0.77  -3.11  -0.05  -0.41   1.16  -4.03  -0.04  -3.75  -3.65  -0.96  -2.58  -3.91   6.28  -2.05  -5.38  -0.10  -1.14   0.56  -2.95  -1.94
195106  -3.94  -3.35   0.60  -2.55  -3.69  -5.05   0.55  -7.89  -7.52  -3.79 -99.99   1.04   0.80  -0.69  -0.16  -5.42  -2.54  -7.47  -8.17 -99.99  -4.90  -1.65  -6.66  -8.89  -8.48 -99.99 -99.99  -3.50  -0.34   1.08  -0.41  -0.18  -2.80   0.15  -2.25   5.15  -2.23   2.82  -2.55  -7.88  -7.37  -2.07  -5.06  -0.35   2.30  -0.61  -1.00  -0.78
195107   2.47   3.35  -0.61   5.44   3.08   4.02   7.56   2.86   6.22   1.15 -99.99   8.44  15.09   8.19   8.36   2.41   6.80   4.40   9.53 -99.99   6.41   4.93   4.37  10.98   8.67 -99.99 -99.99   7.38   4.40  11.44   5.31   2.82   2.23  -0.94   8.23   4.95   6.47   4.45   7.97   9.40  11.15   2.26  10.31   7.67   1.91  -0.68   6.56   3.23
195108   6.71   3.04   0.00   2.53   3.45   4.33   6.35   5.12   2.55   1.72 -99.99   4.71  -2.01   2.40   5.55   4.24   5.06   1.12   9.68 -99.99   4.70   8.29   7.08   5.24   2.11 -99.99 -99.99   8.09   6.25   5.39   2.14   2.65   9.42   2.08   4.66   1.23   3.58   8.52   2.81   1.70   3.04   2.87  12.97   3.08   1.63   3.59   5.90   2.85
195109  -6.23   0.21   4.88   4.00   0.23   5.92   9.92  -2.46   0.26  -2.63 -99.99  -2.80  -1.65  -1.36   1.13  -2.10   1.23   8.60   1.35 -99.99   2.02   3.46   2.50   4.47   2.93 -99.99 -99.99   4.98   3.70  -0.59   1.32  -0.08  -2.08  -1.20   0.84  -0.96   9.69  10.28  -1.13   3.48  16.03   2.40  -2.85   0.73   4.14  -2.86   0.48  -1.19
195110  -7.53  -3.03  -2.38  -3.84  -2.36  -2.57  -3.61  -0.61  -2.52  -1.55 -99.99  -9.87  -5.41  -7.50  -2.73  -3.53  -2.58  -0.32  -1.67 -99.99  -2.48  -6.54  -1.96  -2.25  -0.92 -99.99 -99.99  -3.40  -0.09   1.34   0.71  -1.12  -3.83  -0.30  -2.32  -5.50  -9.33  -7.57  -4.06  -4.36  -9.18  -2.73   0.38   1.00  -5.40   4.24  -2.74  -7.70
195111  -0.39   0.22  -0.61  -1.61   0.35   1.49  -0.43   0.82  -0.60   0.32 -99.99  -5.36   0.05   0.12   3.51   0.93  -0.63  -1.14   1.16 -99.99   1.70   2.27   1.37  -2.85  -0.36 -99.99 -99.99   2.65   1.46  -1.05   1.66   0.49   0.11   5.84  -0.54   1.15   8.89   1.26   1.53   1.73   0.91   1.43   2.12   5.15  -4.40   5.27   5.59   1.60
195112   5.55   2.00   3.68   2.66   0.82  -0.20  -2.36  -1.98   2.19   1.23 -99.99   1.43   5.47   8.15   2.02   1.20   2.87   0.83   0.35 -99.99   3.49   4.99   3.53   1.93   0.45 -99.99 -99.99  -0.51   1.98   4.38   3.27   0.88   2.83   1.05   6.33   8.49   2.81   3.71   2.91   1.68   0.13  -0.27  -1.11   3.32   9.64  -1.99   5.75   3.35
195201  -0.99   0.92  -3.03  -3.95   5.24   4.67  -0.80   1.12   0.39   1.30 -99.99   1.32   0.81  -3.22   0.56  -5.53  -0.15   3.69   3.05 -99.99   0.73  -0.52  -1.24   4.66   1.27 -99.99 -99.99   4.10   4.20   6.57   3.08   0.14  -2.16  -1.03  -3.42  -5.69  -1.29  -2.95   0.54   1.78   0.04  -0.51   3.65   0.04   2.25   2.68   4.49   2.73
195202  -5.52  -0.63  -5.00  -3.19  -2.59  -0.03   0.08   3.34  -0.50  -4.86 -99.99 -10.36  -3.90  -3.29  -5.30  -3.61  -1.74   3.76  -5.95 -99.99  -2.29  -4.13  -0.24  -4.49  -2.49 -99.99 -99.99  -5.13   0.59  -3.53   0.71  -0.66  -8.14  -3.80  -4.06  -1.36  -0.76  -4.28  -2.22  -1.15  -3.23  -3.60   1.45   2.71  -4.97  -1.72  -1.36  -5.56
195203   5.42   0.94  -0.53  -0.27   1.90  -1.05   1.13   3.98   2.21   3.43 -99.99   2.59   0.36   3.28   3.22   3.46   2.91   3.43   1.85 -99.99   2.91   7.91   8.75   1.01   2.08 -99.99 -99.99   2.52  -1.41   8.79   2.23   1.25  -2.51   3.28   1.56   4.07  -0.68   2.11   2.64   7.65  -0.66   2.50  10.87   4.60   3.48   8.55   3.77   5.00
195204  -2.64  -2.32  -4.05  -9.14  -3.83  -5.01  -6.03   0.46  -5.09  -2.91 -99.99  -8.60  -5.07  -7.23  -4.84  -5.12  -5.14  -3.24  -7.75 -99.99  -4.59  -4.02  -3.83  -6.32  -0.49 -99.99 -99.99  -4.85  -8.39  -7.62  -1.80  -0.71  -5.19  -4.62  -2.75  -4.50  -2.89  -9.31  -6.07  -2.86  -6.07  -1.45  -2.31   2.62  -0.32  -4.83  -4.86  -2.15
195205   4.80   1.76   4.23   1.79  -0.46   5.24  -9.57   4.19  -0.09   1.54 -99.99   6.74   2.36   6.45  -1.24   5.38   3.22   1.03   2.51 -99.99   2.90   2.74   4.14   7.20   1.84 -99.99 -99.99   3.61   1.70   3.38   2.99   1.01  -1.12  13.25   3.60   4.04   0.82   1.31   2.35   5.05   3.71   2.67   1.72   1.72   4.10   2.67   2.54   0.09
195206   1.57   2.17   2.16   2.85   3.73   3.92   0.43  -1.32   2.43   3.45 -99.99   1.66  -1.52   3.87   0.29   5.40   1.97   4.69   5.81 -99.99   1.77   6.55   6.16   7.36   3.09 -99.99 -99.99   3.70   2.26   5.20   1.10   2.10  13.67   1.55   5.42   7.02   1.15   1.99   4.98   6.68   2.03   2.90   6.04   3.07   4.87   4.00   1.55   0.05
195207  -3.15   0.99   0.00   5.64  -0.65   0.09  -2.28   4.04   2.10   2.40 -99.99  -3.61  -5.02   1.31   2.99  -1.56   0.58  11.04   3.43 -99.99   3.72   1.37   2.36  -0.19   1.30 -99.99 -99.99   1.61  -0.24  -0.91   2.19   0.20  -8.70   3.15   1.59  -1.81   3.02   2.81   3.93  -0.15  -0.90   2.15   1.78   5.20   0.36   2.81   2.19  -0.59
195208   3.85   1.22   1.35  -0.29   1.64   6.65   5.70  -2.77  -0.08  -1.83 -99.99   3.14  -0.94  -1.54   2.53  -0.31  -0.33   2.76  -2.45 -99.99  -2.11  -0.48   1.50   1.23  -1.06 -99.99 -99.99   0.14  -1.30  -2.70   1.91   0.86  -4.82  -3.73  -0.97   1.31  -0.57  -1.19  -0.92   0.55  -1.71  -0.16   3.03  -0.86   0.50  11.19  -1.37   2.67
195209  -6.27  -1.58  -0.53 -12.75   0.09  -2.85  -0.71  -0.62  -0.66   1.84 -99.99  -1.58  -4.64  -1.73  -4.02  -5.72  -1.32  -5.89  -3.68 -99.99  -1.71   3.03  -0.92  -1.87  -1.25 -99.99 -99.99  -2.15  -0.60  -4.40   0.39  -0.37  -9.42  -1.40  -1.26  -3.97  -0.29  -4.76  -0.30  -1.03  -3.89  -0.44   2.78   1.02   1.38   5.06  -0.35   2.93
195210  -4.88  -1.21  -1.37  -2.25   6.65  -0.92  -7.30  -0.17   0.87  -1.07 -99.99  -5.25  -0.95  -2.08  -2.46  -7.19  -3.25  -0.74  -1.44 -99.99  -2.02  -0.89   1.26   1.47  -1.40 -99.99 -99.99  -4.74  -2.75   0.48   0.51   0.99   5.63   1.39  -0.83   4.00  -5.28  -0.57  -1.12   0.17   0.47  -1.32  -1.15  -2.26  -3.10  -2.72  -4.46  -5.16
195211   2.75   4.75  11.11   9.72   8.02   5.38  10.12   7.34   4.78   4.81 -99.99   4.68   7.57   9.97   7.59   5.97   6.97   0.87   7.76 -99.99   7.46   9.96   7.69   5.50   6.71 -99.99 -99.99   5.50   5.84   1.89   5.16   4.00   1.17   3.91   5.21  12.87   5.34   5.31   7.69   6.69   4.36   4.28  -1.98   8.69   8.65   4.39   5.76   5.35
195212   1.87   1.23  -5.50  -0.67   0.46   4.89   6.72   2.01   1.20   2.15 -99.99   1.03  -2.33   1.71  -0.74   3.76   2.62  -0.89   4.11 -99.99   2.09   2.69   6.90   3.28   0.81 -99.99 -99.99   2.10   1.46   4.56   1.80   0.88  -2.78   2.37   3.80   6.45   1.56  -0.40   2.97   4.07   2.38   1.36   9.07   1.86  -0.89  10.00   6.11   0.14
195301  -1.05   2.89   3.38   0.20   4.33   1.96   0.31   3.14   0.52   0.87 -99.99  -6.01  -5.01   0.17   2.33  -2.39   2.60  -1.53   1.63 -99.99   0.01  -1.92  -0.33   8.41   4.16 -99.99 -99.99  -0.84   2.98  -3.11   0.92   0.93  -2.76   0.29   0.10  -2.22   0.32  -0.42  -1.13   1.32   0.14   0.82   0.83   0.93   2.57   3.25  -1.61   1.18
195302  -5.54   1.16   4.58   0.21   5.65   2.08   3.74   7.53  -0.18  11.96 -99.99   3.42   1.93  -2.66  -0.27   1.78   0.72   1.52  -0.25 -99.99  -0.63   1.78  -1.18   1.44   1.29 -99.99 -99.99   2.76  -2.49   0.37   0.41  -0.42   0.04   1.08   0.89  -4.45   2.30  -2.87   1.72  -1.15  -1.61  -0.01   6.43   0.44  -2.93  -0.30   1.21  -0.19
195303   4.00  -0.72  -1.75  -1.50  -4.47   7.09   4.70  -0.73  -0.67  -4.46 -99.99   1.09  -0.32   0.33  -0.97  -4.83  -0.68  -1.46  -4.71 -99.99  -0.82  -1.12  -4.40  -5.63  -1.68 -99.99 -99.99  -2.96  -5.26  -0.36   0.05  -0.47   2.10  -0.25  -0.06   4.59   1.06  -3.42  -1.34  -2.70  -1.63  -0.83  -3.62  -1.20  -1.48   2.66   2.19   1.18
195304  -3.54  -0.46   7.79  -3.91   4.87  -2.65  -2.89   1.23  -2.75  -0.64 -99.99  -4.92  -5.41  -3.32  -1.06  -2.82  -1.90  -3.41  -2.07 -99.99  -1.61  -0.47  -2.12  -4.45  -3.48 -99.99 -99.99  -2.36  -7.52  -5.03  -3.19  -1.04  -2.10  -2.80  -5.77  -2.80   0.51  -3.99  -2.28  -2.66  -3.18  -0.63  -3.17  -3.52  -3.17  -1.84  -5.38  -2.37
195305  -0.42   0.52  -4.82   0.83  -0.32   3.64  -0.60  -1.19   0.24  11.32 -99.99   0.64  -0.13   0.08   1.97  -0.52   0.10   0.28   0.20 -99.99  -0.47   1.91  -0.28   2.54   3.85 -99.99 -99.99  -2.19  -0.94   1.76  -0.03   0.35   3.47   1.52   2.37   4.30  -1.72  -0.93   1.98   2.65   0.17   1.60  -0.94   1.47  -4.35   2.54   0.28   2.06
195306   2.41  -2.13  -1.77  -1.21   1.76  -5.37  -1.19  -4.46  -4.30  -4.70 -99.99  -1.22  -3.58  -1.17   1.61  -0.35  -3.85  -7.27  -2.77 -99.99  -4.13  -1.90  -3.05  -2.99  -4.17 -99.99 -99.99  -3.95  -0.82   0.04  -2.85   0.56   0.51  -0.65  -2.93  -4.64  -0.08  -4.10  -0.76  -1.35  -6.71  -2.18   2.52  -3.79  -0.64  -3.70  -1.87  -1.31
195307   1.40   2.68  -0.66   3.66   4.48   3.14   3.16  -1.56   5.22   4.95 -99.99   6.57   3.26   2.79   2.11   1.47   2.17   2.52   3.12 -99.99   0.48   2.06   0.52  -0.48   0.90 -99.99 -99.99   1.20   0.72   3.91   3.37   0.88  -2.03  -1.25   1.82   2.78   1.16   0.55   3.35   0.94   0.41   2.29  -0.32   0.75   0.21   2.10   0.80   0.44
195308  -3.04  -2.59   0.66  -2.46  -5.53  -6.16  -6.25  -8.33  -3.46  -9.04 -99.99   2.31  -0.27  -2.84  -0.89  -5.36  -4.89  -6.78  -8.22 -99.99  -6.37  -6.82  -6.46  -2.62  -4.50 -99.99 -99.99  -5.97  -6.35  -6.27  -0.31  -0.74  -1.95  -1.23  -2.39  -4.85  -1.18  -6.22  -4.47  -8.64  -0.04  -2.42  -8.94  -0.42  -1.08  -1.62  -4.56  -0.92
195309  -3.80  -0.20   6.71  -2.69   3.54  -1.12  -2.70   2.91  -1.38   2.22 -99.99  -1.11   0.65   1.90  -1.26  -1.58   0.54  -1.55  -0.61 -99.99   0.39   6.00  -0.43   3.69  -4.23 -99.99 -99.99   0.33  -1.49  -2.14   1.62   1.86  -7.00  -5.39  -1.98   4.22   2.29   1.07   3.44  -1.35  -2.53   0.26  -0.83   2.14   3.62  -5.84  -2.42  -1.13
195310  -5.79   2.09  -4.40   3.09  -2.11   4.62   2.29  11.81   5.77   2.15 -99.99   4.41   2.41   4.38  12.35   0.35   7.21   1.43   8.14 -99.99   4.28   7.72   8.05   5.55   5.67 -99.99 -99.99   3.97  -0.87   5.77   4.48   1.31  -0.29   3.16   1.90   8.08   8.10   4.40   6.81   2.65   0.80   0.67   0.41   4.56  -0.81  10.65   5.47   0.55
195311  -0.52   2.93   5.26   4.60  -7.85   4.17  11.58   2.53   3.94  -4.00 -99.99   7.63   8.03   4.74   1.05  -0.60   2.71   0.79   2.10 -99.99   3.19   6.85   0.76   4.47   3.96 -99.99 -99.99   0.63   1.84   2.02   3.03   2.32   3.94  -1.62   1.47   1.72   0.28   1.06   7.23   1.44   1.79   3.24   7.01   4.70   8.17  -2.62   1.99   3.03
195312  -0.04   1.04  -3.00  -1.43  -4.34  -2.22   3.11  -0.26  -0.22  -4.25 -99.99  -3.37  -1.04   0.80   8.04  -3.71   1.94  -3.68  -1.06 -99.99  -0.34  -0.53  -0.81   3.01  -0.83 -99.99 -99.99  -1.36  -5.57   0.52   0.60   0.51  -5.11   5.12   3.99   0.60   1.48  -1.42   1.28  -3.32  -0.90   1.17  -3.08   1.94  -0.56   1.85   0.36   3.35
195401   8.09   3.77   5.92   6.52   1.78   3.53   3.37   8.10   3.73   6.81 -99.99   4.01   5.88   1.08   8.63   8.02   5.97   7.10   7.50 -99.99   7.94   8.10   5.59   9.29   7.45 -99.99 -99.99   7.39   9.26   8.75   3.30   1.83  12.63   3.36   6.63   4.58   6.99  15.24   4.59   6.94   8.07   3.16  10.24   4.89  -1.76   5.56   4.86   5.88
195402   0.67  -0.22   1.86  -0.24  -3.33  -1.07   3.08   6.27  -0.06   0.87 -99.99   0.27  -0.24   0.04  -1.59   1.24   2.68   0.79   0.40 -99.99   2.45   7.57   1.55   6.82   3.61 -99.99 -99.99   3.06  -9.64   3.08   1.55   2.64  -1.21   2.38   6.07   2.25   3.64  -0.45   1.42   1.21   2.79   0.31   0.36   1.44   5.14   2.75   1.70   2.85
195403   1.79   2.57   1.95  -3.49   0.42   2.86   5.95   1.91   4.64   1.32 -99.99  -1.62   0.55   4.47   1.02  -2.54   2.56   3.99   5.61 -99.99   1.92   5.42   3.74  15.64   3.19 -99.99 -99.99   0.73  -0.35   4.44   2.98   1.70  11.08  -0.06  14.75   9.81   5.25   0.81   6.56   0.30  -1.02   0.43   1.06   4.48   3.30  -1.15   6.18   0.00
195404   3.91   0.88  -3.66  -0.44   3.88   4.87  -0.39   7.28   3.52   3.27 -99.99  -3.62   1.87   6.74  12.64  -5.06   5.54   4.70   6.09 -99.99   5.02  10.73   3.35   0.06   2.04 -99.99 -99.99   3.17  -7.43   6.10   1.10   2.07  -4.19   0.85   1.91   5.52   3.62   3.82   8.40   1.50   1.53   1.46   9.57   3.32   6.94  -0.90   6.83   0.06
195405  -6.93   2.01   5.06   5.78  -0.20   0.35   5.26   3.97   5.72  -0.28 -99.99   8.41   0.72   3.57  -0.49  12.88   2.30   0.25   6.41 -99.99   4.67  -3.46   4.32   7.56   5.09 -99.99 -99.99   7.87   9.23   3.10   2.70   1.09  -3.86   0.53   5.80   4.70   5.93   9.79   1.88   4.78   0.91   2.79  10.48  -0.07   1.28  -0.67   3.55   1.77
195406  11.33   2.59   5.54  -2.22  -9.29   0.35   1.31   2.64   4.92  -0.17 -99.99   3.46  -3.25   3.73  -2.41   1.71   4.89   3.90   1.22 -99.99   2.12  12.68   1.69   3.94   2.88 -99.99 -99.99   0.94   1.77  -5.81   1.32   0.53   3.30   0.86   2.77   8.31   0.84   5.90   5.88   0.97   4.76   2.26  10.67   3.44   3.97   3.54   3.21   2.09
195407  -0.96   5.96   8.72   9.08   8.17   9.03   6.92   5.30   2.25   8.36 -99.99  -2.49   9.76   2.38  -0.61   7.85   6.41   0.43   7.46 -99.99   4.89  -1.37  10.21  16.37   6.92 -99.99 -99.99   4.10  -0.26   4.14   5.46   4.26   4.13   6.91   4.84   4.07  -0.72   8.85   5.70   6.95   6.44   4.01  11.86  10.25   8.01  14.10   4.14   5.01
195408  -2.98  -2.61   1.07   0.22  -1.31  -5.51   8.09   0.13   1.71  -5.64 -99.99  -1.67  -2.68  -3.30  -2.14  -3.50  -3.93  -6.13  -6.15 -99.99  -2.61  -5.28  -3.66   2.81  -1.74 -99.99 -99.99  -3.12   6.26   0.34  -1.72  -1.68  -1.30  -0.83  -2.21  -5.54  -2.33  -1.98  -4.51  -3.51  -0.44  -0.15  10.66   0.96  -2.79  -2.63  -0.72  -1.94
195409   4.72   3.29   0.11   2.29   5.59   4.05   5.92   4.63   5.26   3.25 -99.99   5.71   2.44   7.20   1.02   4.97   5.04  -6.10   7.52 -99.99   5.74   6.49  13.43   2.69   2.83 -99.99 -99.99   6.89  10.66   9.68   1.98   2.62   9.27   3.79  10.14   0.73   3.96   6.63   4.62   3.69   2.16   4.74   5.81   4.91   0.15   6.20   2.19   7.21
195410  -0.50  -2.03   1.08  -1.22  -2.98  -5.95  -5.15  -3.76  -0.95  -0.12 -99.99   0.71  -1.94  -4.37  -1.28  -1.82   1.98  -1.20  -0.01 -99.99   1.75  -2.15  -0.43   0.39  -0.24 -99.99 -99.99  -0.90  -3.51  -2.09  -3.84  -0.80  -5.33   8.64   2.84  -2.93  -5.52   2.68  -0.37   1.77  -2.71  -2.41  -2.02   0.53  -7.97   3.52  -1.10   1.27
195411   7.96   6.62   2.13   6.88   3.53   5.18   8.88   5.97   7.05   2.75 -99.99  11.75  12.67  14.60   8.40   9.95  13.13   5.84  15.37 -99.99   9.73  10.39   5.72   9.00  10.61 -99.99 -99.99  13.40  18.93   8.01   5.66   3.46   4.51  -1.92  18.44  20.72  21.68  12.46  12.11  12.88  10.86   8.28  11.76   9.12   9.87   2.59  13.84   5.76
195412   5.25   2.19  20.42   8.30   7.75   6.50  10.87   3.43   2.90   2.82 -99.99   1.92   6.71   3.75   5.36   7.78   3.35   9.92  12.23 -99.99   6.20   4.91   7.56  17.01   7.31 -99.99 -99.99   2.84   9.21   6.69   3.51   1.52  17.35   5.09  -0.66   3.00   4.38   5.34   5.53  12.47   5.37   2.01  16.73   2.53   8.01  12.19   5.77   3.41
195501  -5.69   1.30   5.26  -4.00   1.24   2.97  -2.49  -1.14  -1.08   3.53 -99.99  -4.31  -2.69  -2.80   6.70   1.66   0.83   0.83   3.23 -99.99  -0.01   3.60   0.76   9.22   7.95 -99.99 -99.99   1.48  -2.01   0.54   1.49   0.84  -3.92   0.69   6.06  -1.91   1.20  -0.51  -4.09   0.84  -1.39   1.96   3.76   0.50  -1.38   6.27   2.18  -0.84
195502   3.75   1.39   1.67   1.63  -0.91  11.58   0.04   5.60   3.92   3.79 -99.99  -2.80   3.59   4.35  13.19   2.77   4.48   4.73   4.57 -99.99   4.13   3.73  -0.94   2.71   5.18 -99.99 -99.99   0.63   3.54   2.13   3.68   4.04   6.34   0.62   7.17   5.72   3.75   8.62   4.19   4.89   0.98   1.33   2.08  -0.01   0.40  -8.67   5.51   3.69
195503  -0.77   0.08   5.41  -2.15  -0.15  -1.50  -3.09  -3.88  -1.50   5.55 -99.99   1.13   6.70  -0.98  -1.92  -5.26  -0.24  -3.27   3.31 -99.99   0.60  -3.72   0.03  -7.20   7.49 -99.99 -99.99   6.26   0.35   0.08  -0.79  -0.09  -3.40  -2.95   1.54  -0.30   0.87   6.06   0.36  -0.35  -2.02  -1.50  -5.77  -0.07   3.73   0.25  -1.16  -3.85
195504   4.26   3.73   0.79  -1.41   8.79   3.35   6.22   0.62   2.03   4.57 -99.99   4.31  -0.42   7.96  -2.85   2.27   4.11   0.58   2.51 -99.99   1.87   4.14   5.50  -6.71  -7.30 -99.99 -99.99  -0.40   1.58   0.65   2.58   1.97  -5.84   0.78   6.00   4.67   9.22  -0.87   5.01   4.85   3.01   1.80   6.59  -0.81  -0.13  -1.98  -1.82   9.03
195505   3.47  -0.21   0.00   2.93  -2.12  -5.30   2.54  -3.95  -0.09   2.72 -99.99   6.60   2.78   5.08  -0.81   0.12   2.45  -0.35   1.82 -99.99  -0.98  -0.41  -0.49  -0.59  -0.88 -99.99 -99.99   4.89   8.60  -0.69  -0.09   1.24  -7.18   0.14  -0.58   9.01   2.71   4.00   4.02   1.65   0.37   2.95  -4.49   5.20  -3.02  -3.29  -1.62  -4.53
195506   1.89   2.58  -1.88   3.40  -1.01   1.75   3.45   8.74   2.63   8.79 -99.99   6.48  -0.51  12.00   1.95   5.65   4.11  -0.20  12.02 -99.99   4.95   2.13   9.22  -1.92   4.27 -99.99 -99.99   0.76   9.57  10.78   1.67   0.49   2.79   8.74  10.40  -2.68  -0.12  17.38  10.82   1.52   1.65   4.47  10.48  -0.30   5.11   4.37   6.32  -0.45
195507  -3.30   1.45   0.81   0.52   7.27   0.23   0.16  -0.31   1.43  14.53 -99.99  -0.24   0.19  -1.87   6.37   2.48  -0.52   0.43  -0.37 -99.99  -0.36  -3.46  15.23  -1.93  -2.94 -99.99 -99.99  -5.05  -0.52   2.86   0.14   2.68   5.78  -2.15  -2.10  -8.54  -2.39  -9.45  -3.06  -2.29   2.82   2.00  -0.43  -0.32  -1.84   0.23  -0.05  -2.80
195508  -0.01  -1.63  -0.80  -0.32   1.89   0.81  -1.43  -4.46   1.51  -1.18 -99.99  -5.00   0.75   2.53  15.91  -1.43   0.89   2.83   5.98 -99.99   0.27   3.14  -2.78   9.14   1.76 -99.99 -99.99   3.46   4.83  -1.16  -2.25  -2.47  -4.45  -0.74  -5.31   2.33   2.17   1.25  -0.46  -0.82  -0.27   1.86  -4.35   2.11  -2.59  -3.66  -0.22  -0.60
195509  -4.35  -2.57   2.90  -0.75   3.13  -7.23  -4.95  -2.32  -2.92   2.59 -99.99  -8.37  -2.63  -2.20   0.62  -1.03   0.25  -1.83   0.81 -99.99   0.07  -6.12   8.54  -2.28  -3.09 -99.99 -99.99  -1.93  -3.56  -0.19  -0.04   1.09   5.98  -0.34  -2.98  -3.74   0.57  -1.44  -0.43  -1.09  -3.30   3.48  -3.73  -3.52  -2.95  -0.26  -4.18  -1.10
195510  -1.94   0.00  -2.38  -6.03  -0.26  -5.20  -2.61   0.98  -2.55   2.67 -99.99  -3.54   1.26  -1.94  -3.06  -1.87  -3.02   4.57  -5.47 -99.99  -1.98  -4.71  -4.72   4.62  -1.37 -99.99 -99.99  -4.57   1.27  -0.94  -1.37  -1.15  -0.71   0.68  -5.70  -3.11  -2.98  -0.81  -2.17  -2.92   1.25  -2.57  -2.14  -0.06  -4.14  -7.65  -1.41  -2.59
195511   2.23   3.40   4.88   3.23   4.55   5.54   1.67   9.88   3.17  -5.57 -99.99   8.61   6.02   7.28   7.05   3.33   4.32   3.68   8.80 -99.99   8.82  11.64   9.26  11.83  10.66 -99.99 -99.99   8.13  11.27   8.49   5.88   1.69  -6.13   5.81  10.74   7.78   5.85   5.64   8.03   8.17   2.87   5.78  -0.31   0.55  15.86   6.77   5.59  -0.76
195512   0.22   0.82  -7.29   2.09   1.78   2.68  -1.46   5.11  -0.08   0.11 -99.99   6.23   6.22   1.88   2.23   0.83   2.78   2.82   2.42 -99.99   3.80   5.49  -2.30   8.28   6.48 -99.99 -99.99  -1.97   8.28   3.66  -2.69   0.93  19.18  -0.99   5.14   6.85  -2.11   6.02   2.75   0.14   1.32  -0.98   4.98   1.87   0.60   2.95   2.38   1.55
195601  -2.77  -1.92  10.17   0.38  -0.20  -5.17  -5.61  -0.61  -3.35  -1.53 -99.99 -12.56  -5.88  -4.46  -6.96  -1.15  -3.88   0.15  -4.22 -99.99  -4.04  -5.02  -6.87  -6.95  -5.64 -99.99 -99.99  -2.86   6.80   0.50  -2.67   1.79  -2.86  -3.97  -4.59  -7.84  -4.42  -0.80  -5.16  -3.08  -0.70  -4.20  -5.00  -4.03  -3.66  -0.81  -3.35  -0.70
195602   3.64   2.29   1.23   0.06  -3.24   3.58   7.63   6.90   6.46   1.54 -99.99  11.47   7.95   3.75   1.52   0.59   4.51  -5.18   4.91 -99.99   5.19   6.39   5.52   4.55   2.04 -99.99 -99.99   4.24  13.52   4.24  -0.95   0.16  -2.56   3.43   4.87  10.34   6.86   4.85   8.66   3.31   5.88   2.56  -0.07   2.28   3.50   6.81   4.94   4.99
195603   0.45   1.90  -3.08   4.75   1.55   7.41  -0.73   4.02   3.92   5.71 -99.99   5.26   7.43   5.57   6.35  -0.56  10.35   1.14  10.41 -99.99   4.13   7.34   5.25  -0.69   3.32 -99.99 -99.99   4.19   7.45  11.28   1.74   1.34   4.40  -0.16  15.12  13.38   6.13  11.37  10.83   7.40   3.98   0.19   2.06   2.46   8.16  25.90   4.97   6.88
195604  -2.91   0.42  -3.17   2.17   7.72   5.18   1.53   4.12  -0.97   0.97 -99.99  -6.48   3.62  -0.92  -2.05  -3.19  -2.07  -0.21   4.41 -99.99   2.84  -1.99  -4.93   3.06  -0.21 -99.99 -99.99  -2.07  -5.19   3.60  -2.15  -0.83  -4.26  -0.73   1.66  -3.85   5.81  -0.11   2.39   1.34   2.64  -1.72  -1.41  -1.05  -7.60  -8.82   3.77  -3.33
195605  -2.55  -2.87  -1.64  -3.85  -4.10  -2.76  -4.36   3.89  -5.50  -2.00 -99.99   1.87  -1.51  -5.91  -2.63  -6.00  -3.68  -2.31  -9.37 -99.99  -2.97  -8.35  -4.92  -5.61  -3.71 -99.99 -99.99  -6.54  -3.15  -6.23   0.32  -1.10  -0.78  -5.30  -1.29  -3.17  -5.64  -5.43  -2.48  -4.62  -2.21  -4.34   2.15  -2.84  -3.84  -7.39  -7.37  -2.71
195606   0.64  -0.29   7.17   1.91   0.67   1.47   0.90   6.06   0.86   2.28 -99.99   6.01   3.36   3.95   5.93  -0.61   3.33   4.42   5.55 -99.99   6.41   3.81   7.04   4.41   3.02 -99.99 -99.99   0.61  10.14   2.62   1.01   1.21  18.31   0.66   9.35  10.69   4.73  -0.01   4.35   2.54   2.46   2.19   4.13   3.95  -2.63   0.92  -0.79   2.14
195607   1.00   2.80  -6.30   0.44   1.85  -0.22   1.03   7.33   2.40   0.53 -99.99  -0.33   3.41   2.78   0.56   0.58   5.07   7.35  10.52 -99.99   8.52   5.12   4.79   4.47   7.72 -99.99 -99.99   2.53   2.40   6.16   5.24   2.71  -6.90   0.97   4.68   5.95   5.61   9.92   4.74   2.28   8.39   4.67   4.70   2.28   1.93   7.65   4.08   0.90
195608   0.79  -1.72   4.20   1.88  -2.13   5.80   0.28   4.40   1.68   0.96 -99.99  -4.81  -2.92  -3.56  -2.41  -2.38  -5.23  -3.84  -1.88 -99.99  -3.68  -2.75   0.33   8.28  -1.53 -99.99 -99.99   3.26  -5.58  -5.26  -2.48  -1.32   1.42   0.06  -5.01  -5.32  -2.34  -7.41  -7.35  -4.42  -2.92  -4.14  -2.03  -0.81  -5.33  -5.82  -3.25  -2.29
195609  -4.33  -3.03  -1.94  -1.70  -4.17   2.64  -4.54  -9.47  -3.82  -2.44 -99.99  -4.17  -3.64  -6.81   6.48  -2.10  -5.90  -4.08  -4.54 -99.99  -3.03  -7.23  -1.96  -4.72  -4.46 -99.99 -99.99  -5.95  -2.29  -5.67  -3.87  -2.76   5.47  -1.93  -6.84  -5.44  -6.76 -11.01  -7.59  -3.02  -3.42  -4.92  -4.85  -4.88  -3.60  -0.97  -4.25  -1.05
195610  -0.95   0.18   0.00  -2.00   2.74   7.09  -0.55   3.67  -2.05   0.98 -99.99  -3.02   0.89   0.66   1.99   1.52  -2.64   2.08   0.80 -99.99   3.25   3.84  -0.57   4.23   2.12 -99.99 -99.99  -1.32   7.48   0.46   1.16  -1.43   4.43   0.49   3.26   2.00   2.86  -3.62   1.35   0.97   1.51   1.16  -0.02  -1.32   4.93   2.09   0.95  -0.11
195611  -1.30   0.42   0.00  -1.64  -1.05   8.82  -3.78  -0.74  -1.60  -0.94 -99.99   3.94  -1.75  -3.25  -2.55  -1.40  -4.48   5.89   2.50 -99.99   2.07  -1.94  -3.48   2.55   7.24 -99.99 -99.99   1.11   5.66   5.43   0.43   1.55   0.14   3.85   3.76   7.78   2.53  -5.02  -2.79  -1.05   2.01  -2.42   1.40   1.42  -3.35  -0.64   3.65  -1.05
195612   1.20   1.09   0.67   5.67   2.42  -0.21   4.83  -4.51   4.88  -0.38 -99.99   3.02   6.32   5.09   7.24  -0.46   4.28   6.14   4.09 -99.99   6.70   3.81   2.00   3.90   4.88 -99.99 -99.99   2.94  -0.86   4.09   1.77   2.58  13.82   1.69   8.43   2.10   0.73   4.49   1.48   2.13   3.64  -0.71   4.67   1.08   3.18   5.58   1.37   6.16
195701   4.44   0.98   5.88  -0.13   4.59  -4.45   3.83   2.92  -3.31   1.16 -99.99  -2.03  -2.28  -5.57  -3.49   2.46  -2.97   0.75  -9.28 -99.99  -1.88  -7.38  -5.24  -2.87   1.95 -99.99 -99.99   0.20  -5.09  -4.06   2.66   2.89  15.13   0.18  -3.48  -7.39   1.54  -4.08  -2.53  -1.60   4.31  -1.63   6.22   0.65   4.73   7.11   1.48  -0.67
195702  -2.06  -1.17  -0.40   1.35  -1.14  -0.54  -1.93   1.81  -2.23   0.77 -99.99   4.31  -0.75  -1.91   1.89  -7.04  -2.35  -1.70  -4.07 -99.99  -1.84  -0.18  -1.88  -9.05  -0.58 -99.99 -99.99  -0.23  -7.38  -2.11  -0.34   0.34  -2.34  -0.86  -1.82   3.22  -5.17  -2.72  -1.02  -4.51   1.42  -1.07  -6.61   0.54   6.88  -2.87  -4.05  -3.68
195703   5.75   0.95   1.83   1.82   1.10   4.32   2.90   2.08   4.73   0.92 -99.99   4.47   8.55   2.50   5.53   2.02   1.24   4.79   2.14 -99.99   1.93   5.30   0.52  -0.49   0.88 -99.99 -99.99   4.59   0.93   3.15   1.72   1.54  13.07   1.02   3.97   8.29   2.23  -0.02   1.23   1.37   1.13   2.26   0.27   4.72  -2.31  -1.29   4.05   5.57
195704   1.37   1.31  -3.17   1.70   0.50   3.23   2.18  12.19  -0.36  -2.07 -99.99   1.64   5.76   5.39  -2.92  -0.07   1.00   7.91   4.27 -99.99   2.83   7.25   7.44  -0.10   5.99 -99.99 -99.99  -0.63  -1.24   6.88   3.16   0.50   0.03   3.88   8.72   7.41  10.15  -4.91   1.14   1.91   2.00   0.10   3.41   3.64   5.45   3.77   5.61  -1.12
195705  -0.53   0.76  -4.10   4.23  -0.87   6.91   2.95   8.45  -0.76   1.64 -99.99   0.55   5.13   3.68   2.08   5.06   7.20   2.09   2.03 -99.99   2.28   4.23   1.26  -0.15  -0.74 -99.99 -99.99   1.00   5.79   7.52   2.28   1.02   4.63  -2.29   8.25   5.22   7.84   6.30   4.85   0.82   4.82   2.53  -0.46   2.85  -1.94   6.27   3.78   0.95
195706   2.44  -0.22   1.11   0.88  -1.57   1.75   0.32   3.70   0.28  -0.01 -99.99   0.48   6.93   0.00   0.35  -1.96  -0.50  -4.16   1.06 -99.99  -2.36   2.27   0.00  -6.26  -4.59 -99.99 -99.99  -0.52  -2.47  -1.61  -5.11  -2.11   0.68  -1.63   9.12   5.96   7.40  -0.65   4.34   0.98   0.02  -2.26   2.03  -3.20  -2.17  -4.83  -3.21  -0.13
195707  -4.12   1.75  -0.86  -1.66  -0.48   5.92   0.74   0.93   4.14  -0.31 -99.99   9.93   2.51   1.64  -0.59  -0.62   2.68   1.57  -0.09 -99.99  -1.58   0.54   3.38  -5.25   0.17 -99.99 -99.99   0.42  -1.42   1.07   0.02  -0.27   0.19   1.14   1.09   5.34  -0.41   0.05  -0.90   2.01   0.09   2.72   1.68  -0.20  -5.07   0.05   1.05   0.84
195708   2.72  -2.19   3.46  -4.01   2.89  -7.78  -3.66  -5.98  -1.80  -4.40 -99.99  -6.93  -1.92  -6.64  -5.96  -7.55  -7.54  -6.07  -7.05 -99.99  -5.59  -6.71  -3.06  -0.78  -2.69 -99.99 -99.99  -6.83  -7.90  -5.63  -2.59  -0.05   3.65  -1.01  -6.98 -10.72  -7.91 -13.20  -5.52  -6.20  -8.72  -2.17  -5.28   0.28  -4.39  -3.64  -5.30  -6.40
195709  -5.62  -1.72  -0.59  -5.21   5.38  -6.43  -3.69   0.14  -1.47  -1.58 -99.99  -1.47  -3.87  -6.41  -3.85  -5.76  -5.91  -6.16  -8.77 -99.99  -7.38  -6.56  -7.40  -9.93  -9.52 -99.99 -99.99  -8.29  -9.39  -7.82  -1.70  -2.23   3.32  -0.80  -4.81  -8.81  -7.85  -1.08  -4.38  -6.96  -4.77   0.29   0.00  -0.43  -4.63  -4.89  -6.50  -6.85
195710  -4.91  -1.63  -0.85  -2.10   1.00  -5.01 -12.00 -10.38  -2.66  -5.11 -99.99  -2.42  -0.32  -3.51  -3.73  -8.41  -3.90  -7.10  -7.81 -99.99  -6.60  -3.72  -3.81  -4.55  -2.72 -99.99 -99.99  -5.99  -5.16  -5.66  -0.65  -2.08  -1.56  -1.53  -2.87  -7.02   4.79  -9.04  -3.69  -6.81  -7.28  -3.26  -9.67  -1.21  -2.67 -12.16  -9.20 -10.16
195711   1.44   3.64   5.17   5.25   3.83   5.10   4.98   1.69   3.11   0.25 -99.99   5.61   7.92   4.84   2.00   3.09   4.45  11.61  -1.21 -99.99  -1.37   8.21  -4.44  15.71   4.81 -99.99 -99.99  -4.25  -1.59   2.45   4.38   1.49   5.22  -2.84   3.79  11.26   2.52   9.39   6.50  -2.51   1.87   1.36  -5.69   6.35   1.68   0.03   3.87   5.39
195712  -7.42   2.09  -1.80  -2.96   3.20  -3.06  -5.19  -2.82   2.29  -2.08 -99.99   1.22  -0.49  -3.22  -5.00  -8.01  -4.18  -8.73  -8.87 -99.99  -7.51  -5.62  -6.95  -6.22  -4.81 -99.99 -99.99  -4.54  -8.17  -6.85   2.51   1.25  -1.32   1.09  -1.09  -8.16   1.13  -4.58  -2.82  -6.49  -0.95  -1.93   0.60   0.37  10.47  -5.66  -5.10  -2.51
195801   9.72   6.85   1.69   7.30   5.99  10.21   9.61   7.44   2.79  11.79 -99.99   8.61  -0.66   3.48   8.97  17.24   7.74  19.32   9.00 -99.99  10.72   4.10   4.19   5.26   7.42 -99.99 -99.99   7.63   9.29   1.49   6.24   4.27   3.95   3.13   5.57   0.89   4.24   9.56   4.68  12.01   4.36   8.39  10.78   8.08   4.21   5.62  10.79   2.65
195802  10.19   2.42   6.67   2.89   0.33  -1.22  -0.59  -6.08   2.33   1.60 -99.99  -1.41   5.40  -3.72  -0.29  -1.68  -0.07  -3.92   0.25 -99.99  -3.35  -3.95  -2.05  -2.37  -0.67 -99.99 -99.99  -2.96  -2.61  -4.63   1.29   0.65   3.77   1.13   1.92  -1.86  -0.29  -6.57  -1.84  -2.42  -0.38   1.57  -3.08   4.39   5.92  -1.15  -2.07  -1.80
195803   4.56   3.82  11.56   2.98   6.32   5.62   0.04   5.50   4.20   1.34 -99.99   9.77   7.37  -0.32   2.02   2.17   2.56   7.80   2.01 -99.99   3.79   0.88   2.28   0.82  -0.35 -99.99 -99.99   6.02   1.16   8.08   1.97   1.17   5.26   1.24   5.17   6.85   2.66   6.01   3.38   0.25   6.72   4.21  13.01   2.25   1.88  11.26   3.20   5.71
195804   7.39   2.74  -7.80   3.68   4.58  -1.93   4.10   5.29   2.36   2.27 -99.99   1.80   7.94   0.89  -3.82   5.95   0.73  -1.79   1.15 -99.99   2.59  -1.07   3.85   5.30   0.29 -99.99 -99.99   0.12   4.29   5.17   5.08   2.69   0.14   1.92   1.50  -0.08   2.07   7.54   1.65   6.79   2.19   3.04  -2.83   2.05   1.73   7.48   0.42  -1.00
195805   0.78   3.43   6.15   3.44   0.57   1.16   6.28   2.55   0.07   6.31 -99.99  -2.47   1.31   1.68  -0.44   5.52   1.74   0.10   6.89 -99.99   3.78   2.38   4.17   6.62   2.94 -99.99 -99.99   4.32   6.67   0.32   1.41   2.10   3.91   2.58   1.08   6.68  -1.56   0.69   4.94   3.72   4.49   3.63  12.32   3.59  -2.16  17.65   1.10   5.22
195806   5.50   2.40   5.65   3.08   3.98   7.89   4.71   0.62   2.80   5.77 -99.99  -2.00   3.58   3.00   3.11   1.00   3.18   1.88   0.76 -99.99   2.32   1.77   3.00   2.33   0.95 -99.99 -99.99   4.07   2.13   4.86   2.16   1.63   3.38   0.15   6.33   2.98   6.13  10.95   1.41   2.73   1.49   2.12   3.77   0.59   3.61   0.22   5.69   5.48
195807   0.65   1.77  22.22   3.30  -0.10   2.90   1.89  -4.62  10.22  -0.31 -99.99   7.36   5.82   7.74   2.80   8.07   6.57   1.22  11.54 -99.99   8.25   4.71   9.69   5.62   6.39 -99.99 -99.99   5.67  12.18   0.52   1.12   0.91   0.66   8.39   0.67   6.46   5.43   8.86   5.52   8.94   5.02   2.01   3.54   2.12   0.89   9.43   1.91   6.58
195808   6.82   2.16   0.00   5.08   2.30   8.64   5.58  12.41  -1.21   2.05 -99.99   1.34   2.06   2.64   3.26   7.30   2.34   0.73   2.90 -99.99   3.82   2.34  -0.41   0.11   1.12 -99.99 -99.99  -0.86   3.04   1.96  -1.04   2.32   2.13   1.27   1.76   2.25   2.20   7.03   2.85   2.68   5.03   5.51   5.47   6.22  -0.39   4.47   1.89   6.92
195809  -2.25   2.35   9.55   6.21   8.00  14.15   5.63   9.92   4.39   4.89 -99.99   5.54  12.08   2.98   4.07   6.00   3.60   5.01   8.36 -99.99   4.12   5.31   9.76  -1.31   1.85 -99.99 -99.99   1.09  -0.40   3.29   3.51   5.22   6.92   5.07   8.17  -0.25   6.59   4.65   4.19   7.43   2.20   4.09  13.61  -2.25  -2.07   0.11   3.34   0.37
195810   5.48   1.51  -0.52   5.99   1.71  15.70   4.50   5.59   9.25   3.28 -99.99   7.56   0.65   0.82   4.16   4.17   0.97   4.76   4.64 -99.99   3.04   4.55   2.36   6.82   3.94 -99.99 -99.99   2.87   2.34   1.21   4.24   1.32   3.09   2.85   6.39   5.46   2.80  -8.24   2.46   3.92   1.67   1.98   5.16   4.19   7.71   2.38   1.95   0.58
195811   0.99   5.36   0.00   5.54   1.78   2.35   5.55   9.60   4.43  -1.21 -99.99   7.42   8.08   3.48   3.39   3.17   4.95   6.40   0.74 -99.99   4.47   3.74   3.12  -0.84   2.89 -99.99 -99.99   3.11  -1.12   2.08   2.97   2.16   3.71   4.66   2.19  12.04   7.79   9.36   3.37   4.61   4.67   5.72  16.06   0.91   2.16   4.54   3.59  -1.60
195812  -0.86   3.92  -1.16   0.70   3.79  -4.37   2.32  -3.67   1.81   3.56 -99.99   6.33   4.55   5.71   2.70   3.38   5.48  -1.61   6.43 -99.99   3.02  11.18   3.85  -0.75   4.41 -99.99 -99.99   4.72   3.85   1.18   5.98  13.61   5.15   3.56  20.21   9.87   5.35   6.58   3.10   2.17   7.12   5.22  -5.83   4.15  11.15  -5.95   3.84   5.76
195901  -0.67   2.63  -2.15   2.50   8.80   5.97   2.87   2.74   2.17  16.91 -99.99   1.71  -0.76  -0.14   1.53   3.99   0.96   9.54   1.95 -99.99   1.57   0.17   0.30   1.47  -2.24 -99.99 -99.99   4.33   1.75   0.46   1.24   3.84   5.96   7.17  -5.25  -4.53  -0.35  -0.30   0.99   4.13   4.38   3.75  -0.15  -4.40  -1.47  -0.49  -0.66   0.61
195902   6.51   2.70  16.48   2.99   0.70  12.38   3.50  -2.03   3.42   3.05 -99.99  -2.28   4.24   5.21   5.13   5.33   4.34   3.45   1.30 -99.99   2.72   4.50  -0.20   5.98   3.39 -99.99 -99.99   0.98  -1.46  -7.42   1.25   4.79   1.77  -0.27   5.20   7.22   7.46  13.25   3.32   1.29   5.02   2.92   0.70   5.07   4.83   3.04   1.35   5.51
195903   0.80  -0.80   0.38  -2.44   2.36  10.68   1.16   2.90   7.98   1.98 -99.99   6.93   4.07   1.29   1.84   0.91  -0.55  -3.79  -3.72 -99.99   0.06   3.51  -0.71   4.90   1.28 -99.99 -99.99   1.14   0.23   2.11   1.65  -0.32  10.49   0.22   1.62   0.48   0.73  -1.19  -0.80   0.36  -1.50  -2.30   5.16  -4.63  -5.71   7.56  -0.02   3.75
195904  13.45   1.11   8.06   1.50   3.94  23.88   2.34  -2.78  -1.26  -0.70 -99.99  -8.94  13.17   7.09   0.34   4.46   4.65  -2.60   2.14 -99.99   3.79   6.78   9.42   2.48  -1.87 -99.99 -99.99  -1.45  -0.32   1.69  -1.12   4.68   2.42   1.30   7.18  11.24  14.96   4.40   1.65   4.16   4.67   1.42  -1.82   3.63  -1.55  -4.74   0.83  -4.73
195905  -4.03   4.61   4.82   0.84  -5.91  -3.36   2.19  -2.75   2.59   0.35 -99.99   2.40  -1.25   5.76   6.33   1.77   4.36  -0.90   4.89 -99.99   4.37   0.93   5.59   2.99  -0.52 -99.99 -99.99  -3.73  -1.07  -0.98  -1.07  -1.00  -5.10  -0.76  16.08  -6.63  -3.64   1.39  -1.04   0.79  -0.96   2.60  -2.63   3.86   0.07  -2.06  -1.88   4.37
195906  10.56  -0.90  -0.50   0.37   4.61   8.97   1.13   1.07  -0.89   1.88 -99.99  24.10   5.66  -1.39  -2.08   6.90   1.15   3.33   4.72 -99.99   3.97  -0.49   0.54  -5.17  -1.42 -99.99 -99.99  -3.27   2.16  -2.70  -2.23  -1.52   4.79  -0.92  -3.78   6.68   3.68  -1.51   2.41   1.61  -1.10   1.80   1.85   1.08   8.21  -0.54   2.62   1.08
195907   1.69   3.76  -9.75  10.30   0.80   1.61   4.97  12.12   2.25  -1.15 -99.99  -2.15   5.07   6.35   3.84   6.93   2.56   0.81   3.48 -99.99   2.53   0.08   7.03  -0.47   1.97 -99.99 -99.99   3.66  13.78   4.75   3.86   0.43   1.84   1.21  -3.38   5.48   7.55   0.54   2.95  -1.10   1.74   1.66   2.61  -1.34  -1.61  10.74   4.63   0.58
195908  -9.11  -0.45   5.16  -2.44   3.12  -0.89  -2.63   4.16   3.26  -0.51 -99.99   5.71  -3.94  -3.33   0.54  -2.93  -2.81  -2.31   1.90 -99.99  -1.73  -3.11   1.65 -13.85  -2.62 -99.99 -99.99  -2.06  -1.96  -3.14   1.38   0.43  -0.59   3.96  -1.74  -6.87  -3.25  -6.08  -0.20  -2.57  -1.70   0.88   6.92   0.22  -5.86  -0.84  -2.33  -5.03
195909  -5.02  -2.94   1.70  -4.26  -3.04  -4.88  -5.51  -8.76  -6.24  -1.17 -99.99  -4.81  -5.01  -5.11  -6.48  -2.26  -4.62  -7.51  -5.24 -99.99  -6.71  -4.50  -4.26  -5.44  -5.30 -99.99 -99.99  -4.99  -5.31  -6.91  -4.31  -0.99  -3.14  -2.68  -2.78  -8.24  -4.44  -6.32  -3.00  -3.23  -4.11  -1.84  -2.60  -2.03  -5.63  -4.56  -6.09  -2.99
195910  13.24   2.72  17.26   1.06   5.96  14.48   2.10   7.10   4.35   2.67 -99.99   6.95   2.14   1.58  -0.13  -2.18   3.88   2.26  -1.23 -99.99   2.41   5.44  -0.09   6.11  -1.95 -99.99 -99.99  -1.54   4.91   1.05   0.88   0.84   0.61   4.11   1.20   7.11  10.48   2.10   1.39  -0.57   9.62   0.36  16.50  -0.77  -4.27   3.86   5.67  -1.78
195911   9.40  -0.44  -4.91   1.84   2.10   5.47   2.32  -2.01   3.18   1.42 -99.99  -1.90   6.00   2.32  -2.57   0.27   2.34  -0.49  -0.23 -99.99   0.29  10.08   0.03  14.07   4.97 -99.99 -99.99   0.59   0.76  -0.44   0.43  -1.14   1.20   2.05   6.42   3.01  12.24   0.07   6.24  -2.08   2.43   2.04  -5.17   1.68   6.73  -0.10   3.87   6.35
195912  -4.39   2.89  -1.98   0.68  -2.68  -0.35   3.88   8.74   0.88   0.68 -99.99  -7.06  -1.33   3.35   1.60   0.50   2.19   4.87   2.39 -99.99   3.10   5.76   5.63  -6.28   0.31 -99.99 -99.99   2.58   1.02   4.27   2.13   4.43  -0.05   1.85   0.37   3.38   1.29   5.17   1.29   2.29   1.68   2.62  -1.47  -0.72  10.34   3.31  -1.78  -1.81
196001  -4.14  -3.51  -5.61  -5.39  -1.70  11.72  -8.34  -6.20  -7.19  -7.26 -99.99  -3.88  -6.43  -9.57  -3.59  -4.67  -6.80  -1.73  -8.63 -99.99  -4.06 -11.44 -11.41  -5.46  -1.90 -99.99 -99.99  -3.66  -8.18  -7.33  -2.08   0.52  -4.13  -3.40  -5.53  -9.33 -10.61  -6.23  -8.77  -3.88  -5.77  -5.96 -10.69  -2.66  -9.00  -6.50  -5.98  -3.57
196002   5.61   3.44  -4.32  -1.86   2.59   7.39   1.95   3.42   9.37   0.70 -99.99   3.69   0.10  -0.47   0.40   0.94   2.75   1.82  -1.83 -99.99  -1.28   5.66  -1.86   2.46   2.75 -99.99 -99.99   4.29  -2.30  -3.39   2.78   9.06   2.64  -0.04   2.13   7.77  10.57  -5.76   3.13  -0.80   2.34   3.79   0.70  -0.19   2.55  -0.62  -0.05   0.01
196003   2.77  -2.19  -5.88  -2.55   0.19  -1.61   0.98   5.29  -0.42  -1.50 -99.99  -4.21   1.86  -2.41   0.91  -6.89  -1.23   0.83  -5.22 -99.99  -3.24  -0.70  -6.32  -9.49  -4.07 -99.99 -99.99   0.68  -6.26  -0.74   1.79   0.13   3.13  -3.92   3.76  -1.44   4.36  -2.01  -2.18  -4.26   1.92   0.01  -2.51   1.17  -0.64  -0.88  -0.77  -0.05
196004   4.40   0.71  -5.45  -2.00   1.56  12.96  -1.73  -0.52  -1.13   0.34 -99.99   0.29   1.72  -5.28   0.48  -1.10  -2.62  -9.26  -5.38 -99.99  -4.51  -0.67  -2.13  -0.64  -2.72 -99.99 -99.99   0.46  -2.56  -4.22   1.37  -0.90   5.20  -1.60   2.27   3.72   0.68  -5.88   0.26  -1.33   1.81  -0.46   7.67   1.93  -4.02  -7.03  -0.99  -1.04
196005  17.08   7.37  -1.54  -0.30   2.72  11.00   2.62  17.61   7.70   0.88 -99.99  16.30  13.63   3.55  -1.20   2.35   3.99  -6.80   2.23 -99.99   1.72   7.02   0.58  10.40   7.07 -99.99 -99.99   3.91   3.02  -3.49   1.53   3.49  -1.61  -3.47  12.47  10.77  11.91  -6.34   3.06   1.25   1.10   3.08  -2.17   0.02   1.56   6.60   0.84   0.50
196006  -5.17   6.56   5.26   0.71   4.97  -1.34  14.35   0.56   6.50  -0.11 -99.99   0.17  -0.16   0.56  -2.54   4.22   2.21   1.90   1.67 -99.99   2.52   0.12  -0.05   0.33   1.90 -99.99 -99.99  -1.01  -2.10   3.60   5.82  -0.36  -4.59  -0.28   3.13  -1.65   3.23  -7.21   3.76   1.77   5.91   3.98   2.22   5.38   7.56  -5.75   2.21  10.39
196007  -4.36  -1.57 -10.00  -0.73   4.77  -6.23  -2.82   1.53  -0.33  -1.87 -99.99   1.52  -4.37  -6.67  -2.58  -3.16  -6.30  -1.76  -2.31 -99.99  -3.55  -7.04  -1.22   3.08  -2.64 -99.99 -99.99  -2.57   1.42   0.83  -1.24   0.22   2.37  -0.08  -1.04  -3.51  -2.86  -0.21  -4.07  -3.80  -4.48  -2.84  -2.33   0.71   1.64  -4.51  -3.09  -0.70
196008  -4.25   5.67  19.17   3.17   5.34   5.71  10.91   3.63   5.20   2.52 -99.99   2.59   2.57   1.37   1.27  -0.96   1.51  -1.35   0.67 -99.99   1.04  -0.45   3.12  11.56  -0.97 -99.99 -99.99   3.72   3.67   4.05   4.46   7.20   2.31   4.69   2.56   1.41   3.59   2.82   1.20   2.90   2.14   3.13  -1.05   3.27   2.40   3.85   2.66   0.21
196009 -13.83  -2.75 -12.94  -4.74  -1.90  -0.47  -6.49  -6.24  -8.97  -3.83 -99.99 -10.60  -8.58  -6.52  -7.10  -5.84  -5.80  -5.11  -8.23 -99.99  -5.53 -10.25  -5.77  -8.38  -8.23 -99.99 -99.99  -2.80  -5.66  -1.02  -4.56  -5.86  -2.15  -5.01  -5.05 -13.59 -10.20  -8.77  -7.04  -7.26  -8.24  -8.22   4.44  -4.18  -9.58  -4.47  -5.84  -6.18
196010  -9.89   2.25   0.68   0.75   4.10   4.72  -6.01   2.82   6.36  -2.47 -99.99   4.56  -4.03  -1.37  -2.07  -3.13  -4.31  -4.57  -2.41 -99.99  -2.06  -3.55  -1.06   1.49   0.33 -99.99 -99.99   3.55  -2.76   2.48  -0.32   0.05   3.68   1.38  -1.30  -1.09  -7.70  -0.49  -1.74   0.05  -3.57   0.33  -4.75   0.16  -0.73  -4.19  -2.27  -0.06
196011   5.30   9.61   1.74   6.65   5.58  16.53   8.30  13.29   8.94   2.86 -99.99   8.72   3.62   4.36   3.26   2.25   6.37   9.00   1.28 -99.99   8.42   5.47  -0.27   8.33   5.05 -99.99 -99.99   6.19   5.88   3.41   3.78   4.26  10.14   4.33   9.31   0.37   8.24   5.53   5.26   4.78   8.86   6.14   2.57   9.11   8.62   9.06   7.19   5.82
196012   3.44   4.96   2.67  -0.37   3.70   9.91   4.92   7.45   1.88   2.32 -99.99   4.36   6.35   2.97   5.23   0.54   4.52   5.24   4.63 -99.99   4.48   1.08  -0.23   3.22   1.26 -99.99 -99.99   5.04   3.29   5.27   6.42  12.29   8.41   7.21   6.61   6.28  -0.71   6.82   5.73   4.12   4.23   1.95   3.24   4.92   9.85   4.04   4.94   6.77
196101   6.91   4.61   5.19   5.48   8.97  -3.37   7.14   9.73   4.68   7.54 -99.99  16.11   5.75   6.74   6.27  11.40   6.48  14.96   8.76 -99.99   5.90  -0.22   8.63   5.44   9.70 -99.99 -99.99   5.68   9.92   9.87   4.85   6.88   5.99   6.91   6.70   6.35   1.58  10.14   4.77   7.13   7.30   2.38   0.03   7.36   3.24   5.74   7.75  11.28
196102   1.12   4.56  -0.86   8.37   5.56  28.61  13.42   1.45   6.00   8.31 -99.99  15.16   4.64   2.26  10.11   6.70   4.77   6.31   6.13 -99.99   9.26   0.29   4.38   7.30   1.52 -99.99 -99.99   2.81   9.04   0.43   3.67   0.19   2.13   2.94   6.54   2.36   0.36   8.33   7.20   3.75   4.73   4.90   2.79   9.47   2.78  12.40   6.73   4.40
196103   4.49   4.62   0.63   2.82   5.81   3.35  14.24   4.66   6.36   5.37 -99.99   2.05   4.28   1.51  11.69   5.33   2.51   8.55   2.01 -99.99   2.32   3.60   3.37   2.30   1.48 -99.99 -99.99   1.97  -0.04   1.56   1.74   7.00   0.87   6.25   3.27   0.35   1.55  -2.65  -0.42   1.08   4.15   5.86   3.45   5.29   2.12  10.64   2.77   4.01
196104  -1.86  -1.12  13.12   1.67  -0.08  -4.29   2.88  -7.95   2.69   1.96 -99.99  -8.70   0.24  -1.42   0.55  -4.23  -2.16   2.54  -1.48 -99.99  -1.96  -2.32  -1.64   4.04  -1.79 -99.99 -99.99  -0.51   0.46   4.86   1.86   1.49  -3.04   4.86   2.88  -2.00   2.35   1.40  -0.41  -1.36   4.58   0.53   4.44   2.27   2.40   8.03  -0.80  -1.87
196105  -0.18   4.67  -2.98   5.73   3.58  -4.92  -3.82   2.90   0.21   6.34 -99.99   0.41   2.34   5.78   5.28   5.59   2.44   5.11   6.06 -99.99   5.03   4.29   3.64   3.66   1.58 -99.99 -99.99   8.79   7.70   0.17   2.50  -1.07   0.73   2.47   2.73   5.30  -1.82   0.25   1.70   5.00   1.79   4.32   5.90   4.57  -0.94   5.61   5.92   6.73
196106  -9.66  -1.09  -1.15  -2.88   4.18  -6.72  -3.24  -4.60   3.39  -5.01 -99.99  -1.92  -3.77  -1.22  -4.62  -3.11  -2.93  -7.85  -7.48 -99.99  -3.18  -3.85  -1.21  -4.05  -0.24 -99.99 -99.99  -6.36  -4.71  -3.89  -1.82  -3.66   1.09  -1.89  -2.36  -4.90  -4.41  -1.80  -4.25  -5.02  -4.82   0.92  -4.30  -3.32  -0.88  -3.79  -4.40  -1.24
196107  -0.13   2.99   3.49   1.02   6.13  -2.06  -1.72  -1.91   2.17   1.41 -99.99  -2.44   3.81   3.07  -1.25   1.75  -0.28   0.77   4.30 -99.99   0.81   3.29   6.68   4.48   1.63 -99.99 -99.99   0.63   3.35   2.34   2.89   5.78  -3.76  -3.26   2.04  -1.77  -2.10  -1.62  -0.10  -0.19  -1.13   2.58   8.83   3.79   1.08  -2.51   6.37   3.31
196108  -8.86   5.74  14.94   3.23   7.87   0.40   3.14   0.79  10.38   7.06 -99.99   4.73   3.86   2.46   3.44   5.31  -1.28   2.26   0.08 -99.99   1.90   3.69   2.01  -0.71   0.60 -99.99 -99.99   4.74   1.97   0.01   3.83  -1.27  18.71   2.57   6.58   1.94   1.94   3.32   5.69   3.91   1.98   3.24  -0.35  10.02  16.48  -5.85  -2.09   3.33
196109 -14.37   0.32  -1.97  -1.28   0.10   7.82 -10.01   1.56  -2.85  -1.37 -99.99  -4.86  -1.28  -4.30  -1.95  -4.19  -2.37  -5.47  -7.62 -99.99  -4.05  -1.44   4.76  -6.85  -3.95 -99.99 -99.99  -5.67   1.01  -6.22   1.41  -1.20  -9.00  -3.83   3.32  -4.86  -3.72  -3.91  -2.49  -0.77  -4.64   0.71  -9.31   1.99  -5.06  -6.11  -4.93   3.89
196110  -7.61   4.01  13.57  -0.60   7.22 -11.92   4.81   1.34  -0.64  10.97 -99.99   3.54   3.22   0.16   1.78   3.74   0.36   4.25  -1.63 -99.99   0.86  -1.88   0.32  -5.42  -3.72 -99.99 -99.99  -2.74   4.65   6.77   5.30   0.59  -2.12   3.46   8.07  -6.59   6.42  -1.40   2.15   1.57   2.25   9.50  -2.74   2.89  -1.68  16.25   2.28  -2.47
196111   2.62   5.99  11.73   4.58   8.18  -2.44   4.13   2.82   4.51   6.25 -99.99   5.87   3.40   2.62   4.23   8.03   5.91   6.35   1.97 -99.99   3.24   6.04   8.67   2.96   4.03 -99.99 -99.99   1.54   6.28   4.64   3.38   8.85   2.92  11.47   0.63   4.75   1.97   9.34   2.01   0.54   4.49   4.93   5.76   7.37  10.71   5.72   4.07   4.66
196112   9.38  -3.70 -15.04   1.56  -5.91   2.86   0.89  -3.55  -3.70   3.44 -99.99  -5.22  -1.91   0.10  -0.89  -1.48   0.28  -2.20   3.19 -99.99  -0.02  -1.20   1.94   0.66   0.05 -99.99 -99.99  -1.81   0.24   3.65  -4.26   3.84   0.19  -1.75  -0.54  -1.37   0.98   4.24  -2.32   0.46   1.66  -0.44  -4.98  -7.07  -0.48  -0.63   1.94  -4.06
196201  -3.42  -6.05  -4.31  -3.21  -4.04 -20.03  -3.47  -3.61  -7.04  -5.41 -99.99  -2.72  -4.39  -4.53  -5.67   0.86  -4.04  -1.58  -3.48 -99.99   0.06  -2.39  -0.90   6.98   4.44 -99.99 -99.99  -0.34   5.17   0.08  -2.60  -6.08  -0.48  -1.09  -6.61  -3.94  -7.51  10.07  -5.07   2.41  -2.42  -9.31  -3.07  -4.94  -7.10  -0.81  -2.26  -1.52
196202  -4.00   0.30   4.80   0.45   0.87  -2.16  -0.82  -0.73  -0.59   1.63 -99.99   3.62   3.47   3.56   4.72   2.25   1.79   2.70  -0.90 -99.99   1.64  -0.44  -1.34  -3.32  -1.18 -99.99 -99.99  -2.89   0.60   5.25   2.66   4.22   1.49  -2.37  -0.80   3.14   2.43   6.86   3.90   1.51   1.52   1.76  -1.72   3.12   7.19  -2.52  -0.33  -0.75
196203 -12.81   1.55  -0.96  -0.07  -6.49  -6.58  -2.41   0.42   4.33  -0.14 -99.99   0.38   0.52  -2.54  -4.28  -0.62  -1.08  -2.47   1.02 -99.99  -1.63   1.42  -0.81  -3.53  -1.63 -99.99 -99.99  -1.73  -4.69  -1.62   2.01  -2.92  -0.34   3.74  -0.96  -1.70   1.26  -2.47   1.07  -1.13  -1.71   0.97  -4.25  -2.57   3.34   5.01  -4.52  -2.75
196204  -1.76  -4.74 -14.56  -3.36 -12.77 -10.36 -11.41  -9.42  -6.77  -6.47 -99.99  -9.40 -11.32  -5.95  -7.39  -7.82  -6.50  -9.40 -10.21 -99.99  -7.30 -10.23  -5.29 -10.34  -8.65 -99.99 -99.99  -7.02 -10.06  -3.31  -2.81  -4.10   4.01  -6.63 -14.66 -10.28  -2.58  -5.76  -7.63  -5.68  -5.70  -4.60  -8.50  -6.74 -10.07 -13.80  -8.42  -2.53
196205 -11.23 -10.68  -7.05  -8.86 -13.92  -7.90 -13.66 -16.03  -9.96 -10.60 -99.99  -8.98 -11.16  -8.07 -12.80  -7.80  -9.36 -15.64  -7.35 -99.99  -7.79  -8.97  -5.32  -4.05  -9.32 -99.99 -99.99  -3.62  -9.49  -4.87 -10.52  -7.76 -11.55  -6.99 -12.84 -10.91 -13.75 -19.08 -10.65  -5.79 -12.22  -8.86  -6.19 -10.99  -7.08 -10.58 -10.72  -6.61
196206 -10.48  -8.55  -8.64  -5.93  -8.13 -16.76 -13.57 -18.74 -11.93  -9.43 -99.99  -3.87 -13.33  -8.44  -6.66  -4.66 -11.31  -7.13 -10.07 -99.99  -7.80 -10.33  -7.05  -6.80  -9.02 -99.99 -99.99  -5.24  -6.75  -4.57  -5.08  -8.55 -10.53  -4.75 -13.02 -12.66  -9.84  -5.87  -9.59  -7.35 -11.34 -10.23 -12.72 -11.52  -9.13 -13.53  -9.58 -15.87
196207   8.22   6.79   0.00   2.97   0.97  -7.88   5.22   7.18  10.18   6.87 -99.99  -2.22   8.56   6.85   7.80   5.78   6.94  10.58   3.10 -99.99   4.35  10.09   7.59  11.48   4.43 -99.99 -99.99   0.17  10.00   4.73   7.42   7.45  10.96   6.00  13.76   5.16  10.61   5.72   3.54   4.61   6.04   4.27   2.14   8.14   9.00   7.00   6.05   4.91
196208   0.05   0.23   9.86   4.42   1.63   2.44   3.65   5.42   1.29   4.34 -99.99  -3.41  -7.94   4.46   2.86  -0.74   1.88   1.50  -0.16 -99.99   2.52   4.02   3.10   6.18  -1.10 -99.99 -99.99   2.61   1.28   1.30   3.13   1.86   0.76   7.75   2.25   3.00   5.13   1.76   2.84   2.64   4.05   4.29   3.94   4.89   1.94  -0.80   6.13   3.86
196209  -5.94  -4.92  -9.32  -5.95  -7.55 -12.67  -4.81  -5.40  -8.87  -6.67 -99.99  -3.72  -4.33  -1.83  -4.08  -4.41  -6.21  -5.75  -8.63 -99.99  -6.03  -8.08  -3.61  -6.64  -3.61 -99.99 -99.99  -4.61  -4.22  -1.71  -2.85  -6.06  -8.64  -1.96 -10.95  -8.87  -6.19  -2.92  -6.23  -5.67  -6.83  -6.28 -10.18  -5.08 -10.13   2.30  -6.66  -5.47
196210 -13.71  -2.35  -4.11  -2.43  -6.65 -11.08  -7.13   1.03   1.15  -2.80 -99.99  -0.73   2.58   4.87  -3.03   1.16  -1.85  -5.93   0.69 -99.99  -0.18   2.30   2.19   1.01   1.65 -99.99 -99.99  -0.27  -2.02  -0.26  -1.09   2.74   0.19  -6.72  -2.24  -5.04  -0.81  -1.18  -1.13   4.00   0.15  -1.07  -7.91  -1.48   2.09  -9.91  -2.23  -4.72
196211  15.32  12.39  11.16  11.38  11.46  19.25   8.25  12.24  14.24   9.81 -99.99  10.69  18.30  11.68  15.16  10.84  13.29  10.52  15.24 -99.99  12.81  14.34   7.61   9.58  17.16 -99.99 -99.99   8.53  10.62  10.42   7.62   6.86   9.23  12.10  15.57  14.33  13.34   8.92  13.03  16.97  14.77  10.91  15.39  12.39  15.53  29.60  17.62  16.72
196212   0.78   2.80  -1.99   2.44  -2.17   1.25   2.81  -5.11   0.76  -0.62 -99.99  -2.34   0.91   1.10  -2.12   0.77  -3.00   0.52  -4.74 -99.99   0.35   0.72   2.56  -2.51  -1.48 -99.99 -99.99  -3.54   0.65   4.88   3.46   1.33   0.00   1.94  -2.25  -2.14   2.53  -3.85  -1.41   1.75   2.54   0.02  -5.74   2.32   1.28 -12.95  -0.07   2.67
196301  10.74   6.74   5.74   4.11   1.71   9.59   8.01   7.63   5.65   6.80 -99.99  11.99   5.41   4.53   8.99   8.79   7.98   4.57   8.38 -99.99   8.06   5.05   6.22   1.09   3.13 -99.99 -99.99  10.10   8.61   2.80   5.23   4.26   1.51   3.42   7.41   5.58   3.26  10.52   8.26   5.90   2.54   4.12  12.85   2.92   6.11   9.78   5.63   4.62
196302  -5.83  -2.66 -10.16  -5.10  -3.34  -9.77  -3.54  -1.93  -3.28  -3.43 -99.99   0.68  -2.95  -3.80  -0.69   0.64  -0.83  -3.28  -2.20 -99.99  -2.34  -6.38  -2.90  -1.76   1.07 -99.99 -99.99  -1.21  -0.92  -0.82  -1.45  -0.94   1.28  -2.80  -5.92   1.32  -1.18   7.47  -2.38  -0.78  -1.47  -0.29  -4.63   0.78  -3.69  -5.49  -1.59   0.08
196303  -1.95   1.84   2.16   4.68   7.76  -1.87   4.09  -0.32   4.00   0.76 -99.99   0.35   1.32   3.59   3.67   0.84   3.12   0.33   2.04 -99.99   2.54   1.33   6.89  -1.54   3.87 -99.99 -99.99   2.86   5.97   7.09   1.80   1.99   1.52  -1.14   4.80  -1.12   1.75   1.25   2.99   3.77   3.43   2.07 -13.85   1.93   2.08   0.34   1.79   3.69
196304  12.68   0.95   2.11   0.57   6.31  -2.42  -1.31   9.21   6.01   0.83 -99.99   2.20   8.09   4.46   5.77   7.65   3.36   9.57   5.25 -99.99   3.41   5.83   5.79   3.81   2.53 -99.99 -99.99   3.34   3.85   6.03   2.32   3.15   0.31  -0.77   9.00   4.64   1.80  11.75   4.57   8.67   4.49   5.48  -5.05   3.15  -1.22  -3.43   5.77   4.78
196305  18.38   3.05  -2.34   1.19  -3.00  -0.66  15.42   0.33   0.88   1.17 -99.99   5.41  -0.61   1.28   1.61   2.42   0.80  -0.87   6.80 -99.99   6.06   4.93   7.15  -1.54   1.01 -99.99 -99.99   2.24   3.82  -0.06   1.03  -0.53   3.57   2.76   3.76   3.43   3.99   0.42  -1.16   6.27   0.78   2.67   4.77  -0.08  -2.19   4.17   5.38   1.02
196306  -8.67  -0.29   0.00  -1.74  -6.29   3.11  -6.51   1.40  -0.34  -0.90 -99.99  -0.59  -1.32  -3.15  -2.65  -0.96   0.13  -3.52  -3.63 -99.99  -1.64  -2.85  -3.23  -0.98  -1.66 -99.99 -99.99  -1.93  -1.14   1.16  -1.14  -1.87  -1.88   0.00  -7.21  -6.56  -4.62   0.86  -2.01  -0.84  -3.02  -1.31  -0.96  -0.09  -3.40   4.76  -3.89  -3.57
196307  -2.75  -0.65   2.54  -2.00  -2.57  -4.32   0.87  -0.32  -0.12   0.01  -7.27  -3.39   0.70  -1.04  -1.26   3.63  -1.18   0.60  -1.42  -3.84  -2.85  -2.58  -0.17  -4.07  -2.33  -5.55   1.78  -3.57   0.23   2.50   0.84   0.01  -1.82  -1.43  -0.25  -1.59  -3.31  -3.04   0.42  -2.64   0.89  -0.65  -4.32  -0.23  -1.84  -4.42   1.32   2.68
196308  -1.06   4.93   5.62   2.10   7.07   4.15  11.72   5.21   6.19   4.46  15.69   8.01   9.78   4.66   7.08   3.82   6.99   4.57   8.57  -1.65   5.06   5.02   7.29   3.23   2.49   4.27   5.09   4.02   7.42   3.63   4.13   4.35   0.27   3.51   4.42   6.22   4.86   9.25   5.59   7.68   2.05   6.40   4.21   3.87   3.05   3.75   4.81   7.51
196309  -8.57  -1.46  -0.93   1.54  -4.23  -5.16  -4.01   3.01  -1.35  -3.33   5.08  -4.36  -3.99  -0.76  -2.55  -0.57  -2.09  -7.81  -0.24  -2.01  -2.44  -1.66   0.35  -5.26  -2.20  -5.97  -4.57  -0.99  -4.20  -3.30  -2.47   2.45  -2.18  -0.96   1.89  -3.71  -1.16   4.84  -1.99  -4.54  -6.17   1.22  -3.63  -3.46   0.00  -4.30  -3.63   0.76
196310   0.36   3.02   1.16  -1.43   5.77  15.68   6.00  -1.84   4.30   2.73  46.77   9.15   2.67   3.39   0.90   5.87  -0.97  -1.55   1.41   3.03   4.00  -0.53  10.28   3.13   0.63   3.55  -3.59   4.37   8.66  -0.52  -0.67   4.25   3.15   0.41   8.50   9.69  -2.31   0.23   3.41   1.52  -1.18   0.63  -1.75  -0.47   0.76   3.34   0.43   3.11
196311  -1.93  -0.49  -0.62  -0.61  -5.63  -1.09  -3.08  -0.72  -0.22  -1.77  -5.49   1.07  -1.95   2.18  -4.36   1.50   0.21  -3.43  -1.96  -2.11  -0.60  -1.61  -5.43   6.11   3.47   4.02  -3.03   2.13   0.87  -1.57  -1.09   4.50  -3.32  -2.79  -1.17   0.96  -0.04  -1.54  -0.23   3.02  -2.92  -1.29  -4.31  -3.47  -3.87  -5.03   0.66   0.36
196312   2.78   2.37   5.76   1.20   6.01  -3.56   0.15  -2.18   4.15  -0.21 -11.63  -2.73   1.91   4.47  -0.37   3.03   0.99  -1.29   1.42   0.96   2.15  -2.58  -1.18  -5.89   0.61  -8.37   2.03   5.59   5.45   4.50   2.44  -0.04  -0.30   3.19   4.21   1.55  -4.94   0.93  -0.26   4.18  -3.12   0.33   2.62   2.14   1.74  -0.62   1.37   8.40
196401  -1.79   0.90   2.35   1.27  -1.71   0.52  -0.48   6.36   1.80  -0.54  16.84   2.83   3.66   3.26   1.59   2.39   2.61   0.32   4.48   7.51   3.78  -3.12   1.04   3.13   4.59  -5.63   1.42   2.20   3.74   4.63   1.40   3.67   5.01   5.03   3.13   3.38  -0.25  -0.71   4.01   3.25  -0.85   2.85   5.14  -2.08   0.23  -4.02  -0.68   3.87
196402  -1.81   1.72   0.90  -0.63   2.62   1.94   5.85   7.07   0.88   1.22 -10.23   2.26   1.35   2.19  -0.31   3.61   3.01   2.59   2.98   1.00   3.44   4.93   3.65   6.64   0.90   0.81   1.00   6.53  -0.32   0.92   0.85  -0.19   3.47   2.73   3.58  -2.09   0.91  -0.24  -0.33   7.36   3.29   1.56  12.35   4.01   3.73  -1.32   4.87   2.73
196403   5.83   0.76   6.46   7.76  10.40   3.09  -0.34  -1.95   2.34   0.15   2.53  -4.51  -1.76   2.60   5.61   0.17   5.62   2.81   7.40  12.39   6.70   3.63   0.60   1.75   3.20   2.82   2.89   5.11  -1.29   1.30  -0.76  -1.08   0.75   2.50   2.68   4.96   1.32   2.83  -0.47   3.13   2.36   2.38   1.82   1.68  -0.72  -0.09   1.06  -5.64
196404  -5.59  -1.69   2.08  -1.49   1.86  -5.75  -3.63   1.22  -1.49  -1.11  -9.88  -5.36  -1.13  -1.18  -0.79  -0.39   0.22  -0.19  -3.63  -5.46   0.17  -4.71   2.92  -5.66  -1.37  -9.04   0.16  11.94  -3.81   4.07   1.05   1.01  -3.40   1.09  -3.55  -4.17   1.08  -0.73  -1.57  -1.08  -0.62   3.28   5.36  -0.92  -1.18  -5.02   0.38   2.10
196405   4.58   1.60   1.46   0.29  -0.19  -6.40   2.72   1.91   2.21   2.25   1.37   0.79   0.49   2.30   7.39   5.36   1.06   3.74   1.18  -0.66   2.60  -1.12   1.79   5.32   1.37  -1.92   1.44   1.00   1.00   2.11   0.75  -0.63  -8.26   0.23   4.78  -1.84  -0.45  -1.21  -0.62   5.41   1.14   4.11  -0.53   0.12  -0.25  -1.49   0.72   0.42
196406   5.75   2.13   2.44   0.70  -1.53  -0.54  -2.86   1.79   0.25   4.84 -10.81  -1.48   0.64  -0.47   3.10  -0.19  -0.86   5.03   0.94  12.38   3.49  -0.29   1.55   3.42   3.13  -3.08  -1.90  -0.50  -2.46   0.67   2.23   5.69   3.45   5.57  -0.31   2.52  -0.09   0.91   1.19   3.30   5.40   3.75   6.92  -3.10   0.12  -1.25   0.59  -0.84
196407  -1.51   0.68   3.22   7.61   0.43  -0.45   1.13   0.12   0.76   2.76  -6.06   3.67   5.05   2.23   4.41   6.04   1.25   2.09   0.40   2.19   2.27   7.77   5.46   4.66   9.62   2.06   5.90   1.69   1.66   3.30   4.99  -2.09   0.86   2.43  -2.71   0.46  -0.01   0.57   0.32   1.09   6.57   1.04  -3.15   0.52   4.50   4.10   0.99   1.29
196408   1.65  -1.00  -2.32  -1.06   6.63  -6.06   0.27  -0.82  -1.47   0.12  22.58  -0.93  -4.49  -2.17   0.30  -0.58  -1.53   0.70  -0.13  -1.17  -0.57   2.73   1.79   5.37  -2.38   1.57   1.95  -1.22  -0.70  -1.57  -0.05  -1.70   0.75   1.74  -3.43  -1.42  -0.02  -1.92  -2.16  -5.70  -4.19   0.65  -4.02  -2.62  -2.90  -2.71  -0.83  -0.53
196409  -4.90   2.39   0.52   2.29  -2.00   7.36   3.12   1.63   5.67   4.66  15.79   5.05   2.71   5.30   3.52   4.57   0.90   2.38   5.75   6.88   2.94   4.01   5.24   6.33   5.61   4.49  15.75   7.57   5.24   3.27   1.89  -1.13  11.56   1.78  -0.16   5.48   1.28   6.57   0.29   4.60   2.33   3.38   4.33   2.00   0.90   0.77   3.69   5.30
196410  -2.67  -0.61  -2.95   3.42  -2.07   2.82  -1.81   2.44  -1.16   0.84   0.00   0.03   3.20   1.01   1.68   6.64   2.59  -1.80  -2.61   2.05   1.94   5.95   0.22  -0.72   2.26  -1.12  -2.46   0.11   0.09   3.03   0.89  -1.05   2.90   0.70  -2.61   1.81   0.99   2.35   3.66   2.80   4.27   2.31   0.27  -1.05  -1.58   1.20   0.30   0.73
196411   0.67   0.93   2.51  -2.45  -1.62  -2.82  -4.22   1.82   1.00   2.86   0.00   4.80   1.76   2.33  -0.09  -0.34  -1.13   2.29  -4.85   2.92   1.56   0.84  -2.76   0.67   0.20   0.50   4.50  -0.26   0.86   2.39   1.38  -2.56   2.37  -1.80  -1.58   2.51  -0.56  -3.09  -2.12  -3.29   1.16   3.28   0.65  -1.45   2.43  -3.51  -1.64  -0.47
196412  -1.48   1.07   1.91   0.02  -4.68  -0.75  -2.15   2.49   0.65  -1.45  17.05   5.01   4.31   0.48  -0.51   0.94  -0.05  -1.63  -2.02  -4.08  -2.80  -2.82   1.99   1.66  -4.15  -5.50  11.86  -2.98   1.82  -0.49   0.52   3.68  -4.07  -0.83  -0.94   0.98   4.89  -0.77  -2.35  -2.63  -2.38   0.19  -2.38  -2.20   0.58  -0.24  -0.81  -3.53
196501   7.13   4.11   8.87  12.71   5.36   9.15   6.11  10.04   6.47   7.25  37.86   4.39   7.88   5.67   9.33   8.70   5.71   5.25   5.03   6.43   4.30   9.93   2.92   2.78   3.37   1.64  -8.24  10.61   3.73   0.42   3.95  -0.34   8.36   4.90   9.63   2.63   8.20   2.83   9.09   4.88   9.61   2.73   8.23   1.16   2.03   4.94   3.45   9.10
196502  -1.28   0.85   3.71   2.53  -0.04   7.77   1.00   1.04   2.76   5.75  -6.34   2.70   2.45   0.94   1.11   2.67   3.50   5.14   3.33  14.82   5.42   5.14  -1.23   5.05   0.14   9.30   3.61   5.38  -0.51  -3.25   0.40   1.19  -1.24   4.83   2.67   0.64   1.18   1.10  -0.64   2.58   3.12   1.37   4.05   1.59   0.97   1.56   0.64  12.31
196503   5.07  -1.43  -2.89   2.70  -0.87   6.28   5.00   1.56  -1.82   1.29  27.07  -0.04  -1.13  -2.90   1.35   0.71   0.94  -1.72   0.32  -6.49  -1.49  -0.92   1.94   0.25   3.10   6.28   2.56  -0.30  -0.28  -3.12  -0.55  -2.11   3.40   4.72  -0.93   0.88  -0.89   0.94   0.89  -0.27  -0.30  -0.91  -1.33  -0.10   2.49  -1.19  -0.95   5.25
196504  11.52   1.85   5.25   6.16   5.62   5.98   4.15   7.79   5.72   6.92  -5.33   3.16   2.95   1.97   0.42   8.95   4.00   2.57   5.22   1.29   4.74   5.31   7.38   8.87   4.78   2.62  -2.39   4.52  -1.90   0.83   0.66   2.56   4.17   1.47   5.64   4.33   7.37   4.00   2.51   0.94   7.48   7.11   6.26   3.19   2.28  -2.57   2.60   3.09
196505  -6.66  -0.80  -1.04  -0.55  -1.64   5.27  -1.54   0.22  -0.49   0.57 -10.62   0.31  -1.35   0.50  -1.48  -1.16  -1.40  -3.46  -0.92  -6.73  -2.26   0.81  -4.32   1.74  -4.30  -1.34  -3.30  -0.69  -2.42   0.96  -0.94   3.04  -7.00  -0.37  -0.45   2.56   1.04  -1.43  -2.21  -0.16  -0.10   0.36  -4.27  -1.35  -4.04  -3.24  -2.16  -3.69
196506  -6.25  -4.72  -2.95  -4.71  -3.40  -9.88 -10.21  -6.92  -5.34 -10.37 -23.78  -7.03  -5.23  -5.82  -9.51  -7.95  -7.53  -2.57  -6.87  -5.31  -6.13  -8.02  -7.19  -7.11  -7.40 -12.33  -5.65 -10.32  -5.91  -1.91  -3.70  -3.77  -8.21  -7.15  -5.65  -6.07  -7.73  -7.44  -4.11  -7.09  -7.55  -5.93  -6.77  -4.85  -5.16  -7.69  -3.89 -12.05
196507   6.44   1.27   0.62   1.25   1.74   7.25   4.56   3.98   4.43   3.01  17.43   8.62   3.46   0.08   3.58   2.99   2.71   0.59   3.54   1.13   2.11   4.83   1.52  11.37   3.65  10.07   8.50   5.34   1.11   1.79   1.05  -0.61   3.76   3.13   3.73   2.98   6.17   0.67  -0.84   4.84   2.74  -1.90   0.12   1.74   0.60   0.42   0.45   4.62
196508   6.00   1.57   2.41   3.30   9.51   8.81   2.27   8.46   6.53   6.46  -4.69   8.61   6.43   1.57   6.12   6.07   1.25   6.97   2.60   6.97   3.82   6.29   2.58   2.91   3.43   4.90   2.47   3.35   2.83   1.56   0.99   1.32   6.05   3.08   5.06   7.45   9.40   1.81   3.59   7.06   4.22   2.03   5.51   6.68   1.15   2.77   3.43   4.29
196509   5.93   0.03   0.21   1.87  -2.67  14.14   6.84   2.57   5.90   0.84 -13.93   8.54   1.56   3.79   2.74   5.05   4.11   3.91   2.13   3.29   6.05   5.22   4.92  12.75   3.84   5.01  -6.20   1.74  -0.26   4.35   1.38   0.93   6.23   3.46   4.11   8.49   7.76   1.52   5.84   3.50   2.02  -1.13   4.60  -1.80  -3.24   6.68   2.93   3.08
196510  11.97   0.89   0.39   4.10   4.40  13.64   3.16   6.75   4.26   4.53   9.52   0.38   3.57   2.94   4.55   5.46   5.68  10.78   5.75   6.82   5.64   5.80   6.59   8.67   4.42   0.74   3.00   3.97  12.52   1.25   1.06  -2.20   6.21   3.47   4.63   7.14   4.91   1.07   4.57   7.03   5.57   0.04   3.83  -1.75   0.24   1.77   4.83  13.85
196511  -3.41  -0.19   2.66   1.59  -4.66  13.53   2.80   8.12   0.87   2.36  -0.87   2.78   3.59  -1.87   3.22   7.77   1.12  19.58  -3.83   2.53   5.68   8.29  -5.12  17.94   5.79  11.81  -0.42   3.01  -0.30   0.67  -1.00  -4.56   4.89   2.41   0.08   6.58   7.08  -1.05   5.25   6.99   4.50   1.19   6.50  -0.45   0.69   2.58   1.75   9.25
196512  21.98  -0.03   4.05   3.07  -1.02   1.37  10.80   4.55   4.43   1.59  19.30   2.64   4.06   2.42   6.98   1.71   2.12   6.24   8.14   2.58   1.41  -0.58   0.84  -3.85   6.55  -4.98  -1.06   9.39   0.80   0.12  -0.46  -0.80  11.58   6.49  -2.81  -0.06   5.67   3.03   1.05   1.63   0.83   1.35   7.42  -0.86  11.45   3.36   1.58   3.55
196601   1.49   0.69  -0.88   2.98   2.91  14.91   0.99   2.48   2.08   5.81  -8.82   3.40   2.38  -0.66   4.72   8.30   3.68   7.53   4.65  -4.36   3.29   4.31   0.23  10.73   4.19   2.91  12.70  10.78   0.69   1.13  -3.02  -1.56   4.69   1.76  -0.82   4.60   6.12   6.20   2.14   7.34   7.53  -5.15   2.59  -0.91  -0.31   6.11   1.21  10.55
196602   3.57  -0.28  -3.73  -3.17  -2.32   9.01   4.04   2.86  -0.72   1.57  -8.87   3.42  -2.11  -1.91   9.87   0.50   0.47  -2.98  -1.50  -5.86  -0.44   1.66  -1.71  -0.17  -2.60  -3.62  -1.51   9.30   0.30  -3.74  -4.18   0.86   0.14   0.91   5.92   5.11   4.97  -0.14  -0.43   4.02   1.42  -2.17  -4.97  -4.11  -1.66   3.14  -0.43   4.67
196603  -4.17  -3.67   3.44  -4.31  -3.39   3.64   1.96   0.57   2.64  -1.17 -14.16  -3.05  -1.47  -4.46  -1.33  -4.26  -3.18  -2.09  -2.50  -4.94  -1.75   0.60  -5.28  -0.64  -5.23  -3.54  -0.84  -4.69  -1.27  -2.21  -0.15  -5.11   5.88   0.19   0.17  -2.32   2.22  -4.82  -2.51  -1.51  -4.06  -2.25   3.74  -4.93  -4.59  -0.99  -3.74  -4.47
196604   1.17   0.16  -5.47   5.26  -1.08   5.78   3.47   5.90   5.55   2.16   5.15   5.88  -0.64   0.14   7.06   0.91   2.20   1.94   3.87   6.57   1.95   4.36  -1.43   4.48   0.78  13.30  -0.52   3.15   1.46   3.11   1.17   1.48   5.19   0.39   7.38   8.14   8.90   1.19   7.95   3.98   9.47   2.52   4.45  -1.75   4.04   3.25   2.83   2.59
196605  -7.26  -4.34  -1.76  -8.02  -3.86 -14.12 -10.15  -4.36  -5.86  -7.50 -19.61  -7.92  -4.96  -4.43 -11.46  -8.56  -6.44 -13.61  -8.48  -9.66  -5.67  -8.90  -6.80  -9.57  -4.69  -7.72  18.77 -10.79  -4.38  -3.71  -2.98  -2.96 -10.96 -10.03  -3.74 -10.21 -13.17  -8.24  -1.00  -9.89  -8.50  -2.46  -6.44   0.14  -6.16  -9.93  -6.29 -16.58
196606   6.82  -2.73  -5.40   3.55  -1.97  -6.52   4.62   2.47   0.96  -2.48   2.44   7.49   0.25  -3.80  -1.78  -1.94  -1.77  -0.35  -0.51   4.03  -1.49  -2.64  -1.47   1.34  -1.66  -0.95  -1.58  -0.27  -7.97  -2.42  -1.72   0.69  -2.60   0.90  -0.47   1.17   1.22  -0.93  -0.53   3.49  -0.92  -2.62  -0.98  -1.90  -1.57  -0.49  -3.78   6.53
196607   6.70  -1.75   3.40  -2.05  -0.46  -4.41  -2.68   1.06  -2.41  -1.58  -9.52  -4.04  -1.32  -1.19  -4.00  -5.20  -1.64  -3.72  -3.66   3.61  -3.42  -5.23   0.55  -7.95  -1.72  -6.44   8.15  -1.82   5.65   0.22  -0.18  -1.42 -12.58  -3.17  -2.71  -0.64   2.29  -2.27   5.08  -2.69  -0.55  -1.70  -1.22  -3.32   1.27  -4.02  -2.25   1.10
196608 -10.66  -6.22  -5.20  -7.39  -5.48  -0.51 -13.31  -8.63  -8.27 -10.16 -14.47  -7.13  -8.16  -9.10  -9.66  -9.82  -9.88 -10.58  -8.81 -11.16  -7.65  -8.91  -7.72  -7.41  -9.63  -7.29 -16.67 -11.61   1.26  -6.56  -8.66  -4.46 -10.63  -9.21  -5.97  -4.42  -6.15  -4.74  -6.18 -13.56 -11.99  -5.95  -8.76  -8.30  -3.91  -9.06 -10.68 -15.66
196609   6.43  -1.75   0.20  -2.73   0.37 -15.58   9.63   0.35  -2.75  -1.00 -15.38  -2.30  -0.97  -7.03  -1.95  -6.93  -0.54  -1.61  -2.05  -0.33  -5.17   0.28   0.83  -3.23  -4.95  -5.13  -0.13  -3.10   4.00   3.95   4.43  -0.38  -2.11  -2.61  -1.38  -1.68  -4.81  -3.72   1.38  -2.38  -3.05  -1.73  -6.65  -1.43   6.24  -0.40  -2.25  -7.36
196610  -5.97   8.41   8.64   4.20   6.86 -11.65   4.96  -1.24   3.82  -2.50 -43.64   3.89   4.91   1.84 -11.57  -6.18   0.78  -2.59   6.28  -3.35   2.45   2.37  -0.01  -3.88   9.49  -1.18 -12.07   0.95  -1.23   8.66   9.89   9.00   2.18  -2.15   1.31  -1.44  -4.81   4.30  -1.09  -0.19   6.59  -1.55  -3.44  12.38  12.85   0.78   9.13   0.61
196611   2.05   1.61   5.43   7.68  -3.94   2.09   8.73   8.78   7.35   3.58  22.58   6.30   7.02  -1.46  10.61  -2.42   3.73  15.00   0.43   0.79   0.93   7.61  -6.94  19.70  -3.89   7.48   4.85   9.42   6.27  -1.62  -1.45  -2.66   3.85   7.63  13.45   8.20  11.60   1.37   1.41  10.03   3.75   0.36   2.06   2.42   1.62   5.05   3.12  -1.54
196612  -5.66  -0.94   2.41   3.74  -1.55  -5.97   0.31   3.66  -1.22   1.32   2.63   2.71  -0.59   2.20   1.01   2.45   2.83   4.86   3.00  11.76   0.55  -2.77  -0.66   2.03   2.11  14.25   8.83   1.40   7.35  -0.82   2.19   2.90   3.80   2.79   0.30  -0.19   0.17   0.44  -0.95   1.26   3.98  -4.83   4.59   5.38   0.19  -1.91   3.95   3.60
196701  10.60   6.32   6.56   9.22  16.40  20.34  15.66  11.25   6.21  11.73  48.72  12.65   5.59  11.71  17.50  13.05  14.90  19.45  16.43   5.66  13.30  15.69  13.85  10.74  10.99   2.60   2.13  14.41   7.36   3.69   2.78   5.88  17.30  18.00   7.88  13.84  14.50   9.79   8.13  12.81  10.82  11.65  25.32  11.17   1.22  12.04  11.09  18.96
196702  -5.20   1.39   4.78   4.86  -3.29   1.14   3.29   5.47   4.45   4.82  -5.17   6.07   0.74  -0.66   6.69   3.77   2.07   4.15  -3.61   4.69  -1.81   5.17  -1.11   2.68  -2.11   4.02   0.67  -1.69   3.09  -0.16  -1.74   1.68   7.34   0.50   8.16   2.55   5.16   0.96   2.19  -0.98   5.69   2.36   9.23  -3.18  -2.50   3.68   4.81   2.12
196703   6.15   3.88   3.81  11.32   4.90  -5.03  11.48   8.80   4.02   6.60   5.45   8.36   7.72   3.80   4.13   2.18   8.98  14.44   4.70  18.04  10.40   4.16   5.86   7.36  15.95   1.67   1.61   5.01   9.69   3.58   1.52   3.20   0.00   5.31   5.43   4.50   6.86   6.05   7.18   3.87  14.65   2.13  18.95   2.42  -4.40   2.75   2.56   4.04
196704   9.04   2.87   7.36   5.46   3.44  13.71   6.64   5.82   4.62   2.40  -5.17   6.01   4.14   5.69   2.28   6.92   4.59   3.03   2.72  16.97   4.17   5.06   9.54   6.22  -0.91  -0.77  -0.52   5.90   5.81   1.73   1.92  -0.24  11.82   6.29   8.51   7.55   8.10   6.19  -1.44   1.12   8.86   9.83   3.50  -0.41  -0.34   3.76   1.32   6.05
196705  -0.12  -1.56  -1.40  -5.25  -7.54 -10.50  -0.47  -3.45  -5.61   2.30   0.00  -3.87  -5.53  -5.64   0.11  -2.19  -1.43  -0.49  -2.11 -11.41  -1.92  -3.62  -6.71   0.04   1.10  -0.03  13.42  -1.15  -0.47  -2.19  -4.15  -6.09  -3.00  -2.09  -3.93  -7.01  -1.99  -5.17  -1.01  -0.98  -1.70  -5.46  -4.69  -5.16  -1.45  18.23  -2.97  -2.68
196706   7.98   2.47   8.20   4.78   6.66   9.47  15.50  -6.11   1.51   7.29  27.27   3.30   5.80  -0.02  16.94  -0.85   4.41   9.46   1.38   9.20   3.98   6.34   0.66  11.55  12.65   5.55   3.00   5.39   6.59   2.36  -1.46   3.12  10.99   6.24   7.32   4.82   5.08   0.43  -2.58   1.62   5.76   3.34  17.14   0.19   2.39   3.63   7.92  -2.83
196707  14.12   6.34   2.66   2.60   8.45   7.70   3.17   4.81   6.61   4.70  10.00   2.07   4.08   4.13   6.22   8.37   7.24   3.47   7.97   2.46   6.48   8.93   8.85   4.70   1.56   8.09   7.32  14.94   3.27   6.69   2.31  -7.07  14.67   6.87   3.09   3.99   8.64   2.51   5.57   7.87   4.01   6.23   3.27  10.64  -1.67  10.87   7.08  17.35
196708   2.20  -0.37  -5.56  -1.27  -5.12   0.24   1.80  -0.45  -0.40   0.05 -15.58   3.41   0.21  -0.35  -0.62   2.59   0.78   3.54   1.28   1.86  -0.48   3.50  -0.71  -4.45  -1.66 -10.01  -9.16  -2.55   0.14  -1.85  -0.83  -1.45  -5.87   2.24  -0.47  -1.15  -5.00   0.03  -2.34  -3.38   4.50   0.54   5.06   1.84  -0.51  -1.56   0.74   3.56
196709   0.96   2.63   2.68  -2.46  -1.73   5.79   7.10   1.89   3.42   4.96  26.15   5.76   2.41   5.47   5.26  10.52   7.01   5.90   0.41  -0.18   4.58   5.68   5.17  -2.76  -1.49   4.29   4.39   6.65   5.67   4.14  -0.04   1.54  10.87   7.10  10.60   3.87   6.94   0.89   4.40  -2.15   3.10   1.82   4.75   2.17   2.37   6.59   5.18   4.00
196710   3.29  -4.48  -0.88  -1.32   3.42  -2.23   4.03  -7.42   0.37   0.28   7.32  -1.08  -5.75  -6.40   1.04  -2.98   4.38  -5.11  -9.91  -9.82  -5.11  -2.56  -5.38  -4.20  -3.34  -8.96  -1.93  -7.65  -0.28  -1.12  -5.41  -3.51   1.81   3.67   7.52   1.19  -0.74  -6.52  -3.44  -9.88   2.26   0.76  16.15  -5.12  -7.31   3.69  -2.07   0.00
196711  -3.32  -1.31   7.21  -1.34  -5.01  -4.99  -2.03   4.10   2.65   3.17  -7.95   2.21   1.15  -2.75  -2.94  -0.96  -5.46   4.84  -0.23   4.41  -0.57   0.27   0.81   3.07  -2.49  -0.23   9.93   0.87  -2.88   1.14   3.18   0.39   5.45   0.20   3.16  -2.50  -1.78  -2.21   1.28  -0.91  -5.05   0.46   9.48  -2.28  -1.90  -2.95   1.18  -3.91
196712   8.87   4.42  -1.68   0.15   8.22   0.78   7.33  -1.32   2.19   5.69   2.47   5.35   0.75   6.01  11.74   1.80   5.04  10.73   5.15   3.14   5.25   5.01   4.03   4.40   7.97   0.42  12.23   4.16   6.18   3.20   3.26   0.38  15.87  15.71   2.67   0.91  -1.11   8.58   4.19   1.72  11.32   2.76   3.52   3.08   8.17  17.71  11.16  10.15
196801  -3.74  -0.23  -2.52  -1.21  -0.02  -6.25  -1.68  -3.19 -10.23   2.96   6.02  -6.02  -6.66  -4.96   5.02   2.27   1.11  -0.76  -4.63  -3.84  -4.09  -9.13  -4.49 -12.44  -1.46  -2.22   4.19  -3.84   2.16  -0.42   0.50   2.58  -1.26  -2.68  -8.78  -7.04  -9.19  -1.34  -5.16  -5.74   2.65   1.34  -3.02   5.70   2.13   6.87  -2.42  -2.75
196802 -15.36  -2.45  -0.24  -0.84   0.46  -1.77 -12.15  -5.10  -2.84  -6.96  -6.82  -5.04  -4.05  -4.36  -9.90  -1.92  -2.08  -7.93  -4.49  -6.99  -6.35  -4.30  -2.91  -3.70  -4.44  -5.75  24.26  -3.82  -7.41  -2.81  -1.45  -2.78  -8.64  -7.66  -2.97  -6.47  -7.70  -5.62  -3.20  -2.91  -6.91   0.13  -3.89   2.04  -6.36  -8.52  -5.21  -6.73
196803   5.61  -1.30   4.45   2.50  -1.19   5.49   5.88   2.04   3.54   1.28 -19.51   0.56   0.07  -0.53  -2.72  -1.37  -4.20  -2.69  -0.41  -0.04  -0.90  -0.74  -0.49   0.34   2.05   0.60 -17.87   1.37   4.51   0.51  -4.12  -1.15  -7.42   0.56   5.44   0.67   6.71   2.11   1.52  -2.16  -0.83   3.10   2.51   1.32   0.73   3.67   1.06  -1.34
196804  10.03  10.69  10.64   4.44   5.52  14.59  22.05  15.31  11.19  12.61  28.79   7.57  12.71   7.93  18.57  12.70  14.33  12.86   7.50   9.64  11.99  14.76  11.72  11.12  10.87  12.19   8.08   7.46  13.18   5.91   2.99   2.33  27.00  18.08  11.92  13.23  13.36   9.93  14.20  12.15  14.49  11.85  18.38   9.54   5.89  18.28  14.19  21.52
196805  -3.17   7.11   2.70   5.59   0.37   6.46   6.55   4.43   2.23   8.67  47.06   7.62   2.46  -0.83   7.57   5.38   3.84  15.43   5.38   3.58   3.88   2.00   0.52   0.34   7.62   6.34   8.91   3.37  10.82   1.05   0.60  -0.67  13.50   1.74   5.23  -0.81   7.35   2.92   7.42   5.74   9.04   2.85  13.76   4.77  10.52   8.55   5.64   7.65
196806  -4.93   1.24   1.57   0.32   4.48  -6.03  -2.71  -0.17  -1.98   2.86 -16.00  -0.93   2.89   0.93  -1.45  -1.86  -1.77   8.39   0.49   1.48   0.66  -1.43  -0.41  -3.56   8.60  -4.46  -2.01   0.89   0.37   2.19   8.33   3.73   4.87   0.32  -1.65  -1.51  -4.55   4.92  -1.43   1.05  -1.01   0.60   0.44   7.93  18.85   6.61   0.74  -1.24
196807  -3.44  -3.52  -5.74   1.01  -1.78  -4.67  -2.94  -6.92  -5.47  -0.61   0.00  -4.64  -4.04  -1.00  -5.22  -4.05   0.79  -6.88  -6.70  -9.87  -4.20  -3.98  -2.11  -7.07  -4.84  -5.73  -9.25  -4.78  -2.31   5.23   0.15  -0.04  -4.27  -5.55  -4.95  -6.64  -4.50   1.15  -4.45  -4.66  -2.88  -4.87  -6.64   4.94  -5.67   0.43  -0.29  -1.41
196808   0.22   1.11   4.68   7.21  -3.22   2.05   7.95   0.14   2.18   3.63 -15.24  -1.11   1.04   2.58   0.74   8.93   7.14   4.24   1.82  -2.07   4.69   1.07   1.50   0.39   2.20  13.03   4.42  -1.25  -1.23   1.32  -0.85   1.63   7.06  -1.62  -0.66   3.47   2.34   8.62   4.61  -0.85   3.45   2.30   5.88   3.55  17.07   8.43   3.46  -0.35
196809  32.82   4.56  -0.96   4.45   5.85  11.19  15.62   5.07   1.92   4.82   2.25  -0.53   1.10   6.98   5.19   7.51   6.91   7.96   7.40   1.22   5.54   4.14   6.96   2.04   5.42  11.09   2.46   4.19   7.31   3.52   0.30   3.35  11.34   9.72   1.38   5.41   7.56   7.14   1.87  12.25   6.53   7.51   7.98   6.86   9.85  12.47   5.23  16.83
196810  -2.11   1.69   0.94  -5.29   1.46  -0.36  -1.13   2.65   0.82   1.79 -15.38  -1.10   0.17   2.21  -0.25   2.08  -0.71  -2.69   2.99  -0.96   1.91  -0.75   4.10  -1.74   0.40  -2.76  -2.45  -0.84  -5.15   2.44   0.49   2.91   1.52   0.33  -6.94  -1.59   0.64   6.89   3.64   0.66   2.78   0.45   6.75   3.11   0.08   3.17   4.78  -6.79
196811  12.68   5.36   4.84   3.81   3.00   5.37   8.05   0.85   6.89   5.22  16.88  11.47   7.50   4.82   6.25   5.23   4.68   5.12   5.24   4.37   5.96   5.28  -2.69   7.30  11.98  16.00   9.23   9.60   8.85   5.56   8.75   5.96  -2.72   7.49   9.39   6.55   9.14   4.36   7.02   8.01   9.53   4.47   9.57   3.21   1.93  12.90   9.83   7.30
196812   4.34  -1.45  -2.71  -1.34  10.69  -3.88  -4.24  -4.75  -6.92  -2.11  14.44   3.38  -1.93  -2.60   2.42  -3.46  -2.56  -5.00   0.58  -0.37  -2.85  -5.34  -3.93  -3.31   1.60  -3.86   6.31   2.74   0.30  -2.64  -2.84  -6.92  -2.01  -4.40  -6.21  -4.03  -3.90  -0.91  -4.35  -3.70   0.50  -5.06   1.61  -8.75  -0.19   2.58  -5.99   7.63
196901   0.93   0.05  -0.12  -0.71   3.63  -3.37  -0.63  -5.45   0.12  -1.41 -12.62  -1.26  -0.04  -1.63  -4.66  -4.31  -1.49  -0.24   2.70  -2.54  -0.35  -1.82  -1.42  -2.93  -3.54  -3.37   1.47  -3.76   0.59  -1.13   2.39   1.25  -5.32   3.00  -5.03  -4.67  -1.36  -0.73  -2.64   2.17  -1.23  -0.59  -0.96   0.04  -3.67   1.60   0.76   5.45
196902 -21.40  -5.46  -5.02  -5.57  -9.59  -6.28  -7.54  -6.22  -4.70  -9.06 -10.00  -2.82  -5.62  -5.63  -9.43  -8.05  -5.37 -11.87  -8.57  -7.18  -6.50  -4.04  -2.41  -7.65  -8.55  -8.93  -1.77  -7.82  -7.34  -4.44  -5.20  -3.60  -6.93 -10.30  -1.61  -7.00  -7.32  -3.47  -4.95  -8.25  -9.51  -2.80 -11.86  -6.40 -10.58 -11.68  -8.82 -13.20
196903  -3.37   0.04   3.86   1.00  -1.44   4.03  -3.97   3.91   2.16   1.73 -11.11   7.94   2.37   0.30   0.10  -3.28   4.00   4.20   2.88  -0.02   2.83   3.46   4.90  -2.12   3.40   3.38  -0.99  -1.17  -5.99   7.03  -1.27  -0.21  -7.43   3.18   7.34   1.48   3.64  10.34   6.73  -2.63   2.48   5.65   3.42   3.92  -6.64   9.83   4.71  -0.75
196904  -1.74   1.67   1.92   1.74  -2.02   6.76   4.50  -0.22   4.97  -1.32  -2.78   4.84   5.04  -1.19  -0.88  -0.19   2.36   0.51   0.67  -6.56  -0.77  -0.91  -0.12  -3.23  -6.80   0.59   2.45  -0.52  -9.41  -0.28   1.35   8.11  -6.44   2.78   4.95   2.49  -0.95   5.62   1.96  -1.66   5.81   3.80   6.59   4.00   3.22  13.68   1.05  -4.81
196905  -1.04   2.04   2.21   1.19   1.84  -2.72  -5.03   2.21   0.17  -1.67 -10.00   1.57   1.68  -0.53   2.20   0.90  -0.98   0.21  -2.49  -3.51  -0.47  -0.49   0.72  -8.08   1.61  -2.68   2.32   0.90   0.20   3.54  -0.01   1.33  -7.63  -0.27  -2.38  -0.47   2.93  -3.23   2.48  -2.52  -2.44   0.76   3.04  -4.09  -0.60   1.44   0.39  -1.26
196906 -10.18  -5.40  -6.61  -7.05  -5.36 -11.03 -15.86 -11.17  -1.76  -7.98 -19.05  -6.07  -4.86  -7.53  -9.79 -10.25 -10.49 -11.67 -10.40 -13.42  -8.26  -6.29  -5.81  -8.72 -11.34 -13.82 -11.16 -12.96 -10.23  -9.61  -5.71  -4.27  -8.70 -10.26   4.05  -8.70  -8.28 -13.32  -7.05  -7.74 -19.28  -4.15 -10.03  -6.66  -8.65 -15.28 -10.33 -14.20
196907  -9.25  -6.41  -3.62  -1.56  -4.71  -7.82  -9.43 -11.06  -3.50 -11.94  -2.66   0.06  -3.37  -4.21 -11.85  -6.23  -9.48  -9.43  -6.38 -10.33  -6.38  -8.60  -7.74 -13.52  -8.60  -9.36 -21.47  -6.63   5.04  -9.75  -3.01  -4.54 -10.74  -7.42  -4.92  -6.31  -5.08  -1.74  -3.14 -12.45  -1.42  -8.17 -10.29  -6.40 -10.32 -13.24  -9.17 -12.02
196908   9.24   2.79   5.43   6.24   4.12   6.38  11.53  10.03   4.74   3.31  13.00  13.74   8.11   3.28   5.42   4.19   7.92   8.81   0.48   3.37   3.46   4.57   2.69   4.92   9.54  -0.19  10.46   4.27   4.84   6.51  -1.23   1.80   1.93  10.16   7.69   5.46   4.96   5.33   6.11   5.01   8.62   8.19   9.11  12.24   8.43  15.54  10.04   7.57
196909   0.60  -0.70   5.26  -0.94   4.10   1.88   0.64  -0.65  -0.67  -2.43   4.25   2.05   2.18  -5.45  -0.01  -3.05  -2.83  -2.48  -0.53  -3.61  -3.03  -1.72  -0.80  -5.51  -0.03  -2.78   4.94  -0.26  -0.25  -9.58  -4.15  -4.10   2.96   2.04  -0.19   1.65   2.42  -1.61   1.18  -1.30  -2.91  -0.83  -1.01  -3.12   7.33  -3.68  -1.78  -4.19
196910  13.78   7.95   6.85  12.05  12.80   6.41  13.04   7.50   6.32   7.28  22.32   8.36   9.00   4.53   7.77   6.76   8.04   9.67   8.86   4.60   5.49  10.66   4.93   6.28   5.99   9.68 -10.06   4.82  10.50  -1.15   8.21   3.60  10.58  11.43   4.23   8.30  10.43   8.56   3.47   5.97  13.19   6.30   9.03  10.80   5.71   3.69  10.59   0.71
196911  -7.27  -1.17  -4.99  -2.93   0.38  -8.29  -3.52  -3.89  -2.55  -2.88  -2.89   1.32   0.06  -4.57  -6.73  -4.25  -0.80  -9.81  -4.50  -4.35  -3.44  -3.42  -4.08  -9.10  -5.10  -7.79  -2.18  -0.42   3.98  -4.60  -5.28   1.55  -4.77  -2.86  -0.84  -3.91  -4.70  -1.27  -1.96  -8.20  -4.35  -4.12  -2.43  -7.95  -4.82  -6.45  -6.65  -3.56
196912  -1.51  -2.09   3.73  -0.42  -1.93  -6.48  -3.41  -3.21   0.88  -6.42   7.54   7.59   3.39  -3.66  -6.53  -5.63  -2.59  -8.03  -1.54  12.19  -2.19  -2.53  -3.20  -6.37  -3.80  -3.73  -8.08  -2.78   5.11  -3.11  -0.63  -5.79   1.22  -0.34   0.29  -3.87   1.80  -3.54  -2.65  -7.54  -4.02  -2.71  -5.17  -1.06  -2.84  -4.65  -2.19 -12.02
197001   1.88  -2.33  -2.75  -1.06  -6.99  -7.97  -5.74 -11.39  -6.86  -5.65  -3.99 -10.90  -6.10  -6.76  -2.17  -4.66  -9.33 -12.23  -5.54  -3.98  -7.16  -6.26  -8.71 -13.54  -3.38  -9.47   3.64  -3.04  -0.17 -11.73  -4.14  -2.95 -23.87  -9.00  -8.86 -10.19  -7.60  -9.41  -8.49  -7.62  -7.83  -5.67 -12.13  -8.06  -8.96 -10.93  -9.35  -3.19
197002  11.56   5.19   3.80   6.81   0.28   6.04   8.22   0.68   0.25   2.73 -21.38   5.81   5.73   3.76   4.32   5.01   8.72   0.04  10.63   3.99   6.73   8.40   7.56   4.22  10.79   5.96  -1.19   9.27  16.82   5.34   8.30   8.32  -2.23   3.33   1.86   6.58   2.07  10.42   6.37  11.18   7.66   5.97   6.60  15.55  10.48   0.33   8.04  -4.26
197003  -6.46  -0.28  -1.08  -0.55   1.42  -2.83  -2.51  -2.89  -0.95  -2.53  -3.63  -6.29  -4.80   0.83  -1.63   1.12  -2.96  -3.34   0.76   0.87   2.52   2.43   4.94  -2.89   0.12  -4.12   4.58  -0.83  -3.29  -0.39   2.80   2.21 -10.74  -4.53  -1.58  -4.33  -7.93   4.34  -2.37  -2.81  -1.78  -0.90  -7.30  -1.19  -0.08  -1.03  -0.55   0.12
197004 -25.20  -9.92  -8.67  -9.45  -2.82 -19.92 -21.82 -15.17  -7.85 -14.90 -39.27 -11.54  -9.58  -4.29 -14.71  -7.61 -10.66 -13.90  -9.35 -24.31 -11.13  -8.30  -8.94 -16.08  -6.93 -11.01 -16.99 -13.63 -14.70  -9.01  -8.01  -9.00 -24.17 -21.07 -13.20 -17.91 -13.21  -6.77 -10.69 -11.39 -13.79  -9.98 -19.78 -10.02 -15.42 -18.94 -13.47 -23.90
197005  -6.55  -8.33  -3.65  -5.82   3.54  -7.85 -13.15 -17.55  -8.21 -10.38 -25.02  -8.15  -7.55  -2.82 -13.12 -10.31 -10.66 -10.98  -9.20  -9.93  -9.55  -8.43  -5.00  -8.37 -10.08  -8.46  -4.27  -1.73   5.87   2.72  -5.39  -3.94 -15.79 -10.17  -7.83 -12.89 -22.35  -3.41 -10.25  -5.86  -8.64  -9.21 -13.79  -6.59  -8.91 -14.97  -9.90  -5.50
197006   1.80  -0.20  -1.57  -2.83   6.67 -11.78  -5.59  -9.59  -4.97  -6.95 -10.60  -4.39   0.45  -1.56  -7.78  -2.53  -6.63 -13.36  -6.15 -11.98  -4.48   0.69  -2.91 -12.34  -4.88 -10.68   8.77  -2.23  -3.03  -2.45  -4.67  -8.76 -17.33  -7.74 -11.75 -11.96 -13.94  -7.34  -5.02 -14.95  -4.88  -3.81  -6.46   0.48  -3.44  -3.59 -12.30 -18.45
197007   0.67   5.20   5.84   6.22   3.50  12.18   1.22  13.04   4.68   7.29  -4.65   1.75   2.27   8.53   5.27  10.61   8.94   6.92   3.50  12.45   3.19   5.23   8.71   4.43   4.07  15.05   7.48   1.27   6.33  12.64   8.61  10.75  12.60   6.09   0.80   6.82   4.54   8.85   6.15   9.44  10.22  11.75   2.35   6.71  10.41   9.42  10.33  -1.00
197008  -1.48   0.42  -1.71  -2.95   0.64  11.33   3.29   6.61   4.07   7.37   9.95   2.35   1.65   5.26   4.45   4.56   3.66   7.40   0.02   9.53   4.20   2.44   9.14  12.19   1.52   7.17   8.68   4.11  -2.93   6.61   4.70   2.25   2.83   3.31   7.14   9.99  13.36   6.78   8.20   7.41   3.52   4.93   6.50   6.16   1.55   6.11   5.51  14.69
197009  19.06   5.04   4.05   4.74   0.52   6.57  19.46   7.43   6.45  11.96  35.89   8.31   7.72  -1.23   7.66   5.99   8.07  16.33   4.03  12.70   8.40   3.03   1.37   9.04   8.76   5.68   2.91   7.10  24.10   2.93  -0.49  -0.69  20.57  12.94  10.53   8.37   9.63   1.68   0.13   9.34  10.22   6.71  17.19  -0.80   8.55  14.92   9.51   3.46
197010 -11.34   0.53   4.28  -0.90  10.36  -4.48  -4.00  -3.10  -0.06  -3.97 -18.35   1.12   0.27  -4.07  -7.69  -1.90  -4.30 -11.62  -5.00  -8.84  -3.19   0.18  -2.69 -11.21  -4.76  -8.75   4.58  -5.78   6.32   2.98  -0.83  -3.91  -6.43  -5.05  -1.59  -9.34  -4.55  -5.12  -2.31  -4.70  -3.45  -0.94  -2.61  -4.96 -10.10  -9.86  -7.13 -20.11
197011   0.85   5.89   6.67  -0.53  10.05   6.48  10.68   3.81   5.08   2.25  -0.50   1.19   3.35   4.59  -0.25   2.71   1.89   1.48   2.06   8.22   2.96   3.80   8.27   2.73  11.65  15.60  -1.65   0.16   8.88   4.77   9.36   5.95  -5.14   2.93   3.45   6.63   2.14  -0.54   1.35   4.02  -1.46   7.90   3.93   4.73   6.10   7.10   6.97  -9.81
197012   7.43   7.43   2.28   4.08   2.67   4.98   3.17  12.03   5.64  14.70  12.49   1.53   6.22   9.83  11.26  13.32   9.20   9.97   7.38   7.41  11.87   3.66   6.14   5.48   5.93   4.98  -6.23   8.39   5.59   2.28   7.11   7.33   5.16   4.97   3.33   8.69   3.05   8.42  10.36  10.29   8.86   4.79   6.28   8.39  12.88  10.49   9.32  11.21
197101   5.59   2.08   4.07   4.26   5.75  10.89  13.09   5.35   5.14  12.38   4.10  10.90   3.49   7.00   7.18   6.30   6.83  12.04   4.48  10.34   8.39   7.46   1.77  20.39   3.27  21.84   2.92   6.05   3.37   0.27   3.00   9.67  10.29   8.30   3.77   9.15  10.50   6.06   3.37  16.13   6.69   7.91   7.05   0.80   8.71   8.27   8.28  17.84
197102  10.08   2.29   1.82   1.33   5.07   5.69   5.96   5.86   1.70   6.58  27.77   3.55   0.56   1.78   3.54   6.10  -0.93   2.07  -0.10  12.17   0.35   7.12   0.17   4.34   3.87   0.95   9.31   2.75   3.75   4.82  -2.51  -5.43   7.93   4.54   3.49   0.67   1.85   0.11   3.69   2.97   2.84   3.72   6.40   1.21   3.67   6.53   0.71  13.13
197103  -0.36   2.82   7.64   3.23   9.61   9.21  14.61   4.49   6.27   4.88  10.78   8.27   2.42   3.18   6.55  -0.38   1.54   6.74   3.92   0.33   3.88   2.05   2.52   2.49   6.81  -2.45   5.57   5.13   8.89   2.67   2.36   0.65  -1.20   8.37   7.08  12.32   4.25  -0.32   6.53   2.25   3.26   6.33   9.08   9.88   4.47   5.89   5.91   6.10
197104   6.08   1.10   2.88   1.41   1.73   8.67   3.26   6.47   3.97   2.08  -1.40   4.75   4.17   6.43   1.99  -0.03   4.93   5.25   2.79  15.18   4.74   8.89   8.88   6.54   6.32  12.78   2.64   3.77   2.83   4.37  -3.46   0.97  -6.28   2.95   1.33   5.37   1.51   2.97   1.16  10.89  -0.15   5.58   3.23  -1.90   7.40   3.20   3.49  -8.15
197105 -12.76  -2.51   1.88  -1.59  -7.71  -1.36   0.33  -5.87  -1.12  -3.91  -6.53   0.49  -2.79  -0.83  -6.36  -3.56  -5.03  -1.79  -3.34  -3.18  -4.73  -2.79  -5.07  -4.19  -2.01  -7.44  -2.00  -2.48  -7.81  -4.62  -3.73  -5.38  -3.06  -4.72  -6.97  -4.61  -3.67  -3.60  -2.31  -4.14  -5.23  -1.95   1.07  -6.97  -3.38  -5.75  -4.92 -13.85
197106  -5.61   1.03   1.87   1.17   0.06   1.94  -1.04  -1.16   3.35  -2.16  -1.36   5.57   1.03  -0.24  -2.20  -6.39  -2.30  -2.88  -4.90   0.67  -0.03   1.72  -1.39  -1.92   1.35  -4.83  -5.27  -0.83   5.42   1.03   4.21   1.24   1.08   0.71  -2.92  -1.31   0.22  -4.29   1.03  -2.72  -1.42   0.02   3.68  -2.05   1.86   1.82   0.80   0.02
197107  -9.06  -0.10  -1.95  -3.12   0.53 -10.94  -8.15  -3.05  -5.81  -6.85 -12.16  -3.15  -1.73  -4.10  -6.51  -4.49  -4.34 -10.06  -7.27  -8.01  -4.09  -6.80  -3.06  -9.79  -1.05  -7.62   6.60  -4.45 -11.18  -2.23  -2.17  -3.82 -12.56  -8.28  -9.48  -7.41  -5.04  -3.26  -4.25  -5.24  -2.11  -2.87  -7.26  -2.22   0.48 -10.03  -1.51 -16.48
197108   1.69  -0.17   7.19   1.27   2.53   9.42   7.04   4.07   6.79   6.60   4.11  -0.30   4.01   7.92   4.52   7.68   7.41  11.59   8.40   6.29   8.51   9.58  10.11   3.56   9.59   3.35  -8.54  -3.06   4.15  -1.30  -2.29  -0.11   7.20   2.75   6.57   2.94   6.89   0.71   2.81  17.01   4.34   6.29   4.80   5.21   6.58   7.83   8.06   2.23
197109  -4.57  -0.08   1.97  -0.78  -2.87  -3.71  -2.74   1.97   1.58   0.30   0.56   0.97   0.57   0.07   0.77  -0.36   2.25   0.64  -6.81   1.48  -1.15   1.24   0.21  -0.14  -0.85   6.37  -0.50  -1.85  -8.04  -1.66  -1.51   0.37   6.77  -1.86  -1.58  -2.73   2.59  -3.66  -0.24  -0.74   0.43   0.54   0.02   1.27  -1.80   4.66  -1.17  -4.48
197110  -9.24  -4.01  -1.44   1.02  -8.78  -6.82  -5.87  -3.42  -4.26  -5.11  -8.52  -1.90  -2.48  -6.72  -0.39  -8.57  -5.29  -6.41 -10.21 -12.21  -7.93  -6.75  -5.68  -6.02  -7.26  -8.13 -18.06 -10.28  -9.61  -4.06   2.04  -2.21  -4.58  -5.56  -2.41  -8.47  -9.32  -5.10  -4.05  -1.93  -6.65  -3.46  -2.27   1.21  -3.69  -7.85  -3.62   0.18
197111  -2.23   1.00  -0.09   0.68   1.69  -0.04   2.40  -4.36   1.72  -1.91  -7.40   1.49   0.68  -1.43  -4.47  -5.17  -3.80  -5.63  -2.56  -6.15  -2.52  -2.06  -0.55   0.24  -6.95  -1.12   0.90  -5.37  -3.74   0.14  -1.14   0.38   0.75  -1.55   2.16   3.24  -7.41  -2.97  -0.50  -1.47  -3.10   0.35   0.67   2.06  -0.23  -2.46   1.08  -3.48
197112   6.23   7.43  12.53  13.39   8.67  11.70  18.04  13.28   8.47  10.25  17.46   7.14   7.75   6.91  11.59  14.85   9.54   8.18  14.10  15.34  12.84  11.55   6.31  13.23  12.38  14.66   3.81  12.72  16.88   8.68   8.12   7.82  14.40  13.50  10.77  11.60  13.37   9.05   9.71  10.18   8.80   9.81  12.10   6.51   2.50   5.10   8.68  14.21
197201  11.76   1.07  -1.49   2.88   5.80   7.19  15.44   0.30   3.17   5.42   7.14   2.76   2.55   4.43  10.64   7.16   2.59   6.29   4.18   2.07   3.42   2.25   2.94  19.06  -3.50  10.05  16.40   4.03   9.20   0.11  -0.29   1.08   5.90   6.11   9.35   6.98   4.33  -3.38  -0.10   6.08   2.27  -0.91   9.27   0.33  -0.25   3.31   2.39  18.77
197202   7.12   3.45   4.40   6.50   8.32   7.33   6.86   6.73   6.52   1.69  10.25   6.69   7.16   2.62   6.76   1.93   2.27   3.21   6.54   2.59   3.35   3.05  -0.24   2.69  -1.71   0.22   1.35   6.20  -3.52   2.72  -2.54   0.35   2.58   2.51   1.30   2.30   6.93   3.91   5.51   3.17   7.24   5.79   6.33  -0.64  -0.14   5.96   0.55   6.52
197203   3.43  -1.03   2.11  -2.22   3.03   0.01  -3.11  -2.13   4.20  -2.08  -2.32   4.73  -0.51   2.44  -0.54  -0.20   1.04   0.18   0.55  -0.35   1.57   3.30   4.94  -0.73  -2.31   1.51   1.26   0.90 -12.42  -5.48  -0.10  -0.46 -11.93  -1.46   2.08  -3.16   5.50   2.90   2.57   0.36   1.04   2.21   2.93   5.60   5.84   5.01   4.20   4.22
197204   6.29   0.82   4.13   2.40   6.41  -0.52   2.75   3.25   2.32  -1.64  -3.51   2.67   0.79   2.14   3.11  -1.61   2.41   0.63   0.55   0.73   3.77   6.22  -2.67  -0.85  -4.37   5.80  -1.62  -0.63   4.27  -0.56  -2.75  -0.90  -5.58  -0.89   1.01   0.09   0.87   7.46  -1.94   2.00   2.35  -1.20   1.98   2.40   5.55  -1.19   1.75 -13.17
197205  -1.96  -0.43   1.74   5.02   2.91   4.85   7.12   0.94   4.04  -6.27   0.01   2.74   4.03   1.33  -0.02  -2.87  -2.42  -4.84  -1.01  -6.46   2.37   1.87  -3.05   2.51  -1.21  -2.23   7.34   1.65  -8.27   3.88  -0.18   1.58  -7.84   0.96   4.06   1.77   9.32  -3.41   4.22   1.56  -1.77   1.14   4.39  -2.65  -2.08   1.52  -0.68  -3.63
197206  -1.23  -1.82  -0.44   6.08  -0.67  -3.36  -0.23  -3.14  -1.02  -3.22  -7.57   1.96   2.83  -3.91  -2.42   0.67  -2.19  -4.49  -5.67  -4.09  -1.85  -1.43  -2.66  -4.97  -1.97 -11.54   0.70  -1.23 -13.29  -0.95  -1.54  -2.60  -5.85  -5.21  -1.60  -5.69  -1.59  -4.44  -0.92  -9.43  -6.44  -4.22  -0.19  -0.70  -9.13  -9.53  -2.80  -7.73
197207  -6.11  -0.83   5.25  -1.93  -5.18  -5.49  -2.26  -4.57   1.00  -3.85  -0.48  -0.57   4.24  -0.30  -5.06  -2.71  -1.77  -6.41  -3.69  -1.04  -0.40  -4.19  -0.90   1.67  -3.54   6.40   2.38  -4.76 -11.10  -1.11   0.05   0.80  -6.33  -3.73   2.16  -2.34  -0.34  -1.31   5.16  -2.87  -4.98  -2.05  -8.71   3.46  -4.65 -10.98  -2.01 -11.53
197208  -2.18   1.98  -0.60   5.29  -2.74  -2.68  -1.85  -0.06  -0.74  -0.63   5.96   1.24   0.85   7.57   2.51  -2.52  -0.02   0.85   8.13   4.27   4.32   0.50   4.42   1.28   9.26   7.14  -3.04   3.82  11.24  12.62   5.87   5.32  -3.28   0.90   2.77   4.75  -1.37   5.66  -0.41   1.64   3.57  -0.56  -1.84   7.49   6.39  -1.09   4.99   6.86
197209  -1.52  -1.50  -0.98  -0.21  -7.51  -2.63  -3.39  -1.81   1.77  -3.48  -8.40  -0.56  -0.21  -4.60  -1.38  -3.69  -3.58   2.04  -3.58  -8.15  -1.12  -2.11  -1.12  -1.95  -3.16  -5.33  -6.51  -1.41 -15.33  -0.03   0.20   4.55  -3.23  -2.74  -0.91  -1.52  -2.60  -4.81  -1.02  -5.15  -3.57  -0.18   0.35   1.42  -1.69  -5.19  -0.21  -7.30
197210   2.15   2.50   1.18  -4.20  -1.07  -2.21   2.70  -3.25   2.06  -0.63  -4.16   0.62   1.85   0.11  -4.32   0.91  -0.82  -1.86  -1.80  -0.74  -0.95   2.47  -3.41  -2.52   2.77   0.90  -5.64  -0.96  -4.93   3.25   6.79   2.22  -7.96  -1.88  -4.65   0.64  -4.15   5.02   2.12   1.16   0.49   0.77   4.49   0.61   4.93  -5.89   2.00   0.07
197211   1.34   8.79   1.09   4.79  10.14   6.73   1.80   4.34   0.47   9.61 -12.69  -2.33   0.23   6.02   2.24   8.99   7.39   4.93  14.15   2.70   6.79   2.69  10.23   9.07   2.50   4.55   3.22   6.14  15.77   6.07   6.35   6.96  12.55   3.91   1.15   6.50   6.03   7.92   3.60   5.62   6.43   6.13   5.70  -0.74   8.00   9.10   9.34   7.45
197212  -2.67   1.69   3.17  -0.82  -3.29   1.92  11.60   2.55   4.43  -3.45   0.51   3.43   3.85   0.96  -2.46  -1.08  -2.37   1.71  -6.37   2.62  -0.49   0.31  -0.19  -3.75  -2.22  -3.98   5.42   1.79  -3.34   1.05  -1.49   1.85  -3.70  -0.91   2.60  -0.59   6.00   2.79   0.06  -3.77  -1.18   1.29   4.04   1.17  -2.73  -4.26  -0.62  -0.24
197301  -1.24  -3.25  -2.20  -5.24   0.16 -14.97 -10.83  -8.69  -4.08  -7.32 -21.81  -4.38   0.00  -2.58   0.51  -7.90  -8.42  -7.18  -2.56  -8.53  -4.81  -5.73  -5.82  -8.42  -1.76  -3.78  10.65   0.60  13.88   5.10  -4.26  -2.01 -11.54  -5.22   5.84  -8.11  -1.02  -5.61  -2.87 -10.30  -7.49  -3.87  -6.51  -5.40  -9.87  -8.99  -8.70  -5.91
197302  -6.23  -3.83  -3.70   1.93  -1.13 -13.29  -9.54  -4.85  -0.87 -10.43 -12.14  -5.21   0.58  -0.37  -5.59  -8.28  -7.29 -12.39  -2.60  -4.85  -3.95  -6.16  -6.66  -5.84  -0.44  -6.06   2.90   3.08  -0.09  -7.40  -1.98  -5.08 -11.40  -7.73  -1.67  -5.95  -6.84  -5.18  -3.92  -6.17  -5.25  -5.83 -12.47  -6.02  -6.75 -10.47  -6.26  -8.66
197303  -3.27  -2.00   0.35   0.78   0.59  -4.21  -4.30  -1.51  -1.33  -4.45 -15.76  -0.23   1.21   0.71  -3.04   0.54  -2.30   0.96   4.07   3.27  -3.93   0.03  -2.33  -1.47  -1.31   2.91  -0.65  -1.52   0.66   3.28  -2.17   0.65  -4.74  -2.74   0.24  -6.23  -3.37   2.68   2.37   2.48  -3.52  -6.41   1.45   0.00  -0.43  -2.51  -1.01  -5.01
197304  -7.62  -5.19  -1.93  -5.09  -8.64  -9.60  -6.85 -13.26  -5.45  -7.91 -13.20  -5.59  -5.38  -3.63  -7.74  -6.86  -2.77 -10.35  -1.73  -5.52  -6.72 -10.14  -2.91  -9.23   0.43  -6.39   6.98  -3.50  -9.55  -0.92  -0.57   0.82 -12.79  -7.43  -5.83 -10.01  -6.41  -0.55  -6.38  -8.40  -6.54  -7.88 -17.28  -6.12  -8.07 -11.03 -10.32 -16.77
197305  -9.06  -1.13  -0.12  -0.52  -1.93  -6.59  -5.84  -2.02  -0.50  -6.78 -12.20  -3.40   2.20  -1.10  -3.77  -5.69  -4.74  -7.35  -5.01  -6.25  -3.00   1.84  -6.04  -6.48   2.78  -3.57   6.16  -3.70  -2.00  -3.31   0.31  -0.51 -18.55  -7.35  -2.78  -0.33  -4.25   1.00   3.34 -10.22  -4.06  -1.59  -5.68  -2.32  -3.68 -12.74  -3.46 -24.78
197306   3.64  -6.43   1.48  -1.12   3.58  -8.55 -11.72  -6.00   1.43 -13.68 -18.76  -3.25   0.88  -1.54  -4.42  -5.34  -2.94  -1.05  -2.73  -4.83  -1.73   3.37  -2.99 -11.10   2.41  -3.68   1.27   2.33 -10.09   1.70  -2.47  -0.35  -0.69  -7.14   0.99  -3.57  -2.00  -0.78   0.34  -4.68  -3.63  -5.43  -9.41   3.23   2.04   1.17   2.39   5.98
197307  17.18   7.25   3.22   5.42   5.35  17.22  13.64  11.47   4.59  12.39  27.87   8.35   6.37   7.19  12.17   9.68  12.45  16.51   6.86   9.31  12.57   8.94   5.70  15.19  10.95   7.13  -0.16   9.64  -3.86   0.23  -2.40  -0.53  21.31  15.13   1.12  14.52  16.18  10.01   3.11   8.14  16.24   9.79  16.92   7.80  11.62  11.10   8.00   7.61
197308   1.00  -1.53  -2.84  -1.64  -7.32  -0.41  -3.91  -4.24  -4.48  -8.07 -10.91  -0.55  -8.30  -1.81  -7.34  -4.63  -1.98  -1.67   1.11   2.71   1.93  -5.16  -3.32  -4.72  -1.94   2.46  -9.36   1.26 -11.00  -3.79  -2.08  -4.58  -6.57  -1.74  -3.70  -3.31  -5.38   9.45   0.53  -3.97  -2.36  -4.74  -1.92  -1.04  -2.16  -8.68  -3.13  -2.80
197309  13.24   7.53   5.02  -0.81   1.40  11.87  -4.37   8.06  -1.08  10.39  19.41   2.22   0.22  10.35  10.18   6.65   8.50  13.57  10.22   5.78   8.63   9.81   7.08   6.72  13.64   3.63   4.21  12.72  29.12   9.55   7.89   8.71   5.91   9.14  -9.40  12.95  12.58   5.08   5.41  11.69   9.31   6.78  10.98   6.98   8.01   6.89   7.04   5.11
197310  -3.49  -2.24  -2.64   1.63  -0.45  -6.65  -7.71  -4.54  -0.91  -6.60  -8.32   1.40   2.03   2.62  -8.46   0.92  -2.53   1.67   7.08   9.15   1.15  -2.94  -7.28  -1.15   1.88  -0.03  10.95   6.64  11.67   4.95  -3.33  -6.35  -8.30  -3.40   6.72  -3.20   4.62   3.43  -2.44   0.32   3.38  -3.86  -6.51   2.41  -4.74  -8.47  -1.79  -0.88
197311 -16.61 -12.13 -12.28 -13.81  -7.94 -22.55 -30.64 -17.17 -12.09 -24.84 -17.47  -7.85  -7.66 -17.90 -16.86 -20.92 -16.18 -15.66 -14.35  -4.52 -14.50 -10.26 -21.05 -21.08  -2.28 -15.13  12.68  -7.84 -12.03  -6.26 -11.60  -4.38 -22.03 -16.82  -8.11 -18.15 -19.76 -11.55 -12.66 -13.83 -19.22 -17.19 -31.35 -13.21  -7.78 -23.44 -12.61 -13.33
197312   3.96  -0.70  -2.59   1.99   2.32  -6.35   1.07  -4.49  -3.02  -8.80   1.79  -2.82  -4.99   5.74  -4.89  -7.36  -2.77   3.99  10.31   8.04   1.77 -10.69  -3.84  -8.16  18.29  -4.21  22.64   4.75  10.34   8.98   3.44   5.27  -4.72  -0.52  -6.04  -0.20   0.89  10.32   0.02   8.27   0.96  -0.72   5.17   1.81   2.46  -7.31   3.14  -0.07
197401   2.82   6.14  -5.32  -0.83   3.02   8.92   8.52  -1.04  -2.56  10.36  -1.09  -3.46  -2.29   2.20   9.96  11.43   6.82   0.78   5.33  -6.51  -1.87  -0.95  12.07  10.45  -0.31  16.64   9.60   2.84   5.75  -8.06   4.51   1.33   5.07   0.76  -0.29   5.02   3.02  -0.27   0.51   0.02   3.79   7.83   1.57   0.61  -1.25  12.72   0.39   1.21
197402  11.41   1.43  -2.55  -1.74   1.84  -2.45  -0.38  -4.80  -3.35   0.94  -3.52  -4.07  -0.47   1.93  -2.29  -0.38   3.39   2.04   3.11  -2.89   0.34  -1.85  -0.32   8.96  -2.03   8.93   0.38   2.53   5.52  -1.66   0.28   5.02  -1.35  -0.77  -1.23   1.80  -0.45   0.86   1.56   7.79   4.79   1.35  -4.61   1.57  -1.84  -3.44   1.30  -1.05
197403  -1.93  -1.56  -4.00  -2.20  -5.99   5.38   3.62   6.04  -0.22  -1.70  -2.53   5.21   0.31   1.46   1.72   2.90  -1.05  -5.44  -2.47  -7.36  -4.34  -2.09   0.24  -4.59  -7.92  -3.77   5.43  -9.31   4.64  -3.39  -3.57  -4.43   2.25  -2.42  -1.17  -8.65   1.86   2.23  -1.51  -5.02   3.49  -4.54   3.73  -4.30  -4.76  -1.11  -3.82  -2.97
197404  -8.61  -2.63  -4.30  -3.67  -2.77  -7.38  -7.96  -6.22  -4.20  -3.77 -12.24  -1.99  -1.26   0.95  -4.78  -1.29  -4.16  -6.84   0.35  -7.11  -4.54  -3.89  -2.14  -0.21 -10.27   1.47 -12.52  -7.28   2.51  -6.22 -12.28  -5.29  -9.23  -9.29  -3.09  -4.38  -4.98   0.23  -2.68  -4.21  -3.97  -2.10  -2.96  -5.21  -8.87 -12.84  -6.65  -5.42
197405  -8.21  -4.84  -1.17  -4.47   5.57   2.44  -0.88  -1.28   1.01  -7.64  -8.17   2.69  -0.77  -0.10  -0.28  -6.71  -8.99  -9.20  -8.36 -12.36  -4.07  -5.85   2.46  -2.90 -13.37  -2.62  -8.77  -7.28  -8.18  -7.17  -4.91  -1.18  -8.19  -8.68  -5.23  -1.70  -1.45  -9.84  -1.30  -4.50  -3.89   2.16  -3.03 -10.72  -8.93 -11.67  -9.96  -6.59
197406 -11.70  -0.88   2.72  -3.22  -0.50  -8.17  -2.66   1.17  -0.47  -3.75  -8.38  -1.66  -1.54   0.42   0.01  -1.86  -4.80  -2.19   3.84  -1.69  -1.22  -8.11  -3.31  -3.04   6.45  -2.03   1.86   2.48  -6.20  -0.13  -6.10   0.66 -10.94  -3.11  -1.34  -6.90  -4.47  -0.64   2.33  -1.08  -5.12  -2.07  -7.28  -9.74  -4.08 -11.85  -4.73  -6.93
197407   0.10  -9.35 -19.69 -11.30  -6.75 -12.85 -13.00  -6.22 -13.38  -4.47  -3.17 -13.03 -14.40  -4.28  -6.01  -2.47  -4.82 -12.02   3.27  -8.30  -7.45  -7.81 -10.89  -5.97  -7.37  -3.28  21.75   0.07  -8.97  -0.61   0.72  -8.58  -4.22  -7.59  -7.36 -12.27 -13.08  -0.93  -9.46  -6.77  -5.77 -13.56 -15.22  -6.64  -9.84  -7.75  -6.14  -7.88
197408  -3.21 -10.34 -14.44 -17.77  -2.89   1.84  -5.67 -12.21 -12.00  -3.95 -11.80 -11.64  -7.15 -10.88 -11.21  -7.70 -11.59  -2.39  -8.00  -9.94  -9.90 -10.85  -4.74  -8.60 -13.65   1.99  -6.95 -10.08  -1.31  -8.36  -8.55   0.79  -6.81 -11.62  -5.20  -3.38  -4.44  -9.96  -7.25  -9.49 -10.21 -13.99  -6.18 -11.50 -12.66 -14.77 -11.48  -9.10
197409 -10.58  -7.05 -25.54 -16.73 -12.15 -18.44 -23.31  -7.79 -17.20 -10.10  -7.43 -14.66 -15.84 -10.17 -13.62  -9.88 -10.61 -12.14  -7.95 -10.80 -11.17 -12.92  -9.30  -5.68 -13.83  -9.60 -25.66  -6.87  -6.17  -7.90  -1.30  -4.16  -8.98  -6.56 -17.53 -15.26 -17.83 -15.94 -14.81  -9.02 -13.58 -11.11 -20.22  -8.71  -4.10  -5.72  -6.78 -11.41
197410  18.80  19.23  23.52   9.70  22.54   8.98   9.88   0.60  16.69   3.37  13.31  21.00  31.77  17.92   5.74   5.34  12.11  21.80  10.04  17.32  21.51  17.69  -2.60   7.02  18.90   5.57  25.99  17.86  46.06  21.01  12.92  11.73  20.54  14.48  16.81   8.82  12.80  14.06  20.86  19.71  19.66   7.95  18.48  24.17  25.50   0.11  15.95  20.94
197411  -2.85  -0.70 -11.12  -4.03   0.87  -4.02  -2.29  -3.48  -5.21 -12.21   0.60  -4.17  -0.52  -9.97   3.24 -14.22  -5.65  -5.79  -1.38   2.94  -3.30  -7.41  -6.00  -0.45  -0.56  -3.15  -6.01  -1.32   3.87  -4.08  -0.09  -3.45  -0.90  -5.90  -4.98  -3.24  -7.62  -3.46 -10.67  -7.09  -2.85  -5.95  -5.91  -2.86   0.21  -8.11  -1.91  -1.39
197412  -7.80   1.38  -0.48  -7.67   2.01 -16.14  -0.63  -3.32  -5.34  -2.96  -7.16  -4.72  -3.06  -3.80  -8.47  -2.45  -5.12  -9.76  -4.05  -3.48  -3.93  -4.87   0.11  -5.14  -8.64 -10.66 -15.29  -3.78   0.63   0.92  -0.80   1.99   2.75  -3.30  -5.78  -4.08  -4.64  -5.01  -7.30  -5.03  -5.79  -2.85 -10.45  -4.61  -0.60 -13.49  -1.65  -6.00
197501  10.99  17.74  26.17  26.11   5.21  26.58  36.24  23.02  17.50  32.50  36.71   5.25  -2.14  10.38  18.59  20.65  26.07  11.77  17.71  11.17  12.99  19.02  21.98  19.04  14.38  20.42   7.16  14.93  18.25   5.88  18.79  10.69  15.08  25.05  12.61  23.50  17.56  15.09   6.32  16.31  25.88  27.09  27.64  22.09  10.18  46.26  15.47  15.28
197502   2.88   4.28   6.24  10.94  -3.40   5.82  22.28  11.15  11.51  -0.59  25.56  14.61  16.25   8.90   5.18   3.45   3.08   8.64   1.87  10.41   7.84  12.42   0.16   8.09   6.59   3.28  11.67   4.65  -2.20   2.35   0.92   5.39   7.67   5.80  14.62   6.71  19.80   5.48  11.44   5.39   5.67   3.69  15.29  -1.91   4.06   0.27   0.50   4.01
197503   1.23   2.64  14.03   4.92   5.87  13.27  16.78   9.95   3.53  22.87   4.32   0.37   1.49   5.97  12.88   8.56   9.25  13.17  11.39   3.05   5.47   4.14   6.95  13.47  -0.91  -0.56   6.52   8.78  17.27  -2.46  -1.30  -0.82   3.70   4.69  -1.81   6.73  10.62   5.35  -2.97   4.46   6.96  11.06  12.87   2.13   2.98  15.00   2.12   2.66
197504   4.58   0.36   3.82  -3.59   5.13  10.57   6.22   8.52   6.73   4.29  13.06   2.55   0.15  16.05   7.99   9.24   3.05   7.14   8.98   0.02   6.73   8.87   3.31  11.81   4.37   5.96  -5.77  12.20  22.00   6.82  -1.59  -0.73   1.77   2.20   3.94   8.86  10.29  12.04  10.71   4.84   5.62   0.91  14.66   1.98  -2.69  -9.30   3.49   4.53
197505   2.37   6.08   8.84   4.96   1.84   0.20   6.68   4.08   2.26   3.54  14.35   4.02   6.96   0.30   7.98   4.40   5.52   5.01  -5.63   4.37   4.91  12.32   3.86  11.81   7.13   3.44  10.01   5.14  23.22  12.24   8.41   3.54   7.13   7.19   4.02  11.02   7.05   3.18   7.56  -0.36   4.50   4.39   3.77   5.60  11.30   4.06   4.84   5.48
197506   8.84   6.94   0.58   3.53   4.76   4.43   6.97   4.22   3.37   9.48   2.30   2.19   0.60   4.35   2.96   5.87   4.81  13.21   6.49  14.09   4.73   2.18   9.53  10.28   0.56  12.96   4.81   6.10  -3.11   6.22  10.78   4.13   3.18   7.45  -0.44   8.41   5.45   2.35   2.29   3.81   4.24   7.82   6.56   7.64   5.46   8.68   5.25   5.81
197507  -2.64  -4.11  -9.45  -4.47  -6.63  -6.17  -7.01  -5.69  -7.98  -3.34  -8.96  -9.16 -12.76  -4.43  -4.59  -3.44  -4.31 -10.08  -6.66  -2.88  -4.23  -6.35   1.23  -7.90  -0.66  -3.90  -6.81  -3.78  -3.14  -4.09  -4.76  -4.41  -2.25  -7.02  -9.72  -8.52  -9.69  -3.02 -10.19  -3.20  -3.19  -8.06  -8.94  -6.60  -8.87  -8.69  -6.98  -4.80
197508  -9.69  -0.87  -4.29  -4.63  -4.57  -4.37  -0.22  -3.16  -4.55  -4.19  -7.43  -3.55  -3.18   1.82  -0.76  -2.34  -2.26  -3.07   3.58  -5.00  -1.79  -5.58  -2.51   0.79  -9.05  -7.68 -13.31  -7.40  -3.79  -0.89  -1.31  -3.71  -4.38  -4.99  -1.67  -3.56  -9.95   4.37  -1.96  -3.18   0.11   0.56  -3.07  -8.10  -5.66  -7.22  -4.24  -4.57
197509  -4.90  -1.66  -5.82  -5.70   1.50  -5.32   0.36  -5.61  -3.93  -0.65  -7.33  -6.39  -6.53  -8.53  -2.54  -0.42  -6.63  -4.90  -4.91  -6.44  -3.69  -7.39  -1.28  -3.20  -8.36  -6.14  -8.17  -3.08   1.50  -1.22  -0.95  -1.24  -0.50  -6.97  -0.29  -2.15   0.59  -8.29  -5.58  -3.30  -5.54  -3.58  -3.07 -10.08  -4.91  -9.84  -6.19  -5.96
197510  10.85  12.85  15.38   0.85   6.25  -0.94   2.08   7.52   9.48  13.15   4.31  11.39  10.61   6.60   5.57   8.23   4.98  -2.44  -3.07  -1.62   3.29   0.53   9.59   2.54  -2.81   6.41  -3.87  -1.82 -16.08  -1.13   6.51   7.11   3.65   3.90  10.63   3.56   4.46   7.60  10.86   4.98   4.81  10.48  11.42   3.21   6.62  -2.88   5.76   4.09
197511  -2.12   2.32   6.88   2.57   5.90   6.56   1.04   2.99   3.86   8.50   6.73   5.48   5.04   2.10   3.53   4.66   6.27  -5.11   1.72  -7.58   1.02   6.58   4.38  -1.86   8.35   7.14  -7.69  -0.64   2.97  -1.88   3.11   4.05   1.72   4.07   5.90   4.16  -0.44   1.59   6.74   4.42   0.94   4.42   9.70   4.71   8.55  -1.34   3.26   2.47
197512  -1.46  -1.51  -4.10   0.45  -0.32  -2.96  -3.14   0.08  -3.36  -0.53  -3.67  -5.04  -6.71  -0.04  -2.60  -1.04   0.50   3.82   1.29  -2.73   0.53  -5.19   1.09  -3.25  -3.96  -2.89   6.61   1.24   3.28   0.13   1.33   0.16  -2.02  -1.71  -1.12  -0.58  -3.55   0.74  -6.22   1.92  -0.21  -3.71  -2.31   0.83  -4.00   4.40   0.44  -1.35
197601  11.62   6.20  12.06  15.93   7.50  23.02  18.28  15.82  12.37  23.19  18.36   9.50   7.15  20.01  18.61  20.77  19.07  10.87  20.93  24.81  18.30  17.36  13.89  18.75  13.70  16.91   4.90  14.25  21.49   8.05   8.38   9.51  11.20  15.58  17.31  20.97  19.63  20.73  13.09  14.41  17.51   8.05  12.80  12.84   6.33  19.45  13.80  11.25
197602   2.25  -3.27  -5.79   1.66  -1.10   5.43   0.28   2.97  -2.20   5.99   8.69  -5.00  -7.14   2.62   9.37   4.56   5.54   5.07   5.36   5.48   5.29   2.76   4.29   4.42   6.16   8.17   7.78   1.51   1.13  -3.39  -3.48   3.33   5.31   5.20   0.23   4.10   0.43   4.28  -2.65   5.82   5.43   4.26   4.89  -1.60   3.97  13.28   3.17   3.78
197603   0.58  -0.25   3.55   0.32   0.75  -1.96   1.06  -2.19   3.11   4.72  -5.85   2.76   7.77  -3.58  -1.31   0.47   2.52   1.60  -0.01  -2.30   0.37  -0.16   4.86   6.38   5.13   1.08  -2.77   6.96  -4.17   7.66   1.41   0.57  -2.83  -2.39   2.75   3.06   5.86   2.63   6.62  -2.09   2.83   4.50  -0.26   5.10   2.64   4.38   2.00   0.81
197604  -2.01   0.28  -4.19  -4.26  -1.39   3.85  -6.97  -1.71  -4.32  -1.83  -2.06  -1.99  -4.93   0.01   1.60  -4.53   0.36  -3.88   1.08   0.01  -0.17   1.47   1.23   4.50  -4.74   2.28   8.11   0.53  11.80   2.03   0.64   2.03  -1.83  -3.46  -2.97  -3.84  -6.14  -1.63  -1.92   0.92  -0.25  -5.09  -5.57  -2.70  -3.91  -1.25  -1.58  -0.11
197605  -5.25   0.27  -1.26  -5.41  -2.34   0.70  -3.74  -2.91  -3.02  -8.85  -2.02  -2.07  -3.01  -2.58  -1.44  -5.60  -3.85  -4.68   0.63   4.91   2.39  -1.33  -2.96   2.50  -3.81   7.34  -2.44   0.38  10.13   5.31  -1.35  -3.06   0.33  -1.69   0.67   0.55   0.01   0.78  -5.97   1.70  -0.82  -6.34  -6.90  -1.22  -4.42  -8.23  -1.62  -1.41
197606   2.01   6.10   4.18   5.75  -2.70   3.90   5.44   3.33   6.10   1.18   4.13  -0.29   4.66  -0.28   2.03   0.53   3.10   9.66   4.55  11.99   6.73   5.68   3.28  11.84   8.97   5.53  -4.31   7.57   5.19   5.21   4.24   3.75   6.12   8.08   8.06   8.87   8.02  -1.00   2.36   4.56   0.74   0.78   5.10   7.62   7.96   5.06   4.54   3.34
197607   1.53   1.48   3.92  -0.41   2.73   1.33  -9.69   1.61  -2.27  -1.31  -0.09   1.86  -0.99  -2.25   0.63  -1.47  -1.45  -3.15  -2.35  -5.07  -1.82  -1.19  -0.40  -4.81  -0.77   3.30  -5.95  -3.29  -6.76  -0.50   2.82   1.29  -0.27  -1.78  -2.59  -0.93  -3.79  -3.52   4.28   0.06  -3.55  -1.79  -4.75  -0.41   6.69   0.36   0.05   1.14
197608  -4.66  -0.25  -0.41  -0.96   3.86  -5.33  -0.98  -0.93  -0.46  -4.10  -3.49   1.45   2.46  -3.22  -3.23  -2.17  -2.18  -0.55  -3.62  -2.79  -2.60  -1.72  -0.19   0.23   1.57  -0.05  -8.75  -1.42  -8.61  -0.69   2.91   4.52  -0.81  -2.36   0.25  -0.28 -11.29  -2.45   1.02  -3.58  -1.22   4.72  -3.09  -1.78   3.93  -2.02  -0.21  -1.99
197609   1.82   0.26   0.58  -2.16   6.63  -0.19  -0.24   5.53  -0.34   1.71   7.85   2.43   3.84   0.39   0.36  -0.83   3.86   2.62   1.93   2.54   0.23   4.44   5.83   4.44   1.51  -3.13   4.83   1.12   7.38   6.18   4.08   1.70   5.07   2.62   2.68   2.96   4.14   2.60   3.66  -0.58   1.63   0.40  -1.03  -1.29   2.01   6.53   1.48   1.48
197610  -1.00  -1.57  -3.93  -2.79   0.16  -3.82   2.68  -0.40  -2.73  -0.62  -3.50  -4.84  -3.47  -2.50  -1.36  -0.95  -0.22  -3.71  -5.84  -7.84  -3.17  -5.18  -1.77  -6.07  -6.83  -1.04   4.42  -1.10  -4.35  -2.32  -0.83   1.41  -3.02  -2.85  -3.52  -6.35  -7.73   0.70  -5.44  -3.70   0.26  -0.22  -2.89   0.53   0.86  -2.08   0.48  -1.92
197611   3.30   2.38  -2.39  -8.23   2.42   0.21  -2.09   5.14  -1.14   8.94   1.91  -5.52 -10.97  -5.00   2.94   5.63   5.68   0.57  -0.26  -0.48   1.53  -0.45   0.48   4.01   0.55   5.89   4.41   1.16   0.52   0.95   3.17   2.61   3.31   2.24   0.61   2.93   7.15   2.21  -2.14   4.58   0.53   5.51   3.58   0.65   2.16   2.46   2.37   2.10
197612  12.55   4.77   0.87   9.31   3.97   9.80  15.45   8.87   3.75   7.07  12.88   2.76   7.04  10.14   6.37   5.49   7.93   9.06   7.39   8.25   6.42   3.20   9.95   5.29   9.78   5.47   1.82   4.34   6.51   6.19   6.57   3.49   8.95  10.52   3.15   5.67   1.87   4.47   3.18   4.85   7.70   1.77   3.72  10.62   6.75  10.44   8.35   8.00
197701  -5.03  -3.93  -5.22 -11.74  -4.91  -6.95  -3.64  -2.57  -8.39   1.50   5.69 -10.94  -8.66  -5.61   2.47  -1.29  -3.90  -4.42  -3.46   1.24  -4.38  -3.31  -3.04  -2.85   3.16   2.53   1.00  -4.69  -1.01   0.32   0.81  -0.20   0.68  -0.95  -3.32  -4.51  -8.29 -10.70  -6.65  -3.57  -4.47  -7.31 -10.25  -4.91  -5.87  -0.59  -3.41  -2.84
197702   6.04  -1.92   1.55   1.03  -0.37  -5.20  -5.13  -2.40  -2.25  -5.31  -8.72  -0.65   0.14  -0.73  -1.82  -4.67  -1.73   2.11  -0.84  -4.64  -1.01  -0.46  -3.22  -0.45  -2.22  -3.44  14.85  -4.00   2.84  -3.02  -3.40   1.28  -6.19  -1.80   0.05  -1.90  -2.55   1.23   1.41  -3.36  -1.58  -1.61  -2.26  -2.17  -0.08  -2.75  -1.77  -1.44
197703  -5.28  -1.01  -0.30  -3.35  -2.77   0.59  -1.02  -1.42  -3.26  -0.85  -0.86   0.52  -2.33  -0.50  -1.29  -0.92   1.47  -0.62   0.60  -1.83   3.90   4.03  -5.19  -0.68   2.79   0.91  -0.21   2.77   1.32  -2.18   0.17  -1.05  -1.35   0.82  -0.65   1.05   2.71  -1.38  -0.12   0.14   0.17  -2.96  -5.04  -0.78  -0.93   1.66  -0.09   0.63
197704   0.53   0.99  -3.16  -1.83   2.05  -4.72   1.06   0.90  -0.43   1.96   1.58  -5.22  -5.32  -0.49  -2.05   2.01   3.01   5.54   0.83  15.00   3.75   4.26   2.04   2.24   3.77   8.51  -3.44   1.56  -3.83   2.77   1.95   0.42  -0.26   0.90  -5.98   2.64  -2.12   0.88  -1.00   4.90  -2.82  -3.85   0.88   0.05   6.55   4.54   2.14   1.60
197705   4.27  -0.43  -1.92  -2.42   1.31  -6.34   1.95   0.43  -3.10  -4.75  -1.54  -0.44  -2.25  -3.65  -0.71  -4.67  -2.51  -0.34  -5.76   1.88   0.18  -1.87  -0.44   2.28  -3.02   4.84  -4.71  -6.49 -10.66  -0.17   1.67   1.40   1.97  -0.13  -3.16   1.54   4.53  -7.06  -0.35   1.30  -2.36  -3.65   2.02  -2.50   0.63   0.38   0.59   0.02
197706  -0.24   4.60   3.92   1.55   2.42   4.14  11.27   8.75   5.91   6.94  15.58   9.06   8.83   0.22   9.48   5.64   3.08   4.78   0.06   3.65   3.02   5.88   4.52  10.77   1.79   1.87   1.59  -1.37  10.24   5.98   5.73   1.55  16.99  10.13   8.20   6.87   7.90   2.60   2.72   2.29   4.42   5.76  11.07   5.53   6.49   6.59   5.83   5.08
197707  -0.83   1.95   4.61  -3.86   1.88   2.80  -3.17  -0.76  -1.69  -1.02   3.19  -3.83  -2.01  -3.36  -3.03  -0.67  -2.69  -0.74  -7.04  -1.76  -6.56  -0.38  -2.50  -2.23  -0.29   1.72   3.78  -5.75  -8.99  -1.75   0.88  -0.71  -0.84   0.35   1.46  -3.71  -1.95  -5.03  -1.51  -2.36  -4.65   0.02   0.58   1.36   0.89   0.18  -0.42   0.82
197708  -2.89  -1.00   2.60   1.75   2.35  -2.75   2.62  -1.31   2.50   0.27  -0.58   3.97   3.90  -2.97  -3.10  -1.40  -2.08  -1.33  -4.86   6.16  -2.09  -0.61  -1.08  -3.33  -0.97  -6.33  -2.88  -1.89  -5.02  -5.75  -3.26  -2.33  -0.32  -0.81   1.48  -2.25   0.24  -3.02   1.36  -3.59   1.00   4.84   5.36  -0.80  -0.88   0.51  -1.74  -0.43
197709  -3.77   0.44   0.78   1.36  -1.02  -1.94  -1.96  -0.16  -0.74   1.98  12.12   1.34  -1.84  -0.40   2.40   0.07  -1.08   1.93  -5.60   0.71   1.78  -2.46   3.02  -3.53  -1.81   0.11   7.83  -3.67  -0.02   0.76   2.00   3.87   2.36  -0.23  -2.60  -0.21  -0.05  -1.40  -1.13  -1.82  -1.97  -1.25   3.25  -0.98   0.91  -2.52   0.39   1.11
197710  -4.12  -4.98  -3.28  -4.28  -2.30  -9.88  -2.89   1.67  -6.51  -2.02  -3.80   2.01  -2.61  -3.15  -3.42  -3.72  -1.13  -5.57   0.13  -2.90  -5.52  -1.73  -4.61  -3.07  -3.36  -9.42  -4.95  -7.16  -2.31  -3.54  -3.15  -5.37  -2.85  -2.75  -2.35  -5.16  -5.21  -7.38  -4.15  -3.81  -3.17  -2.86  -3.97  -5.51  -4.52  -5.16  -4.00  -3.84
197711   9.38   3.15   3.30   5.42   2.68   6.97  11.67   7.36   2.50   9.20   9.96   3.69   6.54   2.97   6.87   6.82   7.36   5.07   1.61   4.64   7.35   4.90   1.74   8.18   3.48   7.68   4.07   4.40   4.39   3.38   4.28   2.18   9.19   7.55   4.47   6.60   6.98   6.29   2.31   6.90   7.49   5.14   8.42   5.09   8.25  10.14   4.75   6.15
197712   1.42  -0.34   0.43  -2.51  -1.82  -0.77   3.22   4.35  -0.56   0.81  12.52   1.65  -0.14   1.32   0.91  -1.02  -0.25   1.25   4.38   0.09   0.98  -1.55  -0.90   1.73  -2.83   1.78  -0.01   1.59  -2.66   1.77  -0.31   2.32   2.29   2.06   3.47   0.18   0.53  -0.29   0.73   1.16   1.78  -2.36   1.52  -1.21  -0.92   1.85   1.47   1.58
197801  -5.27  -5.34  -4.67  -0.38  -6.21  -3.05 -10.16  -8.52  -7.40  -5.21  -5.07  -5.32  -0.69  -6.39  -3.14  -1.16  -4.69  -7.96  -4.38  -0.53  -7.07  -2.81  -6.23  -6.73  -6.18  -3.13   5.25  -7.74  -5.18  -6.94  -4.59  -4.21  -5.16  -5.40  -3.79  -6.59  -7.31  -7.75  -4.17  -1.65  -7.49  -6.80  -7.73  -5.65  -5.33  -2.19  -5.45  -3.82
197802   0.23   0.26  -0.90   0.08   0.67  -0.74  -0.26  -1.01  -3.09   2.52   3.39  -3.20  -3.21  -4.84   1.67  -0.18  -0.15   0.29  -3.12   1.77  -0.61  -2.32   1.20   4.37  -3.27  -0.29  -4.53  -0.24   2.27  -1.14  -0.39   4.59   1.71   1.52  -4.20  -2.04  -1.63  -5.95  -1.82  -1.41   0.07  -1.35   4.11  -1.16   2.43   1.69  -0.07  -0.25
197803   8.18   1.10   6.40   3.14   3.98   8.27   9.71  10.17   2.38   8.22  10.55   2.44   4.34   4.05   7.87   3.18   6.69   6.32   5.93   4.29   3.55   3.08   5.91   9.92   6.77  14.05   3.56   4.57  -6.07   2.19   2.50   2.83   7.34   7.52  -3.80   6.64   2.56   4.86   0.91   4.48   5.14   1.80   6.56   5.50   4.19  11.22   4.43   5.36
197804   2.91   5.00  10.44   4.32   8.57   8.68  14.59   9.65  13.66   6.26   6.80  11.72   8.64  10.86   7.79   5.71   9.05  11.92   8.82   5.80  11.86  12.51   7.93  13.25  13.04   5.32  -3.56   4.91  13.21   6.81   0.26   3.21   5.70   7.58  13.70  11.97  15.60  11.51  11.47   9.45  10.06  11.54  11.11   9.97   9.91   9.37   9.55   8.39
197805  13.84   3.73   4.69   4.99   2.59   7.17   7.37   4.78   4.29   4.33   8.20   1.69   6.08   0.30   5.95   3.74   4.30   3.30   3.46   5.73   4.81   8.78  -1.49  11.94   4.90   2.16  13.45   2.81  -3.38   0.97   0.72  -0.50   7.03   5.58   0.33   3.67   4.29   2.44   4.56   2.50   0.80  -0.31   8.17   1.06   1.44   4.43   1.31   4.18
197806  -1.28   1.69  -1.95  -1.62   0.04  -2.02   0.13  -0.43  -1.89  -3.96   3.42   2.97   0.52  -2.44   1.11  -1.05  -1.41  -3.19  -5.70  -0.82  -0.31  -2.50  -3.08   3.58   3.82   3.64  -1.80  -4.58  -1.08  -3.91   0.83  -1.56   2.23   0.02  -0.26  -1.13   1.74  -2.99   2.16  -0.63  -0.77  -2.08   3.40  -0.77   1.10   4.54  -0.92   0.77
197807   3.35   2.25   2.47   6.03   4.51   7.04   7.56   7.28   7.30   1.98  18.17   5.58   9.31   5.40   4.16   3.48   8.04   3.37   8.03   4.14   6.06   8.80   3.62  16.45   9.75  13.15   9.49   5.70   2.84   3.38   2.75   1.45   5.88   8.00   9.90   6.28   6.29  11.50   7.59  11.61   7.90   5.29   5.24   5.34   4.09   2.91   5.19   5.83
197808   7.30   3.17   4.09  -0.31   1.34   2.73   8.83   7.07   2.69   7.19   7.76   3.56   0.02   4.70   3.04  10.76   8.25  11.01   0.99   5.91   4.44   1.58   2.03   4.50   4.17   3.68  -1.02   8.43  -0.83   5.28   0.48   3.56  11.24   5.23   6.05   6.12   4.02   5.73   4.65   4.28   7.24   5.49  10.95   4.58   5.48  11.03   6.11   7.13
197809   1.32   0.01  -2.74   1.43   2.07  -2.55  -5.14  -2.92  -3.06  -2.12  -1.35  -2.79  -2.83  -0.28  -4.17   2.67  -2.30   2.09   0.56  -2.10  -0.79  -4.51   1.13  -7.85  -2.48  -3.84   2.59   2.99   0.57   4.72  -0.24   1.49  -6.09  -3.04  -5.29  -2.59   0.52  -1.85  -4.47  -3.66  -2.93  -2.26  -0.11  -0.15  -2.02   1.73  -0.96  -1.28
197810 -23.12  -9.77  -9.74 -14.66  -8.24 -16.93 -18.66 -13.10  -9.26 -15.74 -24.67 -15.25 -11.68  -9.61 -15.23 -18.76 -16.61 -20.52 -11.62 -16.41 -14.14 -12.80 -10.34 -15.39 -18.22 -10.95  -9.37 -11.95 -17.60 -10.51  -7.11  -4.70 -17.84 -17.85  -7.49 -16.18 -18.31 -10.17  -5.95 -17.56 -14.35 -13.01 -23.37 -10.14 -12.47 -26.01 -10.50 -17.06
197811   8.76   0.42   2.87   4.45   2.56   0.77  11.26   2.42   3.11   4.52  11.29   5.68   4.77   1.13   3.60   4.58   1.77   2.26   1.29   3.09   4.12   2.68   0.55  10.38   4.95   7.76 -12.24   1.52   6.35   6.12   3.09   3.38   3.05   5.96   4.05   6.98   8.80   0.16   3.22   3.80   2.36   2.16   4.57  -0.26   3.99   5.05   1.70   3.95
197812   3.01   0.50   3.97   3.36   2.49  -0.64   3.82   3.03   0.96   1.10  14.77  -1.29   4.09   0.06   1.67  -1.43   2.12   1.14   0.57  -1.22   3.16  -0.09  -0.22   2.60   3.29   5.28   8.88   3.48  -1.79   2.86  -1.23  -0.05   2.98   0.40   9.09  -0.21   7.51  -1.34   3.48  -1.19   1.00  -1.55  -3.17   0.66   2.26   5.59   1.23   2.85
197901   5.43   4.15  -0.04   6.64   0.54   6.21   4.98   6.55   3.39  10.94  -2.04   4.36   0.89   6.47   6.58   7.71   7.48   7.12  13.18   8.31   5.62   6.81   5.20   5.05   3.12   4.07   8.38  10.70   9.85   3.32   6.32   3.82   4.12   5.74   3.37   7.21   2.12  12.50   1.99   3.70   8.92   6.30   6.99   3.05   6.28   5.72   6.19   7.64
197902  -5.34  -3.83  -4.18  -3.87  -3.00  -7.39  -5.85  -3.24  -5.17  -3.05  -5.03  -8.19  -3.53  -2.32  -4.06  -0.21  -3.37  -2.36  -3.77  -5.16  -2.81  -5.53  -3.23 -12.97  -6.06  -5.19   7.65  -0.61  -0.38   0.33  -1.62  -0.68  -9.43  -5.02  -2.77  -4.59  -3.47  -2.21  -5.63  -5.46  -1.82  -4.33  -4.14  -4.21  -2.66  -3.49  -3.00  -2.67
197903   6.58   2.41   1.91   8.01   5.24   7.89   6.83   2.97   4.72  10.71  12.37   4.38   4.90   9.78   6.73   6.81   8.65  14.30   8.83   4.42   7.56   5.04   6.34   7.08   7.09   5.39   4.00   9.95  16.22   9.03   2.40   0.30  11.57   8.19   7.03   7.96  12.19  10.12   4.39   9.69   6.02   5.61   8.96   5.90   9.77  13.47   6.60   9.08
197904   4.80   0.18  -2.75   2.24  -0.21   7.32  -0.29   1.91   0.78  -0.59  -0.94   1.22   0.35  -2.11   7.77   1.39   3.21   3.79  -0.29   1.02  -0.32   0.15   2.45  -1.06  -1.45   0.97   5.36  -2.45  -7.19   4.43  -2.73  -2.55   3.67   3.63   0.05   0.23   0.98  -2.68  -1.83   0.71  -0.19   0.69   6.33   2.20   0.27   0.95   1.46   2.24
197905   0.54  -1.48  -1.32  -4.66  -2.80  -0.03  -3.69  -2.66  -2.65   0.19  -4.61   0.66  -3.37  -2.85  -1.20  -1.59  -1.52  -1.06  -2.29  -0.10  -0.74  -1.17  -1.54  -5.87  -1.46   0.82   8.85   1.03   7.10  -2.71   1.45   0.18  -1.84  -0.26  -2.05  -1.20  -3.43  -0.84  -0.31   0.99  -2.31  -2.88  -3.76   0.88  -0.87  -0.35   0.28  -1.69
197906   6.27   3.35   2.48   6.08   5.51   3.50   1.48   1.49   1.04  -0.23   9.51   4.38   4.69   3.95   7.11   3.80   3.52  14.26   3.04  13.57   6.05  10.14   2.56   4.00  10.01   3.44   2.16  10.19  14.26   9.07   4.97   2.14   2.55   4.76  -1.90   5.52   4.67   2.14   1.81   2.52   2.74   2.63   2.57   9.08   9.70   7.59   7.20   6.46
197907   1.30   0.67   1.35   0.75   4.78   1.40   5.77   4.05   0.49   2.53   8.75   0.82  -0.52   4.20  -0.84   0.81   4.28   4.15   4.31   6.42   2.58   2.27   0.26   3.81   3.76   2.38  -2.08   4.38  -3.09   1.90   2.13  -0.23   4.86   3.73  -3.31   1.79  -0.05  -0.46  -1.88   7.72   0.49   0.67   3.43   2.73   2.62  10.30   3.61   1.26
197908   6.35   7.74   4.49  11.69   8.74   9.17   3.90   8.16   6.66   9.56  11.39   8.23   8.48   7.03   7.30   3.93   9.39   5.36   6.60   6.95   5.72   6.01   4.98  12.66  17.39  15.08  14.37   6.79   2.74   8.01   2.06   1.63   9.01   8.26   4.22   7.74  12.71   8.25   6.40   5.59   8.18   9.23   5.83   5.43   4.67  14.05   4.38   5.58
197909  -2.21  -1.05  -3.73  -1.03  -4.97   1.44   2.59   0.55  -3.79  -1.27  -0.75  -2.58   0.01   2.52   0.12  -2.37  -0.31   3.82   2.34  -4.62  -1.33  -4.05   1.95  -0.22   3.08  -2.60  13.76   3.47   3.31   5.86  -2.14  -2.42  -0.39  -0.81  -2.38  -1.42   1.02   0.08  -4.11  -3.77   2.36  -1.98  -4.54  -2.68   0.09  -2.58  -0.49  -0.17
197910  -8.66  -7.84  -8.76  -9.60  -3.78  -9.63  -8.42  -8.07  -7.50  -8.91  -5.92  -8.08  -3.40  -7.98 -10.54  -9.30 -10.21  -5.24 -11.06  -2.73  -8.80  -6.71 -11.42  -8.92  -4.16  -8.66 -10.60 -11.10 -16.62  -2.26  -5.78  -4.80 -10.63  -9.36  -7.86  -6.97  -8.77  -9.81  -6.84 -10.81 -10.31  -8.42 -12.24 -10.99  -8.81 -13.76  -9.80  -9.32
197911  14.61   4.94   2.89   7.92   6.56   2.29  10.36   3.22   1.20   8.47  19.06   8.29   8.21   6.67   0.86   3.97   5.05   9.97   1.48   7.34   7.57   4.86  -4.71  10.95  16.81  11.91  12.04   9.46  17.99   8.87   7.81   4.06   9.10  10.15   8.20   7.50  10.36  -0.49   1.27   6.52   7.64   3.21   0.92   4.29   8.14  11.65   6.40   7.51
197912   7.14   2.31   0.48   4.20   3.07   4.74  10.88   5.38   2.94   5.13   9.33   4.74   1.03   5.26   4.24   8.14   4.29   7.32   8.13   5.41   2.87   4.59   1.35   9.65   3.43   9.49  29.08  12.65   5.56   2.62  -0.91  -1.37   0.94   5.20   0.64   2.68   6.77   4.96   1.89   3.63   8.61   1.23   5.48   1.95   1.92   8.66   1.03   5.80
198001   2.18   3.52   2.37  11.04  -0.63  10.52   4.29   3.77   1.25   1.23   7.62   0.60  -2.43   4.25   8.73   5.05   6.64  15.20  18.77  11.00   6.76   8.10   9.73  25.33  19.76   9.71  16.21  13.33   8.59  14.10   1.62  -2.47   5.78   7.20   6.65   7.61  10.05   7.10   1.90   9.60   6.21  -0.35   3.02  -1.67   3.33   8.52   3.53   7.43
198002   1.81  -5.24  -8.46  -2.29  -4.80  -2.30  -4.13  -7.18  -4.64  -0.17  -2.96  -7.31  -4.01  -1.33  -5.27  -1.14  -2.08  -4.80  -0.20  -5.45  -3.04  -4.35  -6.38  -7.71  -9.05  -3.43   8.92   2.78  -0.81  12.61  -3.35  -1.08  -8.20  -1.56  -4.08  -1.90  -4.55   0.42   0.06  -4.48  -2.24  -5.32  -5.54  -7.91  -8.35  -2.38  -1.17  -2.02
198003 -20.77  -9.90  -1.25 -13.41  -0.71 -11.44  -6.96 -11.31  -4.37  -6.23  -4.93  -2.13  -2.84 -11.99 -13.72 -14.53 -14.92 -14.38 -18.59 -19.02 -12.15  -8.94  -9.77 -12.46 -11.13 -15.25 -26.09 -18.29 -21.21 -17.72  -6.69  -2.77 -11.73 -16.23 -13.72 -11.53  -9.56 -13.92  -6.98 -13.77 -10.02  -7.90 -12.94  -4.55  -7.94 -23.54 -11.12 -16.00
198004   4.87   8.99   4.36   3.26   9.57  -4.14   9.01   2.30   4.25   2.66  12.45   7.16   2.95   5.07  -2.24   5.74   3.84   4.94   1.79   2.60   0.52   2.37  -2.22  -3.04   1.86   1.89   5.73  -0.01   2.07   6.75  11.93   7.26   7.96   8.18  -0.29   3.67  -3.06   2.25   6.00   0.54  -1.39   4.64   7.66   8.57   6.22  10.70   5.41   8.67
198005   8.14   8.69   5.17   9.76   8.95   5.76   4.05   9.97   6.40   0.98   3.28   6.22   7.45   7.62  10.03   7.02   9.10   3.97   6.23   6.11   5.41   7.72   2.93   0.57  -0.30   3.72  10.96   6.24  15.37   3.97   4.59   4.86   4.78   8.45   3.27   7.16   6.93   7.41   6.30  11.18  12.22   9.54  11.78   6.77   6.27  10.87   8.78   7.64
198006   7.06   3.01  -1.69   3.74   5.66   2.73  -1.07   2.64   1.25   3.66   6.73   0.38  -0.30   2.19   2.62   1.80   3.61  15.99   2.66  12.08   5.93   0.59   1.98  -0.11   1.85   2.26  34.28   6.62   6.34   5.73   4.59  -0.83   5.64   4.36   3.95   1.65   2.54   2.28  -1.14   1.84   1.31   2.31   3.78   4.52   4.45   6.51   5.22   5.14
198007   8.22   3.22  11.10   9.02   7.33  11.77   6.36  11.08  10.40  15.60  21.84   8.64   7.61   8.78   4.81  11.47  12.35  20.43  12.60  10.16  12.06  14.68  12.47  11.93   9.11  16.25   6.75   8.93   6.34   1.70  -0.15   0.94  14.01  12.94  14.47  14.48  21.55  10.85   7.83  16.30  10.62  10.88   7.90   1.35   1.54   7.79   5.07   7.96
198008   9.93   0.23  -0.73   1.27  -0.76   7.48   1.58   4.61   0.88   1.57   3.58   2.07  -0.51   2.92   3.97   4.94   1.38   3.68   1.04   4.91   1.26  -0.58   3.28   1.57   3.60   0.25   8.57   4.10   0.12   3.82  -1.23   5.57   3.92   6.88   2.95   5.78   0.92  -0.09   0.27   0.51   4.66   0.44   1.13  -0.09   2.42   4.23   2.92   6.18
198009   2.89   0.24  -5.93   1.07  -1.56   7.34   1.19   5.49   0.53   2.90   5.92   4.14   3.19   1.98   0.64  -0.15   1.60   5.94   4.52   5.80   6.06   1.93   1.40   4.30   4.48   3.46  20.60   8.82   7.57   6.84   0.04  -1.54   3.29   6.28  -0.13   5.08   5.35  -1.14   1.08   1.80   4.10  -0.89   2.98  -1.00   3.63   5.88   4.43   3.79
198010   4.26  -0.83  -3.40   0.48   3.88   3.62  -1.87  -0.82   0.48   1.43   1.68   3.87  -2.95  -0.99   2.44   1.79   1.84  14.00  -0.80   6.94   2.49   2.55  -3.81  -3.13  -1.67  -0.03  -3.67   0.68   0.44   7.92   2.05  -2.82   1.52   4.86   1.90   1.87   1.17   1.88  -1.90   6.05   0.56  -1.81  -3.96  -0.93  -4.16   0.83   2.54   2.85
198011  11.73  -1.38   0.54   0.20   2.43  15.17  19.51   2.73   5.36   3.68  11.16   8.62   8.28   9.38   2.91  -1.79   6.58  11.53   5.13  13.29  11.84  11.93  -2.03  17.51  18.44  16.60  -0.57  10.37  14.22  24.65   7.64  -0.05   4.60   9.98   6.88  12.28  18.05   6.15   6.25  12.64   6.92   0.84  -1.59   2.49  -1.32   2.90   9.89   8.76
198012  -4.03   2.06   7.82  -4.07   0.82  -8.56  -0.26   1.73  -0.78  -2.15   2.76   2.55   5.58  -1.95  -4.80  -2.48  -3.53  -8.04  -4.03  -6.55  -3.79  -4.52  -0.21   5.92   2.16   5.12 -17.34  -3.73  -9.79 -10.83  -1.93   0.08  -5.16  -2.31   0.78  -4.53  -2.40  -2.75  -2.78  -5.60  -5.46   0.21  -0.13  10.31   3.00   0.93  -0.54  -2.90
198101   2.29   1.54   4.28   4.56  -1.07  -8.37  -1.40  -0.78  -0.96   8.76   0.51  -3.44  -1.31   0.80   1.37   7.26  -0.90 -11.31   1.00  -4.04  -6.53  -2.33  -0.12  -6.85 -11.78  -8.97 -10.86  -7.19  -7.88 -10.45  -2.57   6.23   0.22  -1.95  -8.18  -7.79  -9.50   2.04   0.15   2.08  -0.57   0.53   1.04  -0.77  -1.41  -0.74  -3.79  -2.36
198102  -6.05   1.29   7.00   3.17   3.27   0.71   5.38   2.49   8.87   2.63  -2.69   4.01   1.91   3.89  -1.32   1.21   4.05  -0.15   2.24  -1.42   3.52   1.88   6.63  -3.84  -1.48  -0.68  -5.46  -2.38  -0.92  -0.41  -1.33   2.29   6.73  -0.11   0.30   0.97   0.41   7.02   7.98   1.88  -0.10   3.21   8.49   2.54   1.69   1.87   1.58   1.37
198103   2.75   8.30   4.18   7.96   5.44  12.27  14.11   7.48   3.02   9.20  16.11   3.88   5.08   2.50  10.34   4.75   9.14   6.09  19.81  10.41   5.59   9.46   7.92   2.92   1.63   5.22  14.08  17.27   4.56  -2.51   3.03   1.41   5.99  10.20   1.66   9.60   6.88   7.41   3.18  11.87  11.56  13.43   8.77   2.37  11.76  10.93   6.95   5.34
198104   4.79   0.37  -1.76  -2.05   1.01   4.44   0.69   6.02  -0.47  -4.17   4.29   2.46   3.05  -2.41   4.39  10.65  -0.45  -7.94  -1.35   1.33   0.17   5.06   1.30   1.03   0.31  -1.23   0.68  -0.43  -6.39  -7.31  -2.58   6.37   6.31   3.64  -2.20   2.07   3.85  -4.53  -1.03   2.05  -2.02   4.25   4.57   0.07   2.24   0.31   0.22   3.56
198105   3.25   1.47   5.91   1.28   1.89   5.83   6.16   5.61  -0.16   1.91  11.83   5.14   1.83  -1.42   3.66   0.62   1.00  -4.15   0.00   3.13  -0.78   3.51   2.95  -0.68  -1.90   0.50   1.83  -1.30   0.20  -3.97   1.75   7.32  -0.17   3.11   3.35   4.67   7.12   0.01  -0.91   4.77   1.85   2.45   2.53   5.21   1.78  -0.88   1.91   3.18
198106  -0.55  -0.70  -1.78   0.60   1.33  -9.28  -4.51  -0.71  -1.54   0.83  -8.88  -7.50  -4.53   2.20  -2.59  -0.28  -0.70  -4.54  -5.48  -1.62  -3.18  -4.59  -2.42  -2.83  -1.49  -6.58 -19.54   4.30   1.14   4.71   3.15  -2.28   2.13  -4.67  -5.79  -7.36  -9.41  -0.13   0.49  -6.52  -3.15  -1.14  -1.88   3.08   2.37   2.01   0.68  -2.90
198107  -0.78  -0.56  -2.31  -1.08   2.19  -7.02  -7.09  -1.57  -2.91   0.86  -3.14  -3.26  -4.14  -3.67  -1.00  -3.03  -5.14  -4.04  -0.04   5.00   0.76  -5.36  -3.71  -6.34  -8.39  -3.93   6.24   4.88   8.85   7.93   3.00   0.05  -4.38  -3.60  -4.46  -2.87  -2.22  -3.26  -4.23  -4.43  -4.70  -2.88  -6.08  -4.06  -4.66  -2.31  -1.64   0.41
198108  -5.29  -5.26  -3.66  -5.70  -5.68  -2.52  -7.86  -3.88  -6.13  -6.25 -15.89 -10.92  -5.56  -6.40  -9.11  -6.82  -6.25  -5.82  -7.18  -5.43  -7.12  -4.53  -8.49 -10.70 -14.79  -8.01   9.36  -1.67 -12.31  -6.45  -0.61  -1.34  -6.12  -5.96  -5.06  -9.46 -10.04  -8.63  -4.96  -7.56  -2.90  -6.01 -10.45  -4.82  -4.64  -6.13  -5.39  -6.50
198109  -3.75  -3.20   1.20  -0.63   0.23  -2.18  -1.99  -5.09  -2.38  -2.96  -0.98   1.94  -2.19  -9.14  -6.60  -2.20  -7.49 -13.05  -8.83 -11.60  -9.85  -5.48  -4.15  -4.83  -5.21  -6.02 -14.33 -12.17  -8.96 -12.27  -5.32   2.95  -2.50  -7.37  -3.39  -3.69  -4.83  -7.53  -4.52  -5.42 -10.07  -2.89  -2.70  -0.96  -0.37  -8.52  -3.80  -9.76
198110   6.40   8.16  11.44   8.27   5.87  11.43  11.60   8.47   1.48   3.29  14.79   9.83   6.53   6.21   6.94   5.72   1.59  -3.72   1.34  14.68   3.66   4.12  -8.50   6.77  11.82   7.44  -6.29   2.43  13.77   9.93   4.98   5.35   5.73  11.22   1.81   8.34   7.75   0.58   3.04   9.23   7.45   5.40  11.61   5.42   8.20   6.54   8.09  10.78
198111   3.57   2.04   0.81   3.38   3.75  -3.75   3.24   5.66   5.91   0.36  -4.46   5.28   4.31   3.74   2.31   0.28   4.70   9.96   4.54   1.56   6.15   3.67   2.40  -1.42  -5.39  -7.15  -1.27   3.44   5.34   6.87   5.76   2.53   5.76   3.47   2.90   1.60  -3.44  10.61   7.24   4.76   2.84   1.07   1.54   5.01   5.80   4.84   5.79   1.86
198112   2.93   1.42  -2.80  -2.13  -5.91  -0.40  -2.11  -3.39  -1.26  -2.72  -5.74  -1.40   0.08  -2.53  -2.47   1.04  -1.54  -1.90  -2.75   0.76  -2.71  -0.65   3.00  -0.16   2.75   0.30  -8.58  -5.37  -5.99  -6.38  -2.27  -1.51  -0.61  -2.07   2.06  -2.29  -1.80  -3.15   0.27  -3.61  -3.09  -1.64  -3.92  -5.04  -4.38  -1.85  -3.01  -2.08
198201  -7.88   0.80  -2.18   1.83   0.68  -0.60   6.96  -4.68   4.64  -0.96  -3.17   1.74   1.90  -4.79  -3.76   2.29  -6.21  -8.28  -8.75  -6.70  -5.35  -2.30  -1.18  -4.59   2.54  -2.68 -11.49 -15.76  -7.46  -8.54  -0.50   0.78  -3.29  -4.26   6.37  -2.68   4.29  -4.90  -0.80  -3.63  -2.72   1.03  -0.99  -1.63   0.43  -3.17  -3.14  -3.83
198202  -4.05   1.89  -6.74  -1.56  -3.66  -9.03  -4.51  -1.21  -3.42  -3.43  -5.11  -1.53  -1.43  -7.28  -0.27  -5.10  -5.29  -9.78  -5.27  -6.75  -8.42  -3.75  -2.79  -5.44  -8.90   0.63  -8.43  -7.62 -12.87 -10.94  -0.15  -5.55  -2.33  -5.44  -4.06  -5.44  -8.75  -2.47  -2.51  -4.79  -3.17  -0.48  -3.39  -1.87   0.07  -4.44  -4.31  -3.69
198203  -5.43   2.14   7.71   4.73   3.65   5.64   4.85   0.18   1.03   0.46  -2.93  -1.32  -2.85  -1.49  -1.98   0.45  -2.21  -6.31  -4.44 -11.12  -3.63   2.10   5.83   0.39   0.74  -9.13  -6.54 -13.88  -6.52  -3.51   1.62   2.41   1.53  -2.69  -5.58  -0.72  -2.73  -2.40  -0.31   0.76  -1.32   4.78   8.30  -1.14   1.56  -0.58  -2.13  -1.85
198204  10.32   6.31   6.12   9.92   7.13   7.68   2.02   4.89   2.13   5.54  10.03   8.12   6.76   5.16   2.76  10.17   4.13   1.53   1.33   3.67   0.13   6.99   5.32   5.12  14.01   7.28  -2.63   0.80   3.33   4.52   3.82  -0.84   7.39   7.46   6.60   7.62  10.23   4.66   1.61   3.79   2.24   6.15   5.50   3.83   0.22   2.90   4.68   7.06
198205  -5.83  -2.72  -1.22  -2.50  -4.66  -6.31  -4.45  -5.69  -2.02   0.66  -6.93  -1.82  -2.91  -4.50  -3.04  -2.91  -3.76  -7.02  -6.81  -2.32  -8.39  -3.44   0.66  -4.25  -9.19  -2.94 -10.35  -7.40 -10.09   2.49  -0.56  -1.04  -8.96  -4.18  -5.20  -6.19  -3.84  -6.79  -3.42  -6.90  -3.06  -2.78  -4.75  -7.11  -5.96  -0.43  -3.98  -5.54
198206  -4.24   2.02   3.27   1.98   2.69  -1.47   3.23   0.12   1.48   3.62   0.31   1.66  -1.56  -4.87  -3.04  -2.87  -2.65  -4.68  -6.49 -17.54  -5.29  -2.11   4.37  -2.17   3.52  -3.88 -12.55  -6.80  -5.82  -6.47  -2.21  -2.55  -3.23  -2.47  -2.10  -1.59  -4.60  -0.47   1.10   0.71  -0.38   3.46   3.14  -2.09  -2.75  -6.11  -2.27  -4.13
198207  -5.20  -0.36   4.54   8.66  -5.50   4.37  -3.79  -2.23   1.70  -0.94   7.95  -0.96   0.34  -4.40  -3.38   1.43  -1.49  -7.72  -4.41  -3.64  -6.00  -1.41  -3.69   3.84   0.98   1.34   4.12 -13.11 -10.47  -8.07  -2.75   1.18   0.49  -0.72   3.89   0.01  -2.08  -3.25  -0.30  -6.10  -0.77   0.65  -0.74  -2.33  -3.80  -4.91  -3.03  -0.14
198208   0.67   7.19   7.69   4.06  13.47   7.54  -0.01  12.38  12.24  12.07  17.54  13.81  11.02  15.40   5.32   9.00  13.29  19.32  13.11   1.47  11.57  14.71  15.23  20.62  14.39  32.64  40.36   9.80  10.62   9.78  11.92  10.84  14.53  11.01  12.45  11.11  19.62  15.49  14.62  11.30  17.81  11.67  10.95   9.78   7.57   7.92  12.29   5.54
198209   7.05   2.33   6.42   6.18   4.43   0.28  -0.36   8.60   0.51  11.02   2.49  -1.92   2.12  -0.55   3.48   2.63   1.13   2.26  -4.44  -5.71  -4.49  -2.08  -1.63   0.56  -1.97  -1.20   3.67  -2.50  -2.10   2.17   1.23   1.05   7.23   5.23   1.64  -0.11  -0.55  -1.28   1.89  -2.72   2.96   5.54   0.51   6.82   8.10   2.80   4.67   3.64
198210   9.40   8.97   1.81   5.65  12.16  17.17  20.87  17.13  11.93  11.51  19.07   6.94   7.37  12.54  11.58  16.73  19.11  24.24   9.29   9.67  11.46  17.43  17.36  16.21   2.22  15.13  22.14  10.92   9.24   5.63   4.87   8.19  12.04  18.07  14.89  19.10  17.70  17.77  12.88  17.90  17.52  16.80  12.63  18.37  10.36  19.18  14.31  14.05
198211   5.98   3.65   6.65   7.07  -2.02  11.30   5.71  11.09   8.74  10.40  13.34   7.64   3.29   2.93   8.78   3.95  10.85  14.17   3.96   3.14   4.97   7.26   8.26   4.46  -3.41   6.03  12.37  -1.02  -0.02  -4.28   0.12   6.01   7.45  10.84  10.27   9.28  14.54   5.96   4.35  11.28  11.50  11.55   5.55   6.77   7.80  15.50   5.88   9.26
198212   1.89   1.80  -1.29  -3.95  -0.38  -8.14 -16.88   3.75  -1.16  -0.75   3.96   2.11  -0.64  -1.99   2.62   4.54   2.98  -1.04   5.29   4.68   4.73   1.75   6.17   2.20   3.74  -4.32  23.41   6.16   1.38   5.35   4.25  -1.23  -0.77   0.26   5.78  -1.22   0.61  -0.23   1.44  -0.83   1.87  -2.34  -1.95  -4.63  -0.22   1.17  -1.70   0.65
198301   2.69   0.11  -3.07   1.65  -1.38   9.38   1.08  -3.71   3.63  -2.01  -3.10   0.81   2.60   9.07   6.48   4.26   3.32   5.44   7.95   5.14   6.17   6.23   2.04   7.36  13.28   1.91  22.95  13.17   8.35   3.63   3.56  12.33   2.09   8.34   7.64   8.72  10.49   2.25   0.70   6.71   3.39   0.86   1.31   2.41  -1.01   4.74   0.17   6.75
198302   7.99   0.91   0.66   4.67   2.03  12.38   6.76   7.94   4.56   8.88   8.06   2.29   1.99   4.17  11.69   5.98   5.11  -0.58   3.66  -0.37   0.55   5.46  -0.35   6.24   7.52   2.27 -25.57  -6.90  -8.50  -0.13   1.42  -0.29   7.43   6.88   2.65   4.09   6.35   6.01   5.78   5.82   9.15   7.65   9.15   5.10   8.17   7.47   4.46   4.26
198303   4.84   5.26   6.68  11.02   5.70  -9.31   0.74  10.06   0.55  12.56  12.71   3.06   3.16   1.19   8.27   8.02   6.20   4.91   3.02   2.36   0.60  -1.34  -0.45   6.73   1.19   6.11   4.97   3.07  -0.25   5.82   0.32   0.71   1.37   2.56   1.11   1.54  -3.78   2.34   2.36   1.59   2.88  10.50   3.61   8.04   7.21  12.35   5.89   1.15
198304  -2.04   6.09   4.45   5.38   4.54   2.63   6.69   8.92   6.05   9.10   3.84   4.48   5.40   8.79   6.08   6.79   2.37   9.61   2.63   3.26   6.13   0.79  16.54   4.94  13.99  13.84  11.51   9.61   2.98   9.53   4.72   5.12  12.37   5.70  11.24   3.67  -1.39   8.14   8.33   3.29   7.62   9.74   7.18  12.00   4.60   8.55   9.54   8.61
198305   3.93   0.16  -4.19  -3.31  -4.90   7.28   4.73   0.24  -5.86   0.32   0.90  -2.28  -3.52   4.37   6.34   2.28   1.51   6.08   9.53   6.23   4.94   7.09  -1.49   0.59   3.64   5.86  12.48   9.00  11.64   1.12   2.54  -1.28  -1.32   4.30  -0.63   5.78  10.73   1.47   2.94   4.60   1.76   0.18   3.28   0.28  -0.96   5.31   1.61   5.95
198306   3.35   1.93  -0.65  -0.01  -0.41  11.71   0.34   5.92   4.26   8.39   4.39   6.19   7.59   0.94   2.66   7.39   0.43  -1.27  -1.95   3.33   3.48   7.05   9.69   7.51   3.83   4.17  -5.47   0.58   8.30   6.72  -0.42   0.23   3.34   3.98   6.30   5.02   9.80  -2.55  -0.28   8.20   4.83   5.96   7.80  -1.16  -0.46  -3.39   1.80   4.52
198307   3.98  -2.07  -5.52  -0.36  -0.61  -0.46  -9.94  -4.11  -6.06  -5.75  -8.51  -9.57  -3.52   0.10   0.52  -0.67  -3.05  -5.74  -0.89   7.33  -3.16  -6.98  -1.14  -5.99  -1.36  -0.65  -1.39  -1.73  -1.45  -2.52   1.02  -5.18  -7.44  -8.08  -4.29  -4.18  -7.26  -0.81  -3.25  -5.00  -6.75  -2.36  -5.70  -3.99  -3.88  -5.34  -1.23  -2.45
198308  -3.92   1.24   5.50   3.22   5.96  -1.13  -3.85  -2.00  -1.33  -6.33  -5.13  -3.66   0.79   7.03  -4.25  -0.27  -3.62  -5.01   7.20  -8.46  -0.96  -1.98  -3.53  -5.17  -8.42  -1.98   3.48   1.01   0.97   7.40   1.63   2.20   1.88  -2.26  -0.51  -2.34   0.61  -0.05  -0.40  -2.36  -2.90  -5.53  -4.28   0.95   0.69  -2.60   0.60  -5.67
198309   0.39   6.65   1.65   4.72   8.68   4.29   2.47   3.88   3.05   1.17  -2.64   1.73   1.94  -0.18   2.33   1.84   3.63   1.80  -1.86   0.65   4.05   3.50   5.04   3.68  14.46   5.21 -18.82  -4.79   4.20  -5.02   4.64   2.26   0.79   2.26   3.49   1.48  -1.39   1.63   5.27   1.29   3.19   2.14   4.28   2.04   4.69   1.62   1.44   1.77
198310  -4.02   4.26   2.71  -2.73   2.46  -4.52  -3.30  -5.25  -1.36  -5.01 -10.62  -4.90   0.70  -2.80  -4.65  -4.19  -3.42 -10.55  -4.88  -4.73  -4.49  -2.47   3.07  -3.79   0.15  -1.00 -12.89  -9.58  -7.02  -2.16   3.07  -5.20  -3.00 -10.26  -4.78  -6.77 -11.99  -0.49   1.86   1.65  -4.79  -0.66  -2.66  -6.15   0.21  -4.24  -2.26  -7.71
198311   3.40   2.08   7.16  -3.47   0.95   5.45   0.03   2.45   8.34   0.97  -3.13  -2.81  -3.07   2.38   0.62   8.83   8.14   6.89   9.18   2.12   6.00  10.95  -0.50  10.86   6.27   4.55  18.08   4.51   3.19  -0.48  -1.63   3.15   6.80   5.64  -2.30   7.88   9.81  12.35   4.09   7.11   4.58   4.27   4.95   5.65   4.26   4.79   2.71   4.22
198312   0.27   0.34  -0.91  -2.68   4.12  -0.62   6.84  -2.07   0.21  -3.30   0.64  -3.57  -4.60  -3.18  -1.02  -1.77  -0.88  -1.62   1.52  -0.26   1.01  -0.42   0.97  -1.63  -0.11  -3.45  -1.78  -2.20  -6.15   1.81  -3.60  -1.53   0.09  -2.90   2.47  -2.81   2.71  -1.81  -2.04  -0.85  -1.30  -5.83  -4.02  -0.86  -1.44  -3.41  -0.78  -1.94
198401   3.96   2.75  -3.24  -1.58   4.57  -7.52   1.45  -5.42  -5.70  -7.40   2.54  -5.43   0.27  -4.31   0.87  -4.30  -3.61  -1.03  -1.75  -1.92  -1.03  -4.68  -3.74  -1.18  -6.77  -5.46  -0.84   3.83   0.83   9.91   1.56   4.07  -6.09  -7.36  -5.69  -6.49  -5.86  -5.66  -3.22  -4.19  -4.39  -6.39  -3.81   1.91  -1.94  -3.09  -0.31  -4.89
198402  -5.04  -5.35   0.36  -7.38  -6.82  -5.21  -8.98  -8.39  -5.43  -1.54  -4.77  -6.38  -0.29  -7.21  -6.17  -7.77  -7.40  -2.85  -8.13  -6.81  -7.48  -7.41  -6.72  -6.88  -7.45 -11.20  13.59  -0.81  -4.41   3.81  -3.34  -3.69  -4.56  -6.10  -4.36  -7.56  -9.36  -5.37  -3.24  -7.53  -4.86  -4.74  -6.15  -4.21  -1.80  -6.09  -4.64  -5.28
198403   2.99   0.27   5.64  -1.48  -1.03   2.09  10.12   6.56   2.46   0.64   1.40  -2.73  -0.60   6.26   2.69  -2.22   4.30   3.51   5.46   4.77   4.72   0.01  -2.62  -3.86  -2.58   4.18   0.29   6.91   2.15   0.22  -0.18  -4.21  -1.52   1.66   2.10   1.17   3.17   8.44  -0.58   1.50   3.84   0.14   4.55   0.72   6.07   3.76   1.73  -0.07
198404  -3.45   0.13   1.65  -0.47  -0.94   4.21  -5.25   2.38  -0.10  -0.57   6.99   3.10   1.41   1.03   1.67   0.39  -1.40  -5.15  -5.27   1.68  -1.35   3.09   0.90   0.69   7.60   2.98  -9.98  -3.46   2.09   4.19  -0.27   2.16  -1.60  -2.66   0.60  -0.70  -1.90  -1.48   2.88  -3.91  -0.92   0.59  -2.40  -0.76  -3.48  -8.22  -0.39  -0.76
198405  -5.70  -2.57   0.01  -0.25  -1.63  -9.98  -2.09  -3.12  -1.93  -7.14  -5.93 -13.75  -4.97  -6.82  -6.41  -4.13  -8.12 -10.47  -9.63   1.31  -7.69  -8.43  -5.45  -1.30  -7.04  -8.54  -3.96  -6.18  -3.56  -5.21  -0.84  -3.49  -3.13  -4.98  -5.18  -4.95  -6.54  -9.69  -2.34  -4.72  -8.04  -5.22  -2.92 -10.85  -9.23  -2.45  -5.28  -7.07
198406   3.14   7.31   5.72   0.77   6.60  -0.74   1.58   8.31   3.30   4.59   3.20  -0.63   5.20   0.16   3.62   2.46   1.99  -0.02  -1.04  -0.58  -0.81   5.16   3.94   9.15  11.75   5.71  -8.94 -10.27  -4.70  -2.04   0.53  12.06   7.03   6.58  -0.44   4.61   3.97   3.71   9.20   2.52   5.36   7.28   7.11   3.67   3.01   0.19   1.86   5.23
198407  -1.58  -2.52   2.87  -2.86   0.50   2.67  -4.94  -1.66  -0.05  -5.08  -1.15  -2.65  -5.29  -2.38  -4.97  -8.33  -2.47  -3.91  -8.81  -6.75  -5.10  -2.93   4.07   3.99   0.48   4.65 -20.25 -13.04  -7.71  -6.93   0.01   2.88   1.33  -6.48   0.70  -4.41  -3.92   4.25  -1.61  -2.71  -3.23   1.18  -2.12  -0.10  -1.07  -3.66  -0.73  -2.10
198408  10.65   9.01   2.73   5.86   9.87  16.53   6.54  10.99   7.44   9.83  15.07  14.59   7.77  13.77  11.32   8.19  13.47   9.20  13.89   9.84  12.54  14.82   9.38  13.76  18.95  12.30  14.44  18.79  11.00  13.63   7.68   7.15  14.39  14.52  13.16  15.06  12.82  10.56  11.05  10.87  13.97   8.98   7.25  10.44  11.11  11.86  10.06   9.83
198409  -3.73   3.08   3.04   1.03   3.73  -9.09   1.23  -2.03  -1.66  -0.70  -6.59  -4.94  -3.36  -3.16  -1.64  -3.15   0.27   3.38  -3.09  -3.28  -1.53  -6.21   2.73  -2.36  -4.36  -4.70   3.95  -6.16   0.49   2.04   4.83   4.04   0.44  -2.43  -1.83  -6.75  -6.43  -2.20  -3.77   0.60  -0.54   0.80  -1.30   6.40   3.22   4.26   2.16  -0.16
198410  -1.96   1.36   3.41   4.72   2.26  -2.65  -1.81  -0.54   1.45  -1.75   0.13  -1.47   2.92  -1.33   0.23   1.66   0.58  -0.28  -1.75  -0.54  -3.31   0.67   2.12   5.90   5.78   8.20  -8.17  -7.77  -7.67  -4.39   3.29  -3.52  -0.76  -2.21   0.73  -1.09  -2.58   5.10   3.25   2.50   1.04  -1.24   0.48   1.75   3.69   2.10   0.66  -1.99
198411   3.56   0.59  -3.19  -0.11   1.99  -6.37  -0.14   0.99  -0.76  -0.80  -6.80   2.62   0.62  -0.63  -1.50   0.22  -0.13  -1.14  -0.96  -4.95  -2.03  -4.25  -2.96  -7.01   2.04   0.10  -4.07   1.91   4.81  -1.06   3.09   0.45  -4.02  -3.27  -2.72  -4.86  -6.05   0.20  -1.62  -1.78  -1.20  -2.63  -3.84  -0.14   0.25  -1.50   0.46  -2.97
198412   7.58   2.93   0.71   1.56   3.14   4.19  -0.11   4.35   2.81   0.01   1.45   0.67   3.57   0.65  -0.03   2.68   2.16  -2.22   2.26  -2.70   1.27   4.37   4.51   4.10   5.21   7.65 -13.11  -4.17  -5.48  -0.51   2.63   5.33   1.56   4.16   2.56   1.14   3.07   6.91   1.40   3.92   3.36   0.47   2.15   5.43   4.52   2.29   3.62   2.10
198501   3.26   1.59  -1.74   5.27   4.08  11.09  16.33  12.28   7.50  13.17  18.03  10.67   5.77   7.08  12.06   8.47  11.48  17.66  10.34  10.95  11.78  13.91   9.07  10.04  10.43   4.12  10.12  13.83   7.83   6.42   2.29   5.26  14.60  14.57  11.52  11.99  12.88  11.19   7.51   9.81  14.45  12.86  10.51   9.94   9.73   9.85   7.95  13.17
198502   6.06   5.72   6.81   1.44   9.65  -1.03   5.75   1.37   0.64   2.09   2.40   4.22   3.31   2.19   0.58   3.28   0.21  -0.70  -0.14  -0.70   0.07  -1.41  -2.06   6.78   2.18   3.43  -5.54   0.19  -0.86   3.69   1.44   3.37  -0.22   3.65  -1.71  -1.86  -1.49  -2.26  -0.31   2.70   0.09   2.46   4.62   0.12   5.44   1.11   1.78   5.95
198503   1.27   5.62  11.29   4.28   2.55  -2.63   2.92   5.12  -2.95   0.36  -1.25   2.21   4.11  -2.18  -2.78  -3.70  -4.56  -2.85  -3.08  -1.06  -4.64  -5.19  -5.35  -3.86  -5.34  -6.33  21.31   0.98  -3.23   1.61   6.08   4.44  -3.45  -3.33  -6.80  -2.88  -7.55  -2.77  -0.06  -3.15  -1.83  -0.80   1.66   0.90  -0.23  -2.09   0.57   0.57
198504   4.72  -2.22  -1.88   1.47  -6.77  -5.05   1.97   0.29  -0.96  -0.46  -3.97  -1.98  -1.07   0.84  -2.12  -2.82  -2.00  -0.39  -4.80  -2.30  -3.38  -2.34  -4.78  -2.17  -9.01  -3.20  -6.26  -1.68  -1.82   3.92   1.61  -0.71   1.27  -1.96  -2.75  -4.84  -4.95   1.32  -2.59  -3.37  -0.77   0.20   0.68   3.07   3.62  -0.19   2.35  -0.75
198505   4.66  15.21   3.29   8.38   1.11   7.70   4.90   6.99   4.51  10.64   9.12   6.43  10.40   7.91   6.82   3.66   7.09   3.28   1.63  -1.18   3.60   6.71   6.71   9.41   5.81  10.93   2.12  -1.47   5.49   0.90   5.47   8.35   8.14   4.14   3.21   2.28   3.25   8.57   1.16  11.33   5.38  11.26   5.88   5.58   7.01   4.54   6.11   5.10
198506  -1.34   3.26   3.66   3.69   2.48   1.64   9.52   2.05   2.57   0.95   6.44   2.71   1.11   1.30   1.96   3.56   1.69   1.23  -0.49  -1.13   0.17   1.61   0.58   0.81   3.11   1.54   0.80  -2.88  -4.71  -0.63   3.66   4.50   5.82   1.26  -2.93   2.39   2.89   7.61   3.74   3.52   2.81   1.32   0.29   4.43   2.33  -0.23   3.02   2.98
198507   4.57  -4.66   0.41   1.18  -4.28   0.96  -1.49  -3.51   2.50   2.04  -3.27   2.54  -0.38   4.09   2.99   3.77   2.78   2.71   8.80   3.62   4.08   4.12   0.86   3.64   2.85   4.52  12.08   8.17   3.62  -0.22  -4.70  -4.54   0.85   1.44   5.19   2.47   6.22   4.32   3.03   3.43   0.73  -5.75  -0.31  -0.95  -0.45   0.02  -1.18   0.48
198508  -0.61   3.73   0.56   2.25  -1.34  -0.04   5.42  -1.84  -2.21   2.29  -6.63   1.31   0.26  -1.20  -0.78   0.81  -1.74  -3.71  -1.71  -4.81  -2.38   0.40  -1.45  -0.43   1.76  -3.14   1.02  -1.99   1.67   1.18   2.09   0.51  -1.97  -1.60  -2.20  -1.62  -5.61  -1.67  -1.10  -1.39  -2.58  -0.39  -2.45  -0.92  -2.03  -1.25   0.83   1.41
198509  -8.13   6.73  -0.39  -0.75  -6.92  -5.26  -1.96  -5.53  -3.08  -2.91 -11.45  -3.82  -1.95  -3.47  -2.27  -0.75  -3.51  -7.01  -4.29  -0.98  -4.79  -3.49  -2.36  -7.73  -9.59  -5.50  -9.92  -9.98   0.32  -1.61  -5.29  -4.18  -6.58  -6.31  -3.19  -6.26  -8.31  -4.39  -3.10  -6.51  -5.66  -4.15  -3.28  -4.06  -4.56  -4.89  -3.65  -8.03
198510   3.36   4.02   4.23   5.65  -0.37  -3.91   8.37   2.94   4.47   7.73  -5.33   5.69   4.57   5.08   0.73   8.04   3.76  -1.10  -4.90   0.98   2.19   4.93   1.68   0.81  -6.98   0.73  -2.01  -2.78   2.06   6.45   6.31   4.06   4.70   4.67   4.25   1.66  -2.85   1.69   4.47   2.29   4.38   8.23   1.78   9.31   9.75   1.14   6.48   4.70
198511   4.27   8.24  13.02   2.43  10.95  10.52   4.49   7.08  11.52   8.64   3.78   7.33  11.10   5.88   7.41   3.88   8.69   8.38   7.01   2.92   7.59   7.49   8.22   5.95   8.00   7.93   3.38   6.81   2.23   0.50   4.22   7.38  10.27   8.67   8.60   7.31  11.91   8.21   9.44   5.86  10.10   7.18   8.73   6.55   8.28   6.03   6.65   6.15
198512  10.17   1.91   3.03  12.08   8.75   5.91   4.12   7.22   5.83   1.81   6.10   5.14   2.56   6.67   5.39   7.57   5.07   3.33   2.82   2.49   4.06   3.01   5.54   3.30   1.04   5.58  -4.89  -1.68  -2.97  -2.61   4.84   6.11   1.61   6.02   9.61   7.35   4.52   5.16   4.53   1.63   5.13   4.40   4.00   6.25   1.38   7.09   4.26   5.52
198601   5.57   2.52  -1.07  -0.86   6.92   2.14   3.84  -0.82  -0.95   5.63  -3.91   3.44   1.70   1.89   6.47   3.10   1.81   1.90   1.94   0.49   1.88   0.41   4.84  -0.63   3.07  -0.87   9.99  -1.92  -2.50  -6.80   3.76  -3.78   3.08   0.84  -1.13   0.73   3.74   4.96   1.91   5.72   3.54   1.77   0.04   3.71   4.88   4.76   2.23   4.80
198602  12.55   7.96  11.50   7.71  10.82  10.70   8.10  14.73  10.73   9.17   4.15  -1.23   8.24  12.02   8.83  10.24  12.29  13.97   6.26   9.39   8.24   8.90  10.91  10.99   8.55   5.39  -9.98  -0.63  -2.65   0.65   6.55   7.39  10.03   7.41   2.71   8.26   9.78   9.29  10.62   6.76   8.73   7.04   9.46  11.75   9.01  12.55   7.68  10.60
198603   2.46   7.91  10.89   9.17  10.89   5.65   6.40   5.06   5.55   6.59   7.06  12.16  12.98   5.49   6.06   8.09  10.06  14.32   3.82   6.47   4.75   3.79  10.79   5.88   7.40   2.32  -7.60   7.81  12.01  -0.26   4.12   3.78   4.82   5.00  -0.11  -0.04  -1.20   4.69   5.61   3.07   8.09   8.96   6.32   6.16   5.09   4.47   5.41   5.28
198604   5.50  -0.63   4.35  -2.91   2.11   3.76   8.39  -1.15  -1.59  -3.03  -1.23   7.96  -0.48   1.16   2.30  -1.71  -2.24  -0.90  -5.17  -0.57  -0.52  -0.22  -7.75  -4.47  -6.33   3.18  -9.78  -4.21  -4.94   0.77  -3.53   2.43  -0.13   3.24   3.83   3.31   2.71  -2.68  -0.93  -2.61  -0.71  -0.66   3.91  -2.71  -5.41  -1.27  -2.08  -4.29
198605   0.96   8.63   7.70   6.37   9.24   3.16   5.95  11.16   4.69   9.42   2.92   4.42   8.71   6.16  10.14   3.99   3.65   5.08   1.60   2.10   0.92   1.68   3.33   2.18   1.47   5.67   1.10   4.56   1.67   7.13   3.77   4.78   2.35   5.45   1.00  -0.88   2.38   6.50   5.07   0.70   5.43  12.03   4.98   3.70   5.01   1.69   5.63   4.39
198606   8.84   7.00   5.80   8.81   8.50  -6.50   7.68   2.68   1.81   3.84  -3.34   4.24   7.52   0.09  -2.68   5.01  -0.34  -3.02  -3.81   2.33  -3.72  -3.99  -0.40   1.56  -1.80  -2.23  -6.94  -5.17  -3.74  -1.94   5.22   5.42   0.55  -0.17  -4.46  -1.15  -8.37  -0.66   3.45  -1.75  -1.05   4.58   2.02   3.08   0.08   0.47   2.52   2.10
198607 -11.76  -3.69  -7.00  -2.99  -3.85  -7.04 -15.13  -7.71  -7.89  -8.50  -7.46  -7.44  -4.56  -6.28  -8.57  -7.28  -7.92 -11.20 -16.60  -9.33  -9.60  -7.25  -8.34  -8.68  -8.96 -11.74   6.94 -12.37  -3.94  -5.47   5.19  -3.02  -8.67 -10.57  -7.62  -8.65  -6.77  -5.80  -2.55  -9.24 -10.04  -9.19 -11.38  -4.89  -4.47  -6.25  -4.90  -5.35
198608   2.01   3.44   1.47  -1.43   5.79   8.08  -1.87   2.47   4.35   2.78   2.83   7.18   3.50   5.91   2.15   1.23   9.01   4.21   9.76   1.38   6.80   7.95   7.56   5.25   4.24  10.59  15.82  15.37   9.24  16.46   7.92   6.88   8.03   4.92   6.63   6.38  12.00  10.09   5.54   6.02   4.92   1.32   1.30   7.20   7.72   2.51   7.06  10.01
198609  -5.71 -12.10 -13.19  -8.10 -11.37  -9.73  -9.78 -10.18  -9.44  -9.85 -18.18 -10.67 -13.82  -5.38 -11.83  -6.45  -6.98  -3.91   2.61   0.19  -6.63  -7.32  -6.99  -7.96  -5.14  -4.93   8.23   1.35  -4.60  -0.37  -9.10  -9.30  -4.26  -9.42  -5.47  -8.26 -12.06  -5.62  -8.87   2.06  -8.71  -8.52  -7.64 -10.44 -10.26 -10.16  -9.47 -10.52
198610  -0.89  12.85   7.62   7.55   9.86   0.83   9.99   6.23   8.17   8.01   2.74   7.07   8.70   8.42   9.44   5.46   5.97  -0.42   3.13  -1.78   3.27   4.40   8.95   1.57   1.86  -2.50  -0.65  -1.32  -1.26   2.08   5.25   4.66   7.25   7.27  -3.01   4.95   5.08   6.85   6.13   6.31   7.37   7.97   7.13   2.44   0.92   3.11   3.46  13.71
198611   0.83   0.52   0.45   0.80  -0.15   0.31  -4.70   0.36   6.16   0.64  -5.71  -1.58   2.89   4.04   0.83   8.90   4.11  -1.66  -5.17   1.38   3.14   2.90   1.91   2.82   1.85   4.80   4.10   1.73   2.26   3.00   0.53   3.94   1.74   2.63   3.82   2.29   6.21   1.73   3.63  -0.59   0.53   1.97   1.14  -1.43  -1.95  -5.09  -0.23   2.09
198612  -3.63  -4.11  -0.19  -2.15  -4.00  -7.70  -3.43  -2.97   0.84  -6.35 -11.57  -2.95   0.28  -3.86  -1.55   0.79  -1.37  -2.23  -2.57  -4.06   0.93  -5.84  -4.59  -3.21  -7.25 -14.18  -3.71  -0.55  -4.64  -0.09  -3.31  -3.72  -1.83  -1.20  -4.33  -2.86  -2.20  -1.79   2.25  -4.77  -4.59  -6.91  -4.37  -1.09  -0.94  -3.49  -2.69  -3.21
198701   9.86  11.57  14.94  22.02  22.29  20.08  19.26  14.45  14.14  11.99   4.29  13.63  13.84  15.25  15.02   6.19  16.89  11.75  14.70  10.19  13.73  16.74  19.33   3.57   9.69  11.69  11.17  17.80   6.74  14.31   9.26   5.34  24.03  16.32  15.71  15.63  15.90  24.45  14.10   6.63  11.10   9.60   9.62  11.71   7.59  11.29  10.28  20.62
198702   9.50   4.09   4.67   3.35  -1.22   9.18   9.21  10.61   3.92  13.96   9.50  13.04  10.99   5.52   5.07   6.64   4.15   8.95   8.23  11.66   6.56   4.97   3.37   7.10   5.79   5.58  18.95  11.25  -0.17  -1.96  -2.18   0.05   2.30   6.86  10.02   8.72   8.77   1.45   2.36   4.66   4.82  11.74  10.28   8.17   7.23   7.40   2.56   3.62
198703   1.74   2.21   2.44   0.87  -2.84   4.83   0.87  -0.77   2.08   0.91   6.40  -0.02  -0.60   5.46   1.29   1.92   4.22   6.32   7.03   3.21   1.80   0.40   6.93  -1.86  -7.14   4.57  27.63  11.34  -0.47  12.52  -1.64   1.43  -7.07   2.14   4.01  -0.75   1.82   5.96   0.45  -1.73   1.35   2.02   4.74   1.13  -5.44  -1.42   0.51   4.58
198704  -4.30  -5.34  -6.73   4.21  -4.12   5.75   1.23  -2.97  -2.45  -4.13  -5.81  -2.80  -1.89   1.48  -2.65   6.21  -2.98  -7.78   3.94  -9.81   0.42  -0.65   8.18 -10.65  -9.57   2.18   4.18   2.19  -0.97   0.09  -4.31  -2.41  -4.47  -1.46   6.47   1.16   0.54  -2.29  -2.73  -1.58  -4.85  -2.50  -1.88  -4.85  -6.51  -5.57  -3.71  -4.54
198705  -1.53   4.00   3.15  -4.50  -0.42  -3.33   1.39   4.41   1.34  -1.53   3.01  -0.44   1.31   0.46   2.93   8.98  -1.92  -1.46   3.42  -1.70   4.23  -0.06  -2.45   0.58  -0.08  -0.11  -7.03  -0.36   4.74   2.89  -1.84   3.34  -3.58   2.35  -0.59  -2.37   9.26  -5.64  -0.48   6.56  -2.11   0.42  -0.75  -1.53  -1.82  -3.54   0.09  10.59
198706   4.11   7.71   4.90   2.06   5.20  -0.73   8.56   7.98   5.31   9.15   4.80   5.43   4.46   4.73   2.30   0.88   6.66   1.10   3.88   0.97   2.46   4.29   2.31   5.36   4.12   3.17  -4.77   1.58   1.88   5.37   3.38   6.92   7.27   2.11   0.26   2.42  -3.53   3.54   9.11   5.30   2.90   7.64   3.08   1.22   4.21   4.00   5.20  -2.01
198707  -1.70   1.85   6.21   8.43  10.23   4.35   6.85   9.07   5.10   4.28   4.76   1.93   6.67   5.69   5.31   4.81   8.21   3.13  18.51   4.34  11.43   4.68   6.62  11.49   5.23   4.63  22.65  19.61   5.39   3.93  -1.67   7.27   2.19   1.46  -0.05   5.39   1.89   4.52   4.39   4.71   3.70   6.72   3.23   1.29   1.99  -0.02   1.38  10.03
198708   0.66   2.44   4.80   2.08  17.53   8.82   3.94  -1.05   5.48   0.78  -5.44   5.11   2.37   2.38   4.54  -1.52   2.59   0.02  -3.71   5.47   1.78   4.67   4.44   1.08   0.88   2.83   0.63  -6.69   5.80   1.86   3.71   5.22   5.67   5.74   7.65   5.75   6.78   6.58   6.53  -0.35   2.85   3.22   2.08   3.30   7.13   5.85   4.47   1.91
198709  -0.62  -3.60  -1.56   0.68   0.86  -1.90  -2.17  -3.22  -1.13  -7.93  -2.28  -4.46  -2.12  -0.53  -1.05  -1.52  -0.23  -2.86   4.07  -0.94   3.55   2.21  -6.82  -2.45  -0.67  -2.37   5.38   7.54  -5.93  -3.87  -2.29   3.10  -4.11   1.69  -6.34   1.95   3.21   0.49   1.62  -2.02  -2.56  -7.04  -4.24  -4.31  -2.62  -4.78  -1.68  -4.05
198710 -22.91 -17.99 -16.10 -18.07 -20.47 -33.18 -31.85 -25.42 -21.64 -31.42 -32.35 -19.45 -19.13 -28.08 -30.57 -32.40 -28.05 -31.23 -31.07 -27.00 -31.08 -32.21 -28.32 -30.14 -32.27 -27.62 -31.28 -32.94 -30.11 -18.60  -6.91 -13.53 -28.25 -27.44 -23.76 -27.41 -30.12 -25.94 -28.24 -27.32 -30.17 -29.09 -23.93 -23.75 -16.83 -23.12 -19.26 -26.22
198711  -0.29  -8.35  -7.86  -4.84 -10.67 -11.35  -6.27  -9.45 -10.33 -11.80  -5.45  -6.99 -10.08  -5.81  -5.69  -5.25  -4.20  -9.45   3.08   0.19  -1.15  -6.71  -5.74  -9.33  -6.75  -1.33  20.23   2.80  -2.29 -11.04  -2.49  -8.68 -11.19  -8.55  -9.57 -10.79  -9.18  -3.42  -2.89  -7.90  -5.37  -9.24  -6.63  -6.52  -7.03  -6.92  -6.39 -10.54
198712   7.35   7.40   5.27  12.66   2.16  16.91  11.46  11.27   7.14   7.72   4.18   6.50   5.19  14.62  14.68  14.39   8.81   6.75  10.78   7.04  11.28  13.45   9.59   5.37  13.31   3.92  -0.51  10.90  10.43   6.60   0.60   4.69  17.76  15.09   8.59  13.48  20.88  10.10  11.06   6.73  10.41   7.20   8.24   2.09   3.04   2.73   4.06  14.31
198801   1.51   4.14   2.12  -0.26   3.66  -6.27   2.05  -0.15   1.15   7.58   2.98   5.41   6.91  -2.30   2.40   0.95   3.44   6.82  -3.27   1.12   3.10  -0.16   6.95  14.63   7.46  11.44 -16.78  -6.53   0.12   8.81   9.75   8.62   2.99  -1.57  -2.92  -1.19  -1.30  -2.75  -3.99   4.24   3.87   7.31   4.67  11.87   8.20   7.59   8.78  -0.47
198802   1.62   5.45   1.66   5.50   7.56  10.23  10.38   8.27   3.02  11.59   2.72   6.94   3.86   8.14   6.92  23.26  12.23  14.28   9.89   4.14  10.91   7.67   7.54   5.08   4.05   3.16   8.57   8.04   9.03   3.73  -1.46   1.71   6.33   6.85   6.79   7.86   9.71  10.48   3.27   8.38   8.24  11.99   7.05   3.83   1.42   3.43   2.61   2.54
198803   4.47  -1.11   0.15   0.54  -2.59  -1.73  -3.94  -3.97  -6.04  -0.56   9.17  -2.09  -3.95  -2.15   2.47   9.58   1.62  -0.75  -3.09   6.90   5.14  -4.03   0.89  -0.51   3.03  -2.13   2.70  13.43   5.14   2.86  -3.16  -3.28  -1.88  -0.75  -7.74  -1.58   0.40  -4.38  -0.94   3.31   1.79  -1.14  -1.58  -1.86  -2.35  -0.52  -2.70  -1.45
198804  -2.82   0.92   0.27  -2.30  -0.98   4.11   2.12  -0.54   0.20   0.02   0.23  -3.20  -2.05   1.80   1.89   0.15   1.33   0.48   5.28   5.93   2.60   1.40   3.45   1.48   5.05   3.38  -1.89   1.96   6.48   4.32  -0.28   0.39  -3.72  -1.06   3.90   2.05   0.10   1.27   1.32  -1.10   1.28   2.22   0.35   0.92   0.07   0.58   0.10  -2.23
198805   0.03   0.56   0.37  -2.30  -4.25   0.54  -1.50  -0.43   1.89  -3.04   0.63   1.27  -0.68  -1.98  -0.93   2.03  -1.25  -0.93  -0.72  -3.40  -0.63  -1.04   1.33   2.53  -0.51  -1.16   6.51  -0.30  -0.30  -0.26   3.64   1.63  -4.68  -1.52  -0.73  -1.06  -5.28  -1.87   2.06  -1.32  -2.16  -1.51  -0.17   1.29   1.98  -0.32   2.14  -2.50
198806  10.06  -0.71   4.01   8.85   1.18  11.64   6.55   5.27   4.15   7.94   5.21   3.76   2.09   9.66   6.99   3.23   8.47  12.85   7.22   5.96   5.90   8.66   8.18   5.55  -0.84   4.75   0.00   2.83   0.24  -1.98   3.15   2.91   7.31   7.93  11.14   7.44   2.27  13.77   8.07  10.07   8.56   6.72   6.18   6.61   3.53   2.78   5.00   7.28
198807  -3.12   3.36  -3.99  -2.93   6.56  -2.39   0.18  -0.08   1.80  -6.80  -3.65  -0.36   1.15  -3.97  -1.21   0.42  -3.52  -0.60   1.41  -0.36  -2.97  -3.83  -0.53   0.21  -5.06  -2.54   0.26  -3.16  -3.41   3.57  -0.28   0.02  -4.42  -3.06  -5.10  -4.45  -6.00  -3.26   0.14  -2.57  -1.95  -0.34  -2.18   1.77   0.43   0.45  -0.36  -2.45
198808  -0.15   0.85  -5.49   1.32  -0.15  -6.21  -3.10  -3.08  -2.66   2.23  -4.72   1.18  -0.97  -4.03  -6.48  -2.94  -3.89  -4.14  -4.84   3.08  -6.01  -6.24  -6.48  -3.28  -6.33  -6.84  -5.51  -1.78  -5.29  -1.45  -0.14  -3.05  -3.95  -5.35  -9.02  -7.18  -4.09  -3.91  -1.86  -2.80  -2.93  -2.74  -2.62  -1.16   1.77  -1.22   0.27   2.43
198809   2.67   5.56   1.52  10.10   8.26   4.97   2.44   6.91   4.49   1.04   9.23   0.14   3.76   2.03   5.38   3.74  -0.29   1.42   0.84   5.29   1.79   6.41   3.78   6.07  -3.75   4.22  -4.84   2.01   3.62  -2.46   2.70   7.36   1.24   4.99   3.01   2.02   0.26   3.65   2.63   7.22   4.22   8.97   8.65   2.62   4.99   1.92   2.98  11.18
198810   0.83  19.56   3.49   0.40   0.39   0.09   2.51   1.46   2.40   1.98   1.82  -2.52   1.59   0.93  -1.26   2.45   0.07  -0.66   4.13   2.85   0.12  -1.02   4.38   1.57  -0.45   2.36  -1.50   2.24   2.05   1.82   2.53   2.80   0.84  -0.50   1.21  -1.61  -1.84  -1.60   6.37   1.07   0.49   2.20  -0.12   0.20   0.06  -0.52  -0.25  -4.35
198811  -0.76  -0.54   0.05  -0.05   1.76  -3.75  -4.49  -3.81  -4.35  -6.37  -5.53  -4.62  -1.57  -2.64  -3.11  -5.70  -3.24   1.49  -1.75  -2.75  -0.42   1.37  -0.08  -3.05  -4.18  -4.83   3.84  -3.53  -5.89  -0.24  -0.50   0.34  -4.06  -3.19  -2.87  -4.24  -3.30  -2.07   1.74   0.93  -3.72  -2.61  -2.07  -2.25  -2.95  -2.02  -2.21  -2.49
198812   6.38   2.29   9.78   0.56   8.41   5.02   5.28   2.94   3.27   4.79   2.70   3.48   1.54   4.90   4.98   7.09   3.30   5.04   4.02   0.09   3.08   1.80  -0.48  -0.30   3.31  -1.47  -3.91   4.61   1.87   1.82   1.06   1.62   3.14   3.50   4.65   4.76   4.42   2.74   3.56   2.77   3.16   0.83   2.89  -0.73   0.53  -1.92   0.16   3.27
198901   3.15   5.04   5.79   5.22   5.13   9.97   8.57   7.23   5.49   4.71   8.12   5.00   6.86  10.26   4.09   9.19   6.35   5.66  11.91   4.63   4.03   7.60   8.40   5.93   6.11   5.88   0.19   4.89  16.37   6.22   2.70   8.96   5.57   6.98   7.50   6.39   2.38   6.79   3.01   9.69   5.78   6.55   5.48   6.28   6.64   4.07   6.50   4.91
198902  -0.56  -2.34  -2.93   0.07  -0.70   4.25   0.44  -2.99  -1.03  -0.25   4.42  -2.06  -1.60  -2.16   1.25   5.73   1.94  -2.95  -3.58   1.65  -1.57  -4.68  -4.53  -0.86   4.49   4.47   9.33  -1.44  -0.82  -1.33  -1.83  -1.22  -2.58  -2.23  -4.50  -2.97  -0.65  -2.04  -4.33  -0.29  -2.13  -1.71  -1.37   0.14   0.24  -2.12  -0.31  -2.79
198903   3.43   4.32   5.43   7.78  10.21   7.34   7.71   3.28   0.43   6.28   5.21   2.89   5.02   2.42   2.29   4.45   1.47   1.86  -1.93   2.96   1.85  -1.02  -2.56   3.91   0.31   0.17  -4.37   0.52   3.30   3.81   0.58   5.56   1.02  -1.43  -7.95  -1.22   0.93   0.45   2.81  -1.38   1.54   3.17   3.80   3.56   4.77   1.71   4.05   3.37
198904   4.81   5.43   1.26   6.92   4.98   4.63   8.26   7.61   5.74   1.51   7.13   6.93   5.09   4.90   5.56   4.46   6.55   4.92   3.43   7.04   4.36   8.00  -0.46   4.42   7.64   0.14  -5.13   4.44   7.76   2.56   3.88   9.63   1.46   7.49   4.26   6.03   7.21   5.80   0.49   6.01   5.08   5.47   7.39   3.72   4.66   0.18   3.44   7.33
198905   2.64   5.01   4.75   8.88   7.48   7.63   5.49   2.01   2.16   5.62   2.37   5.93   3.22   0.87   2.35   2.65   3.16   5.58   1.16   4.90   4.68  11.29   1.41   2.42   3.02   3.17  -7.70   1.67  -0.53   2.87   5.32   5.75   4.36   5.67   0.64   5.29   3.65   2.33   7.05   2.54   4.39   5.40  10.25   5.66   2.50   3.30   3.49   8.05
198906  -1.87   2.62  -5.48  -1.45   0.26   7.79   3.37   5.75   1.89  -1.57   1.17  -4.26  -2.87  -2.70  -1.44  -1.06  -2.07   3.32  -3.78  -1.69  -3.59  -4.51   0.63  -4.53  -5.29  -1.84   9.25  -4.66  -0.43  -0.97   3.35  -0.02  -1.60  -2.08  -2.30  -4.21  -3.98  -4.03  -3.31  -0.16  -2.70  -2.07   1.99   1.22   2.09   0.45  -0.24  -1.42
198907  17.04  12.68   3.57  16.66  14.32   9.93   8.27   6.22   7.35   9.62  10.48   8.99  14.11   6.60   8.27   6.27   9.88   8.64   6.60   3.59   6.76  11.24   4.29   7.37  -1.33   5.07  -2.34   1.06   2.55   3.77   5.76   8.57   5.48   4.49   2.17   4.27   6.25   7.04  10.51   7.35   5.83  10.48   7.73   5.17   9.32  -0.35   7.37  13.21
198908  -4.69  -4.48  -6.16  -4.16   2.60  -0.91   3.08  -1.17   2.75   5.25   2.24   2.89  -0.11   7.21   2.93   2.52   2.21   3.91   7.96   1.88   3.40  -0.31   8.00   3.16  -0.68   4.38   5.86   7.66   8.45   3.31  -0.79   1.02   0.99   2.58   2.79   1.10   1.02   5.75   6.33  13.02   1.84   3.69  -0.72   3.48   2.02   2.28   1.79   1.26
198909  -0.57  -0.89   3.19   1.49   0.83   0.20   2.79  -2.62  -3.64   5.45  -0.65   1.00   2.82  -3.41  -1.39  -3.28  -1.74  -2.11  -2.54  -3.15  -2.29  -1.47  -5.67  -0.84   0.10  -1.64   6.15  -2.08   0.68   1.42   0.44   3.81  -2.69   1.92  -5.73   1.80  -3.28  -3.49  -5.26  -4.29  -2.18  -2.82   0.62   4.03   2.53  -0.96   1.84   8.59
198910  -9.87  -2.68  -8.66   1.69   1.97  -3.14  -1.93  -7.83  -1.41  -5.32   0.32  -2.61   0.74  -5.85  -6.17  -5.83  -7.72  -8.41  -9.16  -5.18  -5.56  -2.74  -6.56  -4.69 -13.58  -1.94   3.22  -6.53  -5.24   0.48   1.06  -2.03  -9.25  -3.55  -5.28  -3.62  -8.31  -2.71  -2.61  -9.77  -4.75  -4.34  -2.81  -7.30   1.55  -7.66  -5.72  -3.26
198911   4.27   3.70  -0.75   3.78  -0.28  -0.73   2.22  -1.07   1.07  -2.11   1.98   5.70   4.62   2.51   0.83   0.48   2.38   5.20   2.38  -3.69   5.01   9.42  -1.88  -0.25  -8.07 -11.38  14.41   2.50   6.36   3.90   3.25   2.00   2.29  -2.19  -2.14  -3.51  -0.61   3.46   3.42   0.38   0.57   1.00   2.54  -2.15   2.63  -2.54  -1.67  -0.80
198912   1.30   3.61   1.49   1.58  -0.48  -0.79  -8.65  -0.20   2.42  -2.32   5.97   1.51   0.53   4.21   4.08  -0.22  -0.63   2.38   0.64   2.68   1.91   3.78  -2.38  -0.04  -3.83   8.80   1.63   2.15   3.38   5.84   4.80   5.73  -0.35   2.92  -2.95   1.37   3.36   3.09   6.46   3.12   2.85   0.57  -0.34  -3.25  -2.14  -2.22  -1.37   4.69
199001 -11.45 -10.13 -10.62  -9.03  -8.65  -4.00 -10.72  -9.26  -7.71  -9.15 -15.93  -9.59  -6.24  -7.40  -9.74  -9.90  -7.79  -0.69  -8.78  -1.40  -3.15  -3.71  -3.37  -4.02 -14.00  -3.56   8.10  -4.38  -3.03  -4.15  -5.37 -13.40 -10.73  -5.14   0.74  -2.59  -8.55  -7.68  -3.45  -7.58  -7.74  -5.60 -11.40  -8.76 -10.27  -7.37  -7.98  -9.37
199002   9.40  -0.80  -0.90   0.51  -2.56   0.63   1.79   0.28   0.17   2.66  -1.50   1.71  -2.59   2.64   4.70   1.81   2.31   6.13   3.24   3.44   5.06   1.47   6.11   4.52  -8.25  -2.78  -2.28   4.38   7.21   2.96   0.22  -0.34   3.32   3.54   4.21   2.71   0.61   1.50   3.71   5.93   2.19   2.22  -0.92   4.80   1.40   0.27   2.17   1.88
199003   2.69   5.29   9.89   6.21   6.81   6.75   1.12  -0.86   4.17   8.19   6.41   3.24   3.72   1.43   6.68   2.61   4.99   1.12   6.28   3.59   3.84   3.95   3.59   8.26  14.16   3.38  -9.26   4.36   5.57  -0.53  -0.76   4.18   5.10   4.80   3.68   4.77   5.60   2.01   4.34   3.26   3.04   6.02   0.66  -1.67   0.12   4.80  -2.71   4.53
199004  -2.04   0.02  -4.75   2.32   4.77  -5.90   1.17  -7.23  -1.88  -0.93  -1.86  -2.66   0.87  -3.45  -4.70  -2.99  -2.37  -5.58  -7.05  -1.57  -2.71  -0.43  -4.47  -5.61   2.32   0.23 -11.90  -1.60  -9.08  -3.54  -5.47  -3.46  -0.34  -3.53  -0.11  -5.06  -3.56  -2.71   2.19  -4.20  -2.18  -1.66  -3.94  -3.51  -4.40  -4.61  -3.86   4.00
199005   1.44   9.22   8.37  15.91   1.12  12.39  13.22  10.07   9.78   8.20  14.69  13.95  12.44   7.34   8.42   3.70   8.62  10.93   7.31   9.58   5.37   9.98   8.03  10.73   1.50   9.54  10.54   2.60  13.16   5.87   5.45   9.40  11.10  11.25  11.57  13.22   9.72   6.11   4.66   4.87   9.08  11.98  13.45   9.53  10.39   1.13   7.16  11.55
199006  -6.15   2.70   0.13   1.01   9.12  -4.23  -3.65  -2.08   1.92  -1.91   5.53   4.45   4.34  -2.22   1.20  -4.18  -2.90  -2.95  -1.45   4.83  -2.66   0.19  -2.91   0.34   4.31  -2.17  -6.63  -3.60  -6.66  -2.01   0.70  -4.70   4.21   3.34  -2.03  -3.59   3.23   1.00  -6.67  -1.19   0.51   1.60   2.01  -2.87  -0.71  -1.40  -2.32   2.76
199007   6.58   0.38   1.43   0.02   5.64  -8.95  -7.76  -5.48  -1.88  -3.70  -0.12  -0.04   3.14   0.89  -1.14  -1.04   2.25   2.85   5.69  -3.18  -1.88   1.59  -2.69  -2.90  -6.34  -6.93  12.05   6.54   0.53   8.27   0.87  -4.59  -4.20  -8.59  -6.93  -5.89  -3.99   3.29   0.02  -2.34  -3.93  -3.67  -6.98  -8.50  -1.24  -3.35  -5.26  -1.52
199008  -9.40  -6.99 -10.46  -4.91  -3.09 -14.81 -15.34  -9.34  -9.01 -17.11  -7.83  -7.22  -6.69 -12.90 -13.50 -15.07 -12.24 -13.26 -10.20 -12.32 -13.41 -13.52 -14.60 -13.36 -10.93  -9.09  -6.24  -7.80 -10.87  -1.17  -6.65 -10.67 -11.15 -10.32 -12.05 -12.62 -11.29 -10.40  -8.85 -13.11  -9.78 -12.76 -12.55 -10.93 -10.58 -14.17 -10.67 -10.84
199009 -13.30  -1.08 -10.30  -6.63   0.93  -8.56  -3.58  -6.40  -7.49 -12.22  -5.90  -2.37  -4.44  -6.66  -6.20 -17.01 -10.25  -7.29  -6.16 -17.07  -9.86 -10.40 -11.07 -10.16  -7.40   0.76  -0.79  -3.72   3.18  -1.60   0.55   1.30 -12.26  -7.70  -5.89  -5.75 -10.49  -7.73  -4.35  -7.67  -4.92  -9.14  -9.45 -10.89 -10.50 -12.15 -11.97 -11.99
199010  -2.86   3.21   4.76   7.53   6.43  -1.44  -1.28  -3.89   1.96  -7.60  -1.29   0.98   1.70   0.56  -5.89  -9.43  -4.23 -10.45 -11.44   0.56  -9.75  -2.93  -2.68   2.78 -20.83  -0.37 -16.83 -16.73  -9.52  -4.11   7.28   2.80  -2.59  -2.77  -3.65  -5.88   0.52   1.27   1.24  -2.50  -3.66  -3.00  -3.70  -7.24  -5.31 -13.45  -6.00  -3.12
199011   8.05   5.23   9.71   5.23   7.90   9.71  12.33  10.78   7.63  16.30   8.14  12.40   9.21  10.04  10.54   7.59   7.36   9.56   2.94  12.09   8.80   5.48   2.94   2.08   8.14  10.06  -5.12   5.30  -4.48   1.68   2.27   3.10   6.52  11.26  12.22   6.73   9.24   6.37   4.03   5.77   6.40  11.57   8.01  12.38  15.37   5.23  12.09  -2.88
199012  -1.97   4.89   2.76   2.35   5.36   2.21   2.89   5.76   3.45   8.67   2.79   3.65   2.64   3.49   5.59   8.07   5.24  -0.25   7.96   0.18   4.77   5.74  -1.25   3.91   4.84   5.13  14.97   1.43   2.18  -2.20   0.76   1.75   6.13   5.14   4.03   4.34   3.08   5.97   6.43   5.21   4.75   2.87   5.72   7.71   5.03  -1.27   4.67   7.05
199101   6.99   3.12   5.63   4.65   2.68  11.90   4.22   9.36   0.81  18.23  10.76   9.26   3.46   5.66   6.95  10.72  10.34   7.65   8.19  10.44   6.43  11.50   7.35   7.32  12.98   7.06 -16.22   9.19  -3.89  -1.99  -1.37   0.18   5.35  14.36  15.45  12.66   9.78   6.11  12.48  12.38   3.08  11.74   1.37   8.96   6.22   3.21   7.09  12.40
199102  10.38  12.00   7.54  10.84   7.68  17.52  10.18   3.32   6.39  14.53   7.99   9.72  10.01   6.11   6.11  10.94   7.11  20.04   6.64   6.85   7.12   6.84  10.43   1.72   9.50  -1.49   5.56  11.52  13.22   8.31   4.84   3.41   7.82   6.74   5.20   5.51  16.16   5.74   5.23   5.44   8.50   7.65  13.30  13.91   9.06  12.83  10.63   6.93
199103   2.40   6.12   5.89   5.67   1.37   4.38  -2.30   0.55   4.14   3.98  12.06   8.87   4.44  -0.24   8.27   3.41   2.77  -5.18   0.53   4.66  -2.04   2.50  -0.55   0.33   5.61   6.23  -2.36  -0.10  -3.94   1.33   1.69   2.28   4.03   6.49  -2.82   4.76   2.74   0.96   8.26  -1.97   3.22   9.35  10.12   5.29   5.29   8.38   6.67  -3.78
199104  -0.71  -0.84  -1.90  -4.01  -3.47   2.93  -3.63   3.06  -1.44   1.59  -2.24  -2.23  -0.87   3.34   1.09   2.31   0.68  -3.66  -0.10   0.25  -2.91   1.27  -2.69  -1.05   1.51  -1.31  -1.48   4.16   6.12   2.47   0.07   1.13  -0.57  -1.51  -5.47   2.64  -0.43   0.71  -0.28   3.67   1.48   2.63  -2.37   5.18  -1.86  -0.59   4.11  -0.10
199105  10.75   2.67   3.11   3.86   3.94   4.14   3.94   4.37   4.05   1.03   5.50   5.33   4.44  10.03   6.19   4.14   7.50   5.59   4.20   6.40   8.11   9.79  15.94   6.26   1.74   3.98   4.32   0.36  -7.35  -1.38   0.16  -1.45   9.28   3.89   2.05   6.26   5.89   9.68   5.05   7.89   6.60   8.13   4.84   7.44   2.56  -1.48   5.31   4.07
199106  -5.16  -4.15  -6.46  -5.74  -6.37  -5.45  -4.18  -7.01  -7.57  -3.26  -7.21  -4.66  -3.82  -3.29  -3.70   2.08  -4.54 -11.19  -4.80  -2.91  -7.23  -4.52  -2.73  -3.54  -4.47  -0.65  10.06   3.84   3.56  -3.70  -2.37  -1.90  -4.11  -6.50  -9.59  -9.74  -3.10  -3.11   1.29  -5.01  -2.56  -4.42  -5.93  -6.95  -4.52  -4.07  -4.94  -8.29
199107   5.34   5.58  -3.66   9.10   7.43   0.69   4.85   1.96   4.95   4.97   9.90   8.08   8.35   4.92   4.15   9.66   6.91   0.37   4.51   6.91   1.10   0.18  -1.33   5.75   3.03   1.38  -4.32   5.80  -1.26   4.91   3.96   3.17   3.84   4.40   5.83   2.33   0.60   1.30   6.99   5.64   5.79   5.68   1.25  12.46   1.00   1.01   7.27   1.90
199108   5.99   6.44  -0.68   5.95   7.17   1.51  -0.47   1.59   4.48   9.26  -0.35   3.47   3.08   0.74   6.89   0.27   3.67   0.45   0.89   6.50   0.32   2.14  -3.42   3.15  -4.27  -4.08  -9.32  -1.30   3.71   1.71   3.54   0.84   0.86   6.23   0.13   2.98   3.55   0.43   5.26   1.30  -1.52   4.95   0.86   5.60   0.12   1.36   6.69   6.02
199109  -4.55  -3.32  -8.42  -4.61  -2.25   8.46  -1.59  -4.12   0.97   3.05  -2.30  -0.03  -0.28  -3.14   1.82   3.15  -4.89  -4.58  -3.32   2.21  -3.74  -5.84  -2.30   0.32  -6.05  -1.76   4.69   6.74  -0.38  -0.70   3.76   0.55   1.87   1.24   0.48  -7.29  -2.85  -1.89   0.51  -0.04  -2.12  -4.26   2.41  -0.33   0.32  -3.10  -0.34  -5.61
199110  -1.64  -1.16  -0.44   2.09  -6.59  11.61   1.35  -0.05   1.35  -4.17  -1.69   9.07   7.07   1.79   1.43  -2.92  -3.29  -0.93  -0.97  -1.10  -0.69  -0.10  -2.35   3.29   3.99   3.39   2.93  -0.88   4.84   1.99   1.26   2.11   0.51   6.38  -2.10   4.09   4.33   2.37   6.15   7.55   2.63  -3.12   2.30  -0.32   4.68   1.54   1.14   0.37
199111  -4.44  -0.06  -2.08   3.03  -3.26   1.62  -8.52  -5.10  -2.10  -2.91  -6.60  -1.90  -2.31  -5.88  -3.68  -5.60  -1.81  -8.76  -7.67  -6.19  -9.47  -5.50  -8.70  -5.91  -7.45  -2.76   3.48  -4.49 -10.95  -7.61   1.87  -4.92  -3.16  -2.73  -5.11  -4.42  -5.69  -6.07  -4.04  -8.55  -3.74  -0.52  -4.15  -8.04  -1.95  -5.85  -5.63  -4.42
199112   8.72  15.42  12.60  15.41  14.35  12.17   7.17  12.53  12.16  15.98  19.12  16.45  16.22  10.28  13.22  12.32  18.71  13.18   7.07  13.16   7.90  18.28   5.98   9.76  10.99   7.13  -1.68   0.56   0.91   2.00   5.02   9.83  10.50  14.10   4.06  11.04  12.32   8.80   4.10  14.21  11.57  13.23  12.93  16.06  11.18   3.52  12.98  15.78
199201   0.82  -5.70   1.52  -3.06  -4.91   1.07  13.86   2.78   7.62   3.39  -1.06  -3.25  -6.25   1.04  -0.75  11.12   2.75   8.10   3.22   7.89   5.69  -0.84  10.65   3.96   6.07  -3.14   8.83  10.91  -9.37  -4.20  -4.65  -2.62   1.50   3.71   6.26  10.77   3.88   5.02 -11.87  -1.17  -1.75  -0.28  10.53   2.39  -1.63  10.34   2.38   6.00
199202  -3.27  -0.76   2.33   1.50   0.35   6.41  11.16   5.92  -1.46   2.13  -4.92  -5.30  -1.97   2.80   3.06   6.97   1.68  -0.38   7.01   1.71   4.79   3.20  14.32  -3.28   2.86   1.63  -2.86   5.09   6.65  -0.54  -1.25  -1.21   3.24   2.90   5.80   3.93   0.04   1.72   7.32   5.08   3.18   2.91  -0.25   4.94   0.20   8.12   4.66   0.03
199203  -2.68  -2.95  -3.35   1.35  -4.37  -2.73  -1.20  -1.11  -2.07  -4.36  -5.91  -4.60  -5.55   0.79  -0.38   3.85  -0.93  -8.51  -1.33  -4.81  -1.63  -2.89   1.45  -0.85  -1.79  -5.44 -12.53  -0.21  -4.86  -2.70  -0.56  -0.98  -3.06  -4.48  -5.19  -6.55  -0.96  -0.18  -2.00  -2.39  -0.56  -1.35  -0.91  -1.27  -1.04  -3.33  -0.55  -9.46
199204  -3.90  -1.31  -1.31   1.90   7.66   1.06  -2.57   4.55   0.89  -5.25  -5.37  -4.39  -1.55   6.33   0.63   0.63   0.68  -1.53   3.70  -7.97   2.87   0.64  11.10   2.10  12.46   3.64  -4.02  -4.46  -5.47   9.58   2.65   6.85  -1.75  -3.41   0.60  -0.40  -0.51   3.97   8.59   2.95  -0.94  -4.57   3.23   1.92  -0.50  -8.77   1.86  -1.30
199205   3.33   0.91  -2.30   3.62   0.39   6.45   1.25  -0.21   0.51  -1.98  -3.59   3.27   1.16  -0.88  -2.94  -1.74   0.25   0.96   0.91  -6.75  -0.01  -0.41  -1.84  -1.97  -4.35  -3.48  10.98   7.96  -0.36   3.17   2.52  -1.70  -1.84   1.83  -0.46  -0.84  -1.31  -1.38   0.35  -0.29   1.50  -0.21   0.89   3.53   1.53  -0.01   3.01  -6.42
199206   0.58  -0.03  -2.49  -5.49  -9.85  -1.95  -3.91  -3.04  -6.46  -4.42  -5.82  -4.50  -4.63  -4.66  -6.13  -7.25  -5.48  -6.74   1.96  -4.65  -5.65   1.83   4.34  -4.70  -6.35  -1.30   9.87   8.68  -9.74  -3.43   0.53   1.20   0.28  -6.10  -2.33  -3.03  -4.74   0.24  -1.28  -3.96  -2.91  -1.80  -2.21   0.34   3.12  -5.40   0.36  -4.65
199207  -0.35   5.71  -0.02   4.55   4.63   2.44   1.65   2.57   6.82   6.40   5.89   3.86   6.01   4.21   4.76   5.96   4.39   7.25  -0.19   9.68   2.40  -0.94  -0.74   3.26  -3.62   5.94   1.79  -4.45   6.42   5.30   6.69   5.37   2.03   3.85   1.74   5.04   2.16  -1.31  -1.64   0.74   3.94   4.29   0.47   3.62   6.16  -1.66   1.71   5.79
199208   0.25   2.09  -7.37   1.28  -0.20  -3.85  -1.88  -1.10  -3.09  -1.03  -2.28  -2.94  -3.48  -4.78  -3.78  -2.31   0.52  -1.30  -9.14  -1.23  -3.57  -2.75 -10.88  -4.55  -2.70   2.03  -5.83  -2.41  -1.20   2.54  -0.48  -1.04  -2.29  -2.00  -7.88  -1.82  -1.70  -2.67  -1.14  -5.97  -2.27   0.05  -2.75  -3.64  -2.01   0.59  -3.89  -4.37
199209  -3.40   2.92   4.58  -2.11   1.36   6.37   5.50  -0.65   3.32   5.78  -6.68  -2.59  -5.05   0.05   4.74   0.08   3.18   1.82  -0.43  -4.63   1.71   6.53  -1.59  -2.20  -0.03   1.12  -1.45   2.23  13.17   0.06   0.81   1.81  -0.59   4.16  -1.10   7.45   5.86   1.41   3.11   4.16   2.60   4.30   5.70   1.45   6.10   1.97   1.86   6.38
199210  -2.49  -2.69  -2.55   2.04  -4.20   1.66   4.85   0.58   2.42   0.73   4.81   4.27   3.02   0.77  -0.57  -1.37   1.04  -0.74   1.56   9.88  -2.00  -0.67   0.43   3.43   5.15  -0.31  -8.94   2.07   0.02  -3.50  -0.43  -0.53   5.21   6.31  -3.07   5.82  -1.69   2.26  -1.39   6.09   2.68   4.50   3.07   2.84   2.61   0.16   3.01   2.82
199211   3.21   3.65   7.52   0.70   1.97   5.53   8.24   7.21   4.51  10.55  10.61   4.38   4.38   2.18   4.69   6.66   1.62   4.43   6.99   4.40   2.77   8.02   8.20   0.97   8.29   6.38 -11.93   0.28 -10.49  -2.64  -0.22   4.29   6.87   4.90   7.33   6.24   5.36   0.21   5.99   5.34   6.72   7.06   9.05   7.86   5.15   2.05   7.03   7.55
199212   6.44  -1.14   1.56   2.90  -2.84  -4.15   4.10  -0.77  -1.02  -1.20  -0.72   2.11  -2.07   0.96   0.74   5.85  -0.05  -1.86   3.98  -2.65   2.68   3.22   3.23   8.77   9.47   9.83   3.82   3.87  -0.15   2.02   2.71   5.56   2.45   0.50  -4.35   6.44   2.53  -1.28   0.19   1.25   3.09   0.18  -0.34   4.65   4.16   4.56   5.01   1.77
199301   1.92  -3.27  -1.48   0.86  -5.75   5.42   6.45   4.68   2.05  -1.32  -1.35  -3.02  -8.00  -2.26   2.11   5.01   0.01   3.63   6.52  -1.96   3.44   0.66   9.56  -3.73   0.76  -0.54  -5.64  -1.61  -3.66   2.75   2.42   1.16  -0.16   2.25   4.18   8.07   0.93   0.50  -0.97   2.92   2.26  -0.18   0.21   6.40   2.95   5.44   2.85   0.46
199302  -1.36  -2.24   6.90  -2.35  -3.20  -9.68  -3.37  -0.24   3.15  -7.06 -15.21 -12.04  -7.65   0.98   2.42   2.94   6.99   3.99  -0.51  -2.57   4.12  -2.31   0.00   2.06   1.18   3.30   5.90   3.11  -1.92   6.03   6.23   5.72   0.68  -2.25  -2.12   4.06   2.23   0.69  -5.72   0.44  -1.72  -1.77  -0.14  -0.12  -0.53   3.31   2.97  -4.86
199303   1.34  -2.58   8.56   2.46  -0.89   2.63   4.34   1.10   1.02   5.05   5.58  -1.02   0.63   2.14   4.15   6.12   2.26  -1.35  -0.83   4.66   2.70   6.38   6.32   3.76   1.00   5.27  17.64   7.39  -1.90   4.09   1.78   3.22  -0.90   3.52  -1.09   4.64   1.70  -1.64   2.38   4.05   2.09   2.95   3.79   4.09   4.35   7.61   4.47  -2.12
199304  -4.00 -12.36 -11.58  -9.18 -15.78   1.32  -3.59  -1.77  -5.08  -6.41   0.25  -9.69   3.35   3.31  -4.76  -5.48  -2.55  -0.38  -2.25   0.04   3.54   0.20   3.80   2.03  -1.77   3.77   9.42  -6.77  -4.69   1.13  -0.16  -2.87  -3.86  -5.45  -3.51  -2.21  -1.31   0.63   1.03   0.44  -3.87  -9.27  -6.34  -3.85  -2.82  -4.21  -4.48  -5.18
199305   2.43   2.61   4.78   3.18   4.77   7.42  11.79   1.67   1.48   2.86   9.50   6.91   2.48   1.69   2.77   1.39   0.88   2.54   4.17  -0.97   4.73   2.76   0.49   4.73   7.63  -2.09   9.45   0.62   8.68   1.75  -0.06   4.23   5.60   6.53   9.72   9.51   5.92   0.26  -2.74   2.49   5.23   5.87   7.24  -0.28   1.46   3.87  -0.21   5.24
199306  -0.01  -1.94   0.58   2.01  -0.27   3.56  -2.47  -1.00   1.90 -12.14   1.23  -1.04  -3.71  -4.19  -0.66  -3.31  -0.63  -0.10   1.36  -5.92   2.17   2.86   3.85   1.58  -7.08   6.92   3.02   1.08  -4.99  -1.06   3.18   4.64   4.77  -0.27  -4.44   4.16  -0.89  -2.94  -0.98  -1.28  -0.13  -3.45  -4.45   6.04   1.95   2.91   4.65  -4.09
199307   1.15  -5.16   7.88   0.01  -4.59   1.14  -2.05   0.51  -2.15  -4.14   1.89  -4.78  -7.28   1.05   1.18  -1.37  -1.00   1.82  -2.50  -2.65   0.26   2.26   2.73   3.54   1.44   2.05   8.81   0.76   6.89   0.49   1.95   2.15   3.88  -3.85  -7.81   1.39  -0.18  -2.96  -3.21   3.82   1.23   0.13   1.82   1.47   3.46  -2.33   1.94  -6.34
199308   4.89   5.36  15.47   2.15  -1.32   8.06   7.20   3.39   3.70   2.21  -3.00  -0.22   4.55   3.26   8.75   7.98   4.35   7.09   2.78   9.76   7.56   0.34  -0.72   3.20   5.03   4.52 -10.97  -4.81   5.94   4.18   3.69   5.47   3.05   3.39   4.54  11.07   6.87   3.39  -1.52   4.34   4.59   3.69   4.91   1.30   4.48   4.66   2.86   6.09
199309   0.45  -2.16  -8.48  -1.49  -3.80   3.06   7.36  -0.65  -1.77  -4.34   6.36  -1.79   0.65  -2.40   0.24  -2.94  -0.80  -3.16  -4.34  -2.25  -1.44  -0.90   0.66  -1.34   7.97   1.00 -10.68  -7.23   6.57   1.49  -0.65  -0.47   2.55   4.25  -2.58   2.68  -2.71  -1.23   3.65  -1.16  -0.76  -0.34   0.84   3.98   0.61   4.44   3.17  -3.38
199310  -1.31   9.24  -0.72   2.12   9.67   1.72   3.15   7.74   7.42   6.94   9.34   5.87   5.54   2.61   3.87   0.80   3.78  -1.01   4.29  12.93   2.98   0.87   9.21   0.55   4.69   2.10   9.59   4.16  -0.89  -1.90  -1.96   2.61   3.09   2.59   6.34  -2.55  -0.99   0.45 -10.66   3.25   2.40   4.79   5.55  -3.61  -2.90   1.53  -4.67  -9.77
199311  -1.45   0.89  -2.39  -0.44   5.83  -0.06  -3.49   0.35   1.42   1.58   0.84  -1.51   1.59   1.16  -1.62   1.03   4.29  -1.19   0.30  -2.50  -2.42   0.42   1.74   2.46  -4.87  -2.90  -2.59  -1.02  -0.17  -5.80  -5.55  -6.04  -5.36  -1.34   5.86  -4.64  -2.12   6.24   4.11   1.61  -1.09   1.44  -0.32  -3.73  -4.71  -2.76  -3.04   1.16
199312   5.95  -0.73  11.22   4.25  -0.93  -7.00   1.94   3.22   1.68   0.07  11.73   2.11   1.17   2.99   4.16   4.00   0.44   3.69   6.85   0.14   4.85   7.03   4.48   6.83   6.28   4.39  12.65  15.96   4.73   0.48   1.58  -0.43   4.79   0.84   4.66   2.96   6.78   3.74   6.03   2.17   2.97  -3.84   3.91   3.25   1.53   3.07   2.38   1.75
199401   5.15   1.44   4.30  -4.93  10.13   2.04   4.80  -0.61   2.47   0.58  10.26   6.45  -0.20   7.92   3.11  -7.88   2.88   4.51  10.44   4.43   6.33   3.13   8.54   2.36   1.32   2.63  -2.00   7.27  -3.35   4.93  -1.22   2.01   0.25   4.14   5.00   4.76   2.48   6.97   2.79   4.69   2.85   0.05   2.52   5.57   3.42   1.18   4.14   8.51
199402   2.61  -2.61   3.36   1.63  -7.13   5.72  -1.91  -3.41  -1.21   2.62   0.77  -6.40  -6.41  -0.89  -2.35  -1.58  -0.69  -5.52  -3.24  -1.50   1.34  -1.32  -4.84   1.96   1.07   3.05  -0.89  -2.54  -2.08  -2.95  -4.95  -5.54   0.60   0.03   0.73   2.68   2.37  -2.92  -2.41  -4.53  -0.85   2.85   1.74  -3.87  -4.39  -5.90  -3.83  -7.67
199403  -7.88  -3.80 -10.81  -3.17 -10.99  -6.45  -9.52  -4.04  -5.04  -0.28  -4.64  -6.41  -7.12  -3.15  -5.74  -0.70  -6.24  -3.82  -5.74  -6.21  -3.16  -4.28  -6.87  -4.54 -10.45  -3.48   5.27  -1.85  -9.79  -3.60  -3.93  -3.73  -5.09  -5.00  -4.51  -2.22  -5.60  -6.41   2.44  -6.00  -5.64  -4.31  -6.97  -3.04  -3.61  -1.60  -3.29  -5.91
199404  -1.64   0.98   2.24   1.83  11.26   0.09  -3.46  -1.36   1.64  -1.14  -0.09  -1.90   3.61   2.54   1.20   3.54   0.58  -2.76  -0.98   0.80  -1.32  -3.80   0.13  -0.11  -5.67  -1.50 -12.77  -4.15  -0.41   4.12   2.11   1.42  -2.21   0.92  -2.28  -2.87  -1.76   1.02  -1.99  -0.32  -0.34   0.24   2.00   4.65  -0.08  -6.44   3.87   3.81
199405  -0.76  -0.66  -1.74  -2.17  -6.79   0.57   1.66   1.16   0.92  -1.42   3.69   3.90   4.54   3.57  -1.06  -6.11   2.27  -3.46   3.53   7.68  -3.15   3.38  -2.07   3.03   5.35  -3.54   1.28   4.58  -1.81   0.86  -5.35   1.67  -0.04   4.32   0.34   1.01   0.91   1.81   3.54  -2.01   0.48  -2.52  -1.02   4.73   3.58  -1.44   4.76  -0.49
199406  -3.94   1.36  -5.85  -4.58   3.10  -5.58  -3.85  -4.35  -3.25  -2.37  -8.95  -3.11  -2.93  -2.65  -2.06  -4.71  -4.12  -0.02   0.93   0.33  -2.33  -5.11  -3.44  -1.90  -3.84   2.75  -3.72  -4.11   5.54  -2.77  -3.13   0.71  -3.94  -4.59  -7.11  -3.56  -2.91  -2.21  -1.81  -2.17  -4.24  -1.67  -6.86  -0.94  -3.19  -5.26  -2.95  -1.91
199407   0.49   2.56   0.57   5.49   5.53   1.50   2.37   1.49   2.72   2.95   3.43   2.16   0.40   4.09   4.81  -0.02   5.25   1.61   7.26  -0.69   4.60   7.37   4.29   0.41  -4.57  -0.86  -1.09   3.29  -2.29   3.35   5.15   3.20   2.77   0.91   4.00   6.57   3.30   6.97  -2.46   1.60   2.12   0.89  -0.99   2.00   4.36   1.14   1.95   2.43
199408   4.91   8.01  -7.83   5.17   9.78   4.15   3.54   3.50   6.94   5.35   8.26  11.29  11.09   6.11   4.21   3.83   6.62  -1.33   5.34   5.64   4.32   0.32  -1.81   4.40   8.72   5.11   5.17   2.64   3.77   0.00   0.66   1.16   8.01   7.88  12.02   7.39   6.76   5.80   1.32   1.98   3.31   4.57   4.34   3.74   2.40   7.67   4.45   4.02
199409  -2.66   0.40  -1.48   2.49  -2.82  -1.61  -3.46  -3.27  -1.20  -2.62   2.06   2.25   1.55  -1.09  -2.83  -5.80  -2.32  -4.36   0.13  -5.04  -3.11  -1.96  -5.42  -5.36  -4.15  -7.62   8.35   4.29  -1.12  -2.10  -2.78  -1.06  -0.98   0.41   0.51  -2.45  -0.56   0.71   4.36  -6.91  -0.65  -2.49  -3.50  -5.86  -2.49   0.71  -6.09  -2.36
199410  -2.36   2.28   4.93   3.74  -2.42   6.19  -1.26   0.94   1.18   1.86  -1.71  -1.72   1.82   0.26   2.53  -0.33  -1.69   0.52  -4.05  -2.94   4.14   1.29  -1.16   2.46  -0.92   2.70 -10.72  -6.81  -4.20   7.36   1.55  -0.09  -0.91   6.36   9.43   6.21   0.13  -3.08   2.31   2.28   0.14   1.14   3.84  -0.31   0.45  -0.92   0.75   0.02
199411  -2.25  -1.99  -3.39   0.87  -1.99  -7.84   0.58  -2.07  -2.26  -3.84  -5.84   1.00   1.45  -7.46  -4.05  -2.92  -4.06  -6.94  -8.70   0.25  -7.61  -5.43  -5.06  -2.87  -4.05  -2.59 -11.92  -8.10  -8.35  -4.84   0.26  -5.45  -9.70  -2.66  -1.54  -2.62  -3.83  -5.10  -6.44  -4.56  -3.89  -2.48  -5.39  -6.26  -3.44  -2.89  -6.46  -8.27
199412   0.27   1.55   1.17   1.90  -2.04  -4.72   4.94   2.68   1.09   1.78  -0.70   3.39   0.25   3.73   3.35   2.10   1.12  -0.82   4.41  -0.64   2.32   9.25   4.74   5.17   3.48   4.82   2.25   2.95   2.68  -0.95   0.35   0.90   5.05   1.73   3.10   2.48   3.50   4.92   1.55  -0.23   2.57  -4.92   1.34   0.65   3.97  -1.69  -0.69   1.67
199501   7.87   2.12   6.09   2.84   4.59   0.09   7.93   0.14   2.73  -3.84   5.07   5.76   6.40  -2.72  -0.75   0.00   0.93   4.43  -6.22   4.90  -0.88   0.49  -6.20   0.24   0.17   2.78 -10.82  -1.45  -0.59   0.40   6.23   4.20   0.12  -0.95  -2.68   0.85   2.00  -0.83   2.99   3.36   0.61   0.83   7.13   5.56   5.75  -0.58   5.56   3.82
199502  -5.11   1.47   5.16   4.87  -1.24   4.26   3.90   5.24   3.33   2.50   2.61   2.24   2.17   5.90   5.58   3.58   5.45   4.23   3.12   4.46   5.57   5.97   4.88   6.22   4.02   6.73   5.02   4.29  -6.35   4.52   0.82   1.51   3.45   7.15   5.15   8.02   5.90   5.46   5.66   7.47   5.30   2.11   3.16   6.91   2.24   7.12   6.30  -3.97
199503   6.16   3.51   1.81   2.40   5.91   2.04   4.41   1.37   1.97   1.92   5.01   6.22   1.69   5.63   3.58  -4.61   1.34  -2.74   2.18   5.40   6.22  -0.20   1.71   7.87   3.94   1.06  18.55   3.97   6.31   5.20  -1.75   0.28   6.62   4.87   5.42   3.11   4.11   4.10   6.70   3.33   1.84   3.94   1.97   0.70   2.34   2.25   0.44   2.95
199504   4.26   3.85   2.47   3.23  -4.35  -4.97   3.35  -2.49   3.99  -1.26  -2.32   3.43   3.85   3.11  -0.21   0.99   2.07   3.47   0.01  -3.91   4.89   3.01   2.45   4.16   0.80   8.52  -2.74  -1.34   0.45   2.31   2.38   1.59   0.43   4.07   9.28  10.33   4.73   1.47  -4.10   2.69   3.33  -3.48   2.51   4.81  -2.30  -0.42   3.46   0.00
199505   2.00   3.30  -2.73   8.42   3.92   6.11   1.44   3.75   2.58   0.50  -4.95   0.67   2.74   3.18   3.68   3.98   1.64   5.59   1.60   4.84   3.42   3.39   5.49   6.04  -3.93   5.33  -0.33  -2.28   3.37   4.01   6.01   0.63  -4.02   1.05   1.71   4.96   3.70   2.87   0.73  -0.52   2.35   2.79   4.05   7.43   4.43   6.89   7.00   5.28
199506   4.76   2.62   3.77  -0.13  -0.92   1.76   0.63   2.95  -0.14   4.81   1.85   6.59   4.44   1.26   1.34   1.38   5.08   0.71   6.83   0.41   3.20  -0.83   1.01   5.11  -2.88   0.46  -0.68   1.78   3.98  -3.15  -0.46   3.86   8.65   7.51   8.27  12.34   7.68   3.37   4.22   4.56   3.96   5.25   2.79   1.47   0.92   6.76   2.68   4.18
199507   3.37  -0.70  -0.87   2.39  -3.47   4.66   4.18   3.29  -0.80   7.20  10.21   6.50   4.28   2.61   5.70   3.68   1.79   6.14   6.76   6.66   8.54   4.03   2.41   6.26   9.47   0.89   2.00  13.48  -1.21   2.31  -0.38   5.15   2.44   5.23   8.70   9.51   4.89   4.77  -2.77   9.26   3.19   4.01   1.76   5.29   2.99   3.89   4.51   8.14
199508   3.17   1.17   5.74  -1.63   4.57   0.90  -0.63   2.31   0.96   0.99   0.33   3.82   0.60  -0.43   1.89  -1.44   0.37   3.74  -0.55  -0.52  -1.26  -0.01   0.30  -1.62   1.28  -0.24   2.15  -4.66   4.16  -1.71   0.98   4.38   4.11   0.81   0.61  -0.87   0.22  -1.61   0.13   0.48  -1.00  -3.52  -3.39   5.16   5.41  -0.72   5.07  -5.33
199509   7.92   8.12   5.39   9.26   2.89  -3.03  -1.19   2.41   5.37   5.15   2.86   8.21   7.98   2.90  -2.21  -2.08   3.45  -0.69  -4.92  -0.75  -3.07   6.54  -0.40   5.57   0.08   4.25  -0.90   3.23   1.97   1.35   6.24   5.64   5.44   2.57   0.67   1.52   1.61   1.71 -11.42   2.61   0.76   3.18   2.62   5.56   6.46   4.27   5.26  -2.84
199510   2.96  -0.29   5.21   3.93   2.79  -5.83  -2.11  -2.60   2.77  -3.03  -3.11  -1.53   2.29  -5.75  -3.94  -8.76  -1.59   0.33  -6.11  -3.70  -3.40  -0.46  -5.41  -1.76  -4.80  -5.76 -12.71  -6.58 -13.19  -0.17   1.48  -0.04  -0.80   3.48   6.10  -4.99  -0.78  -3.23  -8.40  -1.68  -0.73  -8.17   1.23  -2.40  -1.05  -4.22  -2.34  -3.52
199511   5.65   3.81   6.21   4.86   2.93   4.42   1.26   7.48   6.33   0.35   5.63   3.71   4.96   6.56   6.04   6.94   5.06   4.00   8.41   4.30   5.09   5.55   5.47   9.10   5.23   9.85  12.38   7.96  -0.95   4.77   1.56   2.63   5.98   2.30   0.37  -4.46   3.92   3.14  13.51   6.18   3.15   6.89   5.69   6.32   7.36  -4.05   6.54   3.63
199512   2.63   3.61  -1.88  -0.80   4.99  -0.04  -2.46   0.84  -1.82   5.15   3.35   4.26   6.62   2.11  -3.00  -2.94  -1.87   8.40  -1.52   1.09  -0.64   6.67   4.59   4.14   0.19   6.38   3.04   1.73   7.45   5.68   5.06   3.98  -1.17  -1.22  -3.52  -6.58   1.38  -1.56   3.60  -1.52   2.23  -1.58   0.01   1.70   2.60   5.46  -0.52   1.54
199601  -1.07   3.76  -2.52   3.26   1.82   8.11   3.14   0.54   2.85  -2.65   7.03   5.31   5.90   5.42   3.14  -3.92   3.17   1.80   4.23   0.03   1.87   5.30   3.09   0.71   2.31   9.73  25.37   3.90  -2.34  -0.34   1.91   2.29  -0.40   1.31   5.16  -0.86   1.20   0.55  -0.59  -0.12  -0.63  -1.45   6.57   6.45   3.15   1.62   2.67   0.09
199602   8.53   1.25   5.52   5.61   3.18   1.48   1.93   3.03  -0.43   2.07   1.41  -0.67  -1.48   2.76   2.86   0.24  -1.95   0.29  -0.98   7.35   3.63  -0.76   1.75   3.16   0.85  -0.73   0.99   4.60   1.82   1.10  -2.58  -2.18  -0.08   4.45  11.22   3.79  -1.49  -2.26   7.91   4.18   2.94   5.53   3.41   1.40   1.32   3.84   3.56   1.46
199603  -1.40  -4.19   7.43   1.90  -7.68  -0.45   1.77   0.92   1.30  12.08   1.69   0.39   0.01   5.80   3.61   2.68   1.81   1.95   5.98  -2.24   2.10   3.02   5.87   4.02   0.56   3.25  -0.57  -0.72   4.53   4.92  -0.47  -1.88   4.83   1.08  -7.90  -2.27   2.09   0.75   4.29   3.24   2.61   8.24   0.82   3.05  -2.51   6.68   2.89   6.71
199604   5.95  -0.59  -1.05  -0.89  -1.60   0.84   3.05   2.80   3.88   5.80   0.82  -1.51  -0.64  -0.86   0.92   3.47   4.67  -0.59   1.38   8.79   3.44   0.38   2.98   0.55   8.65  -0.41   0.98   1.27   0.64   3.43  -2.59   2.81   7.52   8.14   9.95  12.20   5.43   3.90  -0.39   2.65   4.72   4.37   2.71  -1.96  -1.27  -0.69  -0.23   5.03
199605  -1.88   5.89   4.94   9.69   5.48   4.09   2.23   3.23   3.25   8.17   1.55   2.71   4.49  -0.37   4.18   5.77   2.07   1.64  -0.33   5.14   0.85   6.18   1.38   2.87  -1.34   1.77   4.96   0.50  15.73   0.47   1.35  -0.04   5.94   3.34   3.59   5.29   2.48   0.29   5.05  -0.28   4.12   5.08   0.41   1.31   0.18   2.99   2.72   5.27
199606  -0.48   2.45   4.03   6.54   3.68  -1.74  -2.97   0.46   1.22   0.52  -1.99  -3.55   0.65  -2.35   1.40   0.98   0.46  -1.18  -6.44   0.43  -5.16   3.15  -5.27   1.06  -1.06  -2.02 -16.95  -4.16   9.35   0.85   5.21   0.49  -2.48  -0.89  -6.85  -6.89  -1.60   0.41  -1.16  -1.43  -4.06  -1.08  -0.51   0.81   1.50  -0.96  -0.29  -2.80
199607  -4.93  -2.28  -1.57  -5.78   0.20 -10.67 -12.31  -6.65  -3.32  -4.52  -9.50  -9.41  -4.93  -3.01  -3.70  -3.51  -3.98  -8.26  -6.37  -5.18  -8.67  -4.76  -3.91  -1.15  -2.67  -4.29  -0.31  -5.60  -8.38  -4.63  -5.82  -8.51  -6.42  -7.93  -6.32  -8.73  -7.42  -2.67  -2.15  -7.18  -7.80  -7.61  -7.67  -1.21  -5.06 -11.08  -1.06 -10.60
199608   3.10  -0.98  10.02   2.15 -13.18   1.86  -0.41   3.62   1.69   5.67   7.02   5.43   3.59   3.69   3.55   3.57   3.19   3.58   5.93   7.40   4.80   1.65   3.29   4.14   3.73   1.11   5.00   0.56   1.16   2.92   2.89  -0.97   3.29   2.99   4.73   5.73   4.03   3.23   1.12   3.12   3.82   6.87   3.57   4.25   3.97   8.40   4.21   8.88
199609   4.20   9.15   9.16   0.73   1.41   7.03   7.62   2.79   6.34   7.16   3.31  10.01   7.43   5.70   2.74  -0.01   7.88  -1.21   1.94   1.48   6.23  10.01   1.05   4.88   7.14   7.39  -8.27   2.31  10.33   3.98   0.67   1.61   7.88   8.42  11.99  10.60   4.40   4.21   2.55   1.57   4.89   3.24   0.35   6.51   4.98   2.94   5.89   5.07
199610   5.85   2.68  -2.56   0.78   3.31  -0.43  -2.26   1.21   1.05  -0.75  -6.84  -5.29   0.96   1.47   0.55  -1.27   0.82   3.38  -2.58  -2.11  -0.76   5.71   0.25   2.87   0.72  -1.78  -2.91   0.69   1.03   5.80   3.61  -0.74  -4.03  -1.88  -1.27  -0.74  -3.75   3.33  -1.25   2.09   0.24  -2.03  -3.94   6.92   3.67  -2.55   5.93   2.01
199611   1.18   6.22   3.22   2.74  10.74   6.50   9.14   5.10   5.40  -0.27   5.52   2.35   7.55   5.11   9.84   0.72   2.39   6.30   7.63   3.98   9.08   6.99   6.59   4.46   5.66   8.68   0.26   5.06   4.08   5.53   2.61   5.60   5.61   6.11  14.40  14.15  11.06   4.95   7.97   6.71   4.86   2.09   4.02   8.73   7.17  -1.61   9.37   3.67
199612   0.38  -2.55   4.87   0.52   9.30  -7.85  -5.66  -1.68   0.38   2.45   2.72   1.41  -3.96  -2.07  -2.34   1.75   3.00  -1.01  -1.30   0.47  -0.94  -2.99  -3.24   5.80  -0.80   0.60  -1.37  -4.36  11.31   0.75   0.14   2.52  -2.89  -2.49  -4.91  -0.29   0.02   1.27   8.40  -1.34  -0.16  -4.34  -3.24  -3.06   0.34  -7.45  -2.07  -4.40
199701   4.76   2.23  11.16  11.36   4.63   2.93   3.88   0.62   6.42   6.42   2.44   4.75  11.31   3.74   0.26   5.50   5.20  11.33   4.50   3.22   5.46   4.29   3.80   1.78   0.48   1.12  -6.29   0.38  12.26   4.28   0.90   2.43   3.93   5.82   6.37  15.36   4.86   1.17  -0.07   2.38   0.06   0.39   1.61   6.76   4.85   4.95   7.88  14.09
199702   0.54   2.73   7.11   2.74  12.47  -0.24  -0.27   2.64   2.87   3.40   2.10  -1.22   1.16   1.10   0.03   2.21  -1.47  -8.08   0.20  -3.08  -2.10  -0.94   0.00  -1.62   0.28  -3.80  21.82  10.03  -3.26  -5.59  -0.56   2.39  -3.24  -5.13  -8.05  -9.37  -0.93   4.12   3.57  -1.05  -0.98   5.59  -3.17   4.02   2.99   9.69   4.78  -7.51
199703  -5.83  -0.72  -3.97  -6.53 -13.54  -1.06  -4.14   0.07  -6.06  -6.06 -11.36  -7.41  -6.95  -2.15  -3.93  -2.84  -5.60  -4.18  -4.32  -2.64  -1.83  -2.99  -4.81  -0.88  -2.86  -4.46 -15.63  -5.26  -5.40   5.22  -2.76  -7.67  -3.00  -5.58  -7.49  -2.65  -7.53  -4.82   2.46  -0.20  -6.65  -0.56   1.66  -8.03  -4.34  -9.56  -7.35  -4.46
199704   6.63   3.32   1.62  11.37   3.24   4.06   2.15  -0.76   8.44  -3.61   1.68   2.01   7.26   3.24   3.92  -3.34   9.12   1.94   1.01   0.31   3.87   9.96   2.26   0.63   5.39   6.61 -10.17  -1.04   6.74   0.08  -1.39   2.63   4.59  10.66   6.46   5.58   6.96   2.45   6.70   5.66   0.59   1.67   6.12   5.74   5.90 -12.44   6.86  -3.11
199705   4.76   2.28   5.42   6.43   9.98   6.19   5.32   6.66   8.15   5.44   9.50   9.24   6.31   4.55   8.41   7.26   6.36   7.02   8.77   9.09  12.45   9.02   6.56   6.96   8.32   6.04   8.37   5.79  -4.65   7.30   3.77   6.53   8.29  10.12  13.13   7.81   8.64   7.18   7.78   6.13   8.78   6.40   0.98   5.07   7.87  10.21   4.80   8.86
199706   8.96   6.42   6.50   0.07   2.67   5.57  -0.55   6.91   4.17   4.16   7.31   5.84   9.50   6.17   3.23   2.37   5.46   5.23   3.62   7.78   6.22   6.82   3.72   3.92   3.43   9.77  -3.17   5.25   2.88   1.29   2.99   3.71   3.42   3.06   0.88   0.86   2.03   3.18   4.07   2.25   1.90   6.57   1.15   5.69   6.42   4.73   6.20   2.95
199707  -1.95   5.00  26.81   1.85   1.29   3.55   1.39   4.62   4.43   3.66  -3.47   6.44   2.06   7.03   2.20   3.03   8.48  13.38   9.24   0.96   9.76   8.62   8.53   7.89  13.85   3.77   3.50   0.57  10.80   7.41   2.80   2.66   1.63   8.43  21.68  18.49   6.93   5.94   5.81   8.07   5.13   8.89   7.21  11.45   8.14   8.53  11.68   3.65
199708   8.35  -4.59  -9.25 -12.61  -3.04  -3.61  -2.25  -2.73  -8.26  -6.44  -2.16  -1.50  -7.33  -4.54   0.17   0.75  -7.98   2.10  -1.54   2.17   1.59  -9.46   1.20  -7.65  -3.42  -1.16   2.27  -0.81  -5.22   0.22  -1.14  -2.47  -2.48  -2.38  -1.01  -0.76   1.64  -3.25  -4.72  -4.14   1.32  -2.90  -5.19  -5.01  -6.96   1.55  -4.85  -0.89
199709   6.90   6.81   1.19   8.11  -2.78   1.91   5.82   7.95   5.10   5.18   2.50   3.57   7.60   0.57   3.35   6.18   4.19   6.20   0.56   2.63   0.65   8.39   5.64   2.19  15.69   3.14   9.50   2.37  -4.38   6.34   4.65   9.70  13.51   2.92   5.40   2.49   4.19   3.34  -6.77   8.60   3.93   5.33   5.36   7.57   6.46  14.20   9.91   7.77
199710  -2.03  -1.79   2.24  -5.95  -4.16   5.12  -1.43  -0.40  -3.71  -7.80  -1.47  -6.78   1.60  -4.27  -4.10  -4.08  -3.21  -0.31  -7.69  -3.20  -8.63  -5.24  -3.75 -12.39  -3.72  -9.30 -20.13  -7.71 -17.21  -2.03   0.94   2.97  -4.13  -3.01  -8.83 -12.74 -11.45  -5.49  -4.31  -1.46  -1.77  -1.64  -5.37  -0.15  -3.23  -3.18  -2.26 -14.07
199711   6.57   7.57   7.01   7.28   8.65   0.72   9.05   4.07   5.51   1.51   0.91   4.03   2.85   3.15   5.50  -0.94   3.38  -1.85  -4.63  -6.21  -2.99  12.05  -2.17   6.83   1.17   1.81 -18.30  -3.46  -7.03  -3.48   7.09  10.49   2.02   2.69   2.59  -1.29   0.31   3.34  -0.84  -0.84   1.37   6.55   3.46   3.65   2.71  -3.96   4.29  -0.02
199712   2.19   2.73  12.95   4.20   5.38  -5.80   4.29   6.49   2.98  -9.44   1.13   2.25   3.99  -0.16   6.64   0.60   4.21   2.93  -0.89   1.16  -0.79  -0.09   5.16  -1.94  -1.91   0.41  -1.51  -8.06   3.59  -1.50   7.97   4.35   5.77  -0.97  -4.38  -6.51   2.52  -6.39  -3.59   2.04  -0.13  -0.74  -1.05   6.36   5.42  -0.69   5.84   8.81
199801  -6.28  -3.28  -8.91  -2.03  -7.35   4.71   6.68  -0.63   0.80   0.64  -9.32   3.25   7.67  -2.50  -2.61   0.15  -0.97   8.51   3.25  -2.91  -3.03   4.78   0.78   1.31  -1.40   5.16  -0.53  -2.01 -10.73  -5.68  -4.35   4.87  -0.72   3.94   4.09   7.34  -1.06   0.16  -4.93  -0.20  -0.65   1.78  -1.44  -3.27  -0.69   0.49  -4.27  -7.46
199802  14.81   3.62   4.60   4.69   4.50   6.86   5.56   6.13   9.11  10.82  10.37   7.00   4.80   8.10   8.16   4.14   8.60   8.17   4.13   9.00  11.07   1.47  12.71  13.48   3.73  11.93   2.09   2.37   8.78   6.81   2.65   2.63   4.59  11.25   9.94   9.43   9.82   5.69  12.19   3.96   7.97  11.09  10.23   8.35   8.58   0.08   9.28   4.44
199803  -0.60   4.12  10.31  12.45  -3.26  -3.04   0.11   5.41   4.24   4.45   4.98   2.09   3.67   5.58   2.79   7.39   8.82   7.14   2.35   5.16   2.63   9.68   6.26  -0.37   3.92  -2.04   6.98  14.31   5.66   4.70   6.77   9.78   7.70   8.18  -2.63  -2.07  -0.24   1.74   5.51   6.93   3.29   7.20   6.72   5.33   5.32   2.33   6.46  10.58
199804   5.64  -4.25   2.31  -3.08 -10.83  -2.15  10.63   1.42   1.06   1.98   2.35   0.59   2.09   2.78   4.17   1.45  -1.36  -3.75   4.42  -0.78   1.41  -1.15   1.68   1.23  -2.71  -0.10   6.34   1.25   0.94   3.77  -2.50  -3.16 -10.01   0.38  10.13   6.35  -0.33   2.06  -4.30  -3.08   2.11  -0.14   0.81   2.03   1.52   0.67   1.96   7.56
199805   5.28   0.70   1.60   2.87   0.59  -2.41  -7.14  -0.81  -1.21  -0.64  -6.36  -1.78  -2.24   1.12  -2.42  -2.65  -2.57  -6.02  -9.25  -6.04  -6.37  -2.49   9.76  -3.55   0.12   0.23 -19.97  -5.38  -1.67  -4.17  -0.88  -1.51  -4.87  -6.03  -4.30 -10.16  -6.48  -3.16   0.69  -4.81  -3.60   3.90   1.21  -2.23  -1.55  -7.20  -3.01  -5.73
199806   5.25  -1.08   4.69   6.71   5.52   4.31  -3.78   6.29   3.67   2.01  -4.08   4.66   7.27  -3.37  -0.50  -7.16  -1.99   7.43  -5.90  -6.24  -5.54   6.53   2.34  -1.95  -6.64  -5.96  -3.85  -6.66  -2.22  -1.30   2.90   2.97   0.41  14.32   5.53   5.18  -4.28  -5.64  -7.87   0.98  -0.12   6.58   0.23   3.45   4.59  -0.04   2.52   8.91
199807 -13.80  -6.40 -13.87  -4.49  10.37  -9.84  -0.97  -2.53  -3.48 -10.39  -7.84   1.26   0.21  -8.79  -4.20  -9.63  -6.84  -2.08  -6.40  -6.35 -10.05  -2.30  -0.83  -5.44  -5.48  -5.90 -16.60   1.58   8.52  -7.02  -5.35   3.79  -7.22  -4.94   4.78   4.26  -6.92  -7.13  -7.88  -6.09  -3.59  -2.49  -4.17   0.04  -4.17  -8.84   0.60  -0.61
199808  -2.32  -8.76 -26.04 -19.76  -5.20 -15.92 -23.20  -9.93 -10.92 -21.93 -22.70 -16.17 -10.86 -11.87 -17.63 -14.85 -18.63 -21.68 -18.39 -21.33 -19.60 -11.20 -20.19 -20.53 -11.90 -11.57 -25.04 -16.48 -24.69  -9.82   2.25 -11.77 -20.13 -17.88 -14.26 -21.10 -15.01 -12.77 -21.37 -16.63 -17.61 -13.13 -14.84 -23.57 -16.12 -16.51 -24.95 -21.75
199809  -8.48   5.69   4.74  -5.02  12.46  -7.38  -0.26  -0.21  -5.11   3.71  -4.21   7.93  13.62   0.68  -2.93  -5.45  -2.63   7.18   8.98   3.88   1.68   0.05   2.57   6.14   5.01  13.41  79.58   5.24   4.90  13.00   7.97   9.34   4.33  15.93  17.26   9.27   6.05   5.01  -3.52   1.69  10.76  -0.52   1.04   4.41   3.03 -11.63  -0.67  11.04
199810  -2.25   8.51  38.76  15.76  10.82  17.94   5.06   7.18  18.54   6.92   3.47   5.68   3.62   1.66  14.90   2.99  12.37   6.77   8.09   4.60  12.64  10.02  11.88  13.92  16.77   9.01  -6.16   9.23   2.96   1.20  -1.75   6.78   2.56   0.67   7.66  13.05  13.69   6.43  19.87   8.10   3.86  12.43  10.52  11.17   6.57   0.23  10.61   3.21
199811   7.19   4.07   5.05   5.79   9.15   0.68  14.84   8.68   1.09   3.56   7.36   5.86   6.14   4.47   5.91   9.71   3.21   5.07  -2.08  -0.41   4.50   3.92   4.14  10.12   1.08  -4.78  -8.20   3.03   6.11   0.45   1.35   3.78  15.48  12.47   8.71  13.57   2.02   6.66   9.64   2.99   2.54  11.13   3.72   6.36   5.84   6.09   6.43  -1.66
199812  -5.78  -0.89  -1.96  -0.31  -3.04 -17.44  -0.67   9.87   5.40   3.94   1.60   9.53   4.65  -4.57   3.87   5.59   2.08  13.12  -0.81  -4.00  -0.15  11.87   4.25  -6.58   3.91 -15.13  -6.24   0.17  22.61  -1.68   2.83  14.10   5.31  15.37  15.93  13.81   1.02   0.10   2.23   3.79   3.77  10.35   7.04   4.45   2.09   3.95   2.82   4.47
199901   2.43  -4.02  -5.93  -1.65 -12.16   0.97   9.21  -0.32  -2.09   7.04 -17.05   1.50   0.99  -5.20   1.72  -7.65  11.90   4.88   3.80   0.23   5.59   2.54   7.57   0.59  -3.64 -14.46  -1.59  -3.07  19.16  -6.24  -6.26   8.79  -8.86  15.67  15.51  11.32   3.72  -1.32   2.75   0.86  -0.77   3.62   1.99   0.03  -1.90  -1.31   3.09  -6.79
199902 -11.51  -2.74 -10.21  -1.34 -15.97   4.95   5.06   0.36  -1.27   2.15 -10.35  -4.67   1.29   1.12  -1.63  -8.41  -6.86  -7.30  -5.42 -13.34  -3.06  -4.48  -4.94   4.23  -2.48   5.04  -2.95  -0.93   6.28  -3.47  -3.77  -2.93 -11.86  -9.51 -13.79 -11.23  -4.68  -1.09  -2.02  -1.09  -6.90  -1.05   7.04  -0.71   2.94  -9.22   0.17   0.42
199903  28.54  -4.92  -3.75  -1.65  -8.93   2.22  -5.94   3.42   4.95   1.73  -2.18   5.93   2.34   3.49  -4.27  -6.53   5.91   3.00  -2.49  -2.73   1.84   9.13  -1.47   4.61   2.61   0.16  -4.91   2.98  29.83  14.74  -1.68  -0.81   2.89  12.16   5.86   5.02  -1.26   3.38   6.97   3.03  -2.83   3.77   3.39   2.95   2.53  -2.16   3.63  -1.61
199904   2.60   0.73  10.33   5.03   0.07  13.30   3.71   5.52   4.23   8.68  20.10   0.61  -7.22  22.05  19.26   9.10  -0.67  15.33  30.67  25.96  14.85  -2.47  10.43  14.99  10.63  13.93  20.79  20.13  22.95  15.60   7.18   8.35   6.42  -2.65   4.11   8.44  11.87  19.72   2.73  11.74   5.04  -0.35  -0.50   7.36   2.35   4.61   8.61  18.30
199905  -1.20   3.55   4.54  -0.63   9.96  -4.92  -5.63  -1.58  -3.01  -2.52   2.62  -1.33  -2.36  -5.81   1.20   2.39  -1.71   1.07  -7.39   8.47  -1.69  -2.59  -6.06  -2.03  -1.87  -3.55 -19.62  -5.15 -12.25  -2.64   6.71   1.08  -2.08  -2.53   2.16  -1.99   2.32  -0.72  -2.91  -4.83   2.84  -3.41  -6.95  -6.82  -0.02   4.23  -3.19   0.95
199906   2.70   1.59 -13.30  -4.31   4.84  -1.36   6.47   4.21   1.33   1.59  -3.88   4.61   4.85   2.45   4.11   3.57  -6.76  -6.35   8.84  12.13   9.80  10.46  -1.39   6.63   6.85  -6.44   6.87   9.71 -23.06  -0.52  -4.28   5.74   4.49   8.95  10.10  16.75  10.51   3.57  13.41   0.95   5.46   8.84   3.68   5.11  -0.03   1.13   3.13   7.24
199907  -2.84  -4.23  -0.15   0.26  -6.88  -6.63  -6.53  -0.55  -1.07  -9.76  -7.94   0.24  -4.90  -0.01  -3.79  -3.61  -0.15  -5.42  -1.15  -7.25  -1.60  -2.73  -8.11   0.15  -1.47  -4.76  -6.79  -9.09 -10.65   2.08  -0.61  -1.61  -8.46  -6.37   1.25   3.81  -0.66   2.07  -7.37  -2.28  -0.62  -6.23  -2.59  -4.84  -2.42  -8.03  -8.73 -23.94
199908  -2.61  -1.84  -6.87  -3.85   0.55  -7.86  -1.03  -9.68   2.61 -11.12  -3.88  -0.57   4.71  -5.78  -7.53  -8.51  -2.09  -7.82  -0.43  -9.14  -1.72   2.25   4.56  -1.88  -5.63   2.10   6.88  -1.38  11.45   1.54   0.62  -7.54 -11.10   1.61   7.57   9.06   0.31  -4.62  -6.34  -8.24  -4.95  -6.27  -4.07  -3.40  -5.65  -6.31  -6.90 -11.95
199909   0.75  -4.09 -16.58 -14.94  -6.91  -6.56  -2.64   1.68  -9.76   5.27  -9.37  -8.56  -6.80  -5.42  -3.83 -13.59 -11.84  -1.91  -2.53  -2.59  -0.68   4.47  -6.83  -6.56  -1.56  -9.52  24.20  -2.25 -11.02  -3.65  -4.31   4.36  -6.02   3.21  -1.61  -3.89   1.13  -1.67  -9.19  -6.38  -5.64   2.84   1.74  -2.65 -10.20   3.36  -4.72  -6.56
199910  -1.13   8.86   8.14  16.41 -24.93 -11.37   2.95  11.13  11.54   0.38   3.33  -3.54  12.97   2.24  -5.78   2.57   2.33  -6.22   0.79 -10.60   2.90  12.08   3.72   0.81  -7.90 -30.08 -12.66   0.70  24.43  -2.44   2.14   8.87  -4.24   2.92   0.65   6.55  -2.06   1.93   2.52   7.66  -6.55   6.30  -4.49  15.57  13.48  -6.51  12.42  -0.64
199911  -9.91  -6.31 -11.56   8.85   3.52   7.73   6.35  -8.42   0.12 -10.32  11.10   6.56   0.56  -0.73   2.93   2.13   2.81   2.49   7.09  -3.63   0.26  -3.37  -3.17  -4.38  -3.68   0.08   3.00   0.34  -1.47   3.94  -7.32   4.33   0.31  10.32  18.26  11.72   7.35   2.10  -2.55  -5.25   4.66   4.19   4.78  -5.06  -3.86   0.04  -1.36  -3.00
199912  -4.64  -5.69  -4.71  -8.83 -10.15  -2.16   8.12  13.20   4.17   3.95   6.16  -1.05  -6.64   6.54   4.01   2.46   4.08   4.43  21.94   2.86  11.29  17.23   3.31   3.84  -0.09   6.65  -1.33   9.20  19.73  -0.25  -2.34   4.20   2.11  23.94  18.96  16.67  16.47  10.10   3.32  -0.30   7.57   8.14  -7.28  -4.07   2.05   0.57   0.44  11.93
200001  -4.50 -10.37  19.67  -2.28  -8.62 -13.81   3.91  -0.62  -6.50 -11.47  -0.18   8.85   7.77  -9.33  -8.76  -7.63 -11.35  -7.58  -2.77  -1.82   0.24 -12.38  -0.43  -9.18 -10.00 -12.51 -15.77  -1.04  40.52  -1.40   5.64  -3.98  -8.59  -9.71  -3.27   1.01   9.82  -0.58 -13.83  -9.40   8.24 -14.52  -7.39  -0.75  -7.27   0.58  -6.28  -0.35
200002   8.16  -7.19  -8.33 -11.64  -4.01   0.42  -1.95  -0.61 -11.57 -12.73 -19.16   6.63  -3.15  -7.29   5.76  -5.84  -7.94   1.51   6.84   0.13   9.84  -0.65  -8.73  -7.10  -5.05  -5.99   6.38  -7.06  -3.45  -5.74  -7.16  -3.44  -9.77   7.56  23.10  27.18  21.08  -2.69 -12.97  -5.28   1.38  -3.91 -12.03 -11.56 -13.02   3.61  -2.12  -1.06
200003   4.26  10.81  -0.03   0.13   5.11   7.69  10.73  13.11 -14.27  25.33  21.11   0.84  -0.75  12.17  -5.84   5.31  10.74  14.97   3.49   7.64   5.19  16.74   9.81   9.79  14.24  12.32  -2.37   6.13  -7.24  13.82   5.70   7.53   8.85   2.75   5.25   4.22   1.31  -3.02  12.63  12.80   8.12  14.36  15.98  14.49  22.98   2.28  15.23  -1.44
200004  -7.61  -4.11  -0.77   3.68   3.79   0.27   2.36  -7.54   4.29   4.29   8.98   1.07   5.61  -3.73   1.67   6.48   0.66   1.08  -0.84  -4.55   5.44   0.64  12.22   4.44  11.13  18.86   2.51  -6.95 -15.33  -0.93   7.55  -7.89  -0.28 -16.58  -7.26  -5.59  -4.45  -0.94  -7.85   3.48  -2.49  -5.60   3.82  -1.84  -0.34  -6.04  -8.95   7.09
200005  -2.47  18.00  -6.84  11.87  19.37   1.14   1.18  -6.34   2.78  -5.05  -5.96  -1.00   5.14  -0.10  -4.97  -3.27  -7.02  -4.02  -4.64  -8.29 -10.60   0.27 -15.62  -0.82   1.03  -0.02   1.43   0.93 -12.62  10.93   3.90 -10.06  -6.39  -8.94 -14.34  -9.56  -8.14  -0.75  -2.13  -3.62   2.11  -3.05  -4.21   6.73   7.14  -2.61   2.10   9.68
200006  -0.94   2.46   1.27   6.04   2.96  -1.68   0.33  -0.02  -2.54  -6.82  10.44   0.77  12.04  -6.48   2.97  -9.87  -2.04  -0.60  15.33  -1.54   1.56   0.69 -12.29 -10.34  -7.44  -4.25  -2.21  -5.94  14.80  -6.27  -4.70   4.05   0.05  11.23  18.31   9.60  11.59  -2.96  -2.93  -1.95  -2.37  -2.11  -3.76  -7.93  -2.33  -3.65  -0.79   2.94
200007  -3.09  -1.44  12.79   6.57  -4.39 -10.03  -0.18  -1.12  -2.65   5.97  11.53   1.19  -7.91  -0.04   0.81   4.85  -3.20  -2.08  -6.00   6.77  -0.96  -0.02   4.57   6.93   6.39  11.96 -18.44  -0.22  11.38  -2.57   4.41  -7.28   4.58  -7.89  -0.06  -5.34 -14.20   5.02  -0.41   6.60   4.07  -2.13  -1.96   8.27  10.35   0.54   8.68  -1.64
200008  -1.94  -2.72  -2.06 -10.83  19.03   2.11   6.01   2.46   3.50   2.52   6.76   6.81   2.98   1.87   0.67  -3.47   3.40  14.89  24.57  19.29   7.91   7.16   9.22  10.26  10.17   1.43   4.10   5.36  17.76   8.72  11.57  -1.07  10.90  10.71  12.98  12.07  20.27   2.10   1.95  -3.57  10.00  -5.25  -0.69   9.65   4.46  -1.52  16.11  13.64
200009   4.67   5.72  -9.81   5.46   0.87   0.06  -8.65  -0.49  -1.74  -1.23  10.57  -1.54   4.13  -4.77  -9.71   5.56  -3.64  -2.46 -12.11 -12.29 -13.93 -10.94  -4.47   8.29   0.31  15.14  -7.39  -5.91 -13.72   4.51   9.58  -4.01  -1.87  -9.16 -11.72 -24.16  -9.12  -4.98 -12.86  -1.31   3.59   2.55   1.58   3.50   6.99  -2.46  -2.82  -1.24
200010 -10.98   5.67  13.35   8.93  22.80   6.62  -5.72  -1.29   9.99   4.27   6.25  -1.16   2.94   4.89 -13.25  -3.02   6.76   4.32 -12.04  -3.55  -0.12 -10.81   2.15  14.33  11.58   8.46 -20.58   1.80   7.16  -2.95  -2.18  -0.39  -4.02  -6.99  -5.77  -7.61  -8.21  11.43  -0.12   7.64  -2.32  -1.72   4.29  -0.73   4.24   0.23  -3.47  -5.31
200011  -1.70   3.93  15.34   4.20   4.07  -6.38 -14.77  -5.65   0.17   4.07   5.14  -0.42   0.68  -0.83   0.20  -0.48  -3.31   1.04 -15.66  -3.50  -9.05  -9.30 -13.23  -1.57   5.04  -3.93  16.20  -0.94   9.24  -2.65   3.03 -15.55  -4.57 -19.42 -24.19 -26.22 -15.65   0.66 -15.44   0.87  -6.71  -0.71   5.12  -3.86  -1.37   2.05 -11.02  -8.37
200012  12.09   5.50  -4.82  -2.57  16.96   2.35   4.71  10.12   3.15  15.85  11.95   5.37   2.78  12.15  13.96   6.55  12.19  11.43   1.87  -8.68   7.80   6.48   1.95  -0.21   3.16   0.79   2.75   7.17  44.04   7.50   6.53  -4.27  11.99  -6.69 -13.86  -4.34  14.06  10.61  19.93   2.23  12.66   4.33   2.38   8.97   7.02   5.97  15.16  -1.25
200101   6.15  -4.84   2.24  -4.75   0.07   9.94   7.88   2.82  -3.94   3.64 -13.70  -4.33  -9.29  -4.14  12.05   9.05  -2.49   3.43   5.91  10.78  11.32   2.35  15.13  -5.48  -7.27   2.49  -1.57   1.98  -2.48  -3.40 -10.30  14.26   6.88  18.39  11.19  18.35   3.60  -4.15   7.42   5.66  -1.64   9.95  -3.76   2.14 -10.15   4.59   4.61  -3.84
200102  -5.75   1.11   7.23  -6.25   9.47   5.03  -4.74  -0.23  -1.08 -11.70   6.20   0.00  -0.97  -0.99  -1.69  -1.56   0.83  -0.58 -23.39  -6.85 -10.17 -14.15  -0.80   4.17  -2.54   8.92  10.65   0.91  23.09  -0.04   6.24  -9.62   1.82 -16.09 -32.36 -31.85 -22.68   2.99  -5.30  -6.64  -4.61  -6.26  -0.04  -4.38  -1.06   0.73 -10.38   1.25
200103   2.67  -2.72 -13.25  -9.39  -0.14  -0.82  -9.30  -6.57  -8.86  -1.19  -5.73  -5.96  -9.01  -4.91   1.20  -4.19  -3.61   5.06  -8.41   2.56  -8.65 -11.71  -1.98  -9.45  -8.00  -4.09  -5.44  -1.58  18.90  -0.27   1.63  -5.86  -3.83 -12.90 -18.01  -9.33 -19.13  -6.18  -3.93  -1.14  -5.99  -2.02  -5.01  -2.00  -1.06   1.17  -7.03  -8.02
200104  -1.78  -2.03   2.31  -2.20   5.67  -0.13  16.08   5.06   1.77   6.86   4.17  -0.01   4.62   6.41   4.56   5.64   1.16   7.21  13.33  -1.88  17.64   9.79   6.90  11.45  22.40  -0.32  15.59   5.02   8.44  10.13   5.47   2.68   3.85  18.95  11.85  18.76  19.86   5.75   7.68   3.12   8.03   4.99   6.80   3.00   2.87   4.24   7.01  13.44
200105   8.22   2.66  -0.21   4.71   2.25   9.77  10.30   2.98   5.37   3.66   1.94   2.63   3.15   2.59  -0.86   2.23   3.49  -2.25   0.24  -1.72   2.46   4.33  -4.88   2.63   0.67   7.95   8.41   9.47 -13.58   0.19   0.01  -1.28  10.57   1.15  -3.50  -9.35  -3.03   1.28   4.39   4.58  -0.32   1.64   4.18   4.21   2.46   3.27   4.71   1.16
200106   3.50  -0.67  -5.30  -4.94  -0.57   2.62  -2.21   0.69   0.85  -2.44  14.94   2.64  -4.78  -2.40   0.95   3.78   0.77  -2.09  -7.02   7.59  -4.46  -8.09   4.33 -15.49  -0.87  -2.96   1.50  -6.49 -16.55  -7.51  -6.22  -3.06   8.56   3.95  -2.31  -0.46  -4.67  -4.41  -0.44  -3.11  -1.96  -2.52  -3.70   1.00   2.16   3.25  -1.21  -0.72
200107  -0.12   3.77  -0.95   0.80  -9.19  -3.14  -7.63  -0.43   4.40   0.59   2.32   1.43   2.39  -3.37  -7.05   8.91   0.03   0.78  -2.16  -7.11  -2.59  -5.29   3.60   3.24   3.88   6.93  -0.29  -8.25 -15.65  -2.20  -3.66  -0.72   3.55  -9.52  -8.28  -1.52  -5.60   5.73   6.45  -0.18   0.17   5.39   3.91   0.32  -2.36   0.46  -1.36  -9.60
200108   5.94   2.98   4.29   6.10   4.66   1.51   0.29  -4.48   0.99  -3.46  -1.97  -1.51  -3.42  -0.99   3.40  -2.55   2.30  -6.45  -6.13 -12.15  -5.30  -2.07 -13.84  -6.29  -1.40   1.08   8.80  -1.43   7.31  -3.54   0.42  -9.26  -2.82 -12.36 -16.21  -8.40  -5.86  -2.05  -0.65  -4.33  -4.05  -8.44   1.20  -6.18  -3.91  -0.26  -6.61  -5.68
200109  -8.81   0.56   1.39  -3.22   2.92 -17.47 -15.36  -8.02  -5.23 -16.91  -1.22  -1.42  -0.46  -9.59  -8.44 -15.51 -12.51 -18.38 -21.99 -17.80 -20.01 -13.37 -17.72 -29.61   8.05  10.36  13.31 -10.39 -15.78  -5.47  -6.39  -2.45  -6.70 -13.01 -24.82 -25.02 -18.78  -8.44 -11.94 -15.00  -8.06 -10.00 -13.14  -6.44  -0.71  -6.76 -10.63 -12.13
200110  -1.27   0.95   6.49   1.33  -2.82  14.70   5.41   0.25   1.15   7.58  -7.25  -1.38   2.18   3.42  10.94   5.59   4.71  10.25   2.42   4.37  10.75   0.68  -1.80   6.66  -4.73  10.52  -5.34  -2.22  29.31   4.15   1.40  -9.44  -2.70  10.72  24.22  17.67  11.52   1.01   6.62   3.23  -7.86   3.55   2.86  -0.85  -3.18   1.66  -0.04  -1.79
200111   6.32   0.82  -4.23   0.01   1.19   5.12  13.14   9.34   6.01   9.59   1.76   8.93   4.75  10.96  -0.76   7.08   7.08   7.53  15.73   0.87   7.75  10.58  17.30   9.57   1.72  -4.62  -7.35  11.20 -14.33  -3.98  -1.61   6.05   6.53  11.97  23.04  19.53  11.75   9.59   8.17  11.63  -2.67  13.15   5.91   5.71   6.49   6.94  11.41   6.56
200112   5.80   2.16   7.42   1.62  -1.72   0.60   6.22   3.60   1.74   7.18   1.70   4.66  -4.19  -1.01   6.41  12.68   6.20  15.35  -2.61   4.95   6.65   4.59  -3.77   6.88  -2.35   0.58  -1.26   6.21   9.95   5.93   3.85   2.72   6.02   3.08  -5.87  -3.88   7.34   2.02   8.79   1.59   2.04   4.99   4.13   3.10   0.52   8.71   4.89   4.54
200201  -0.86   3.14  -8.45  -3.76   8.45   6.05   3.14   0.58   2.64   5.43   1.01  -1.51  -2.71  -1.30   0.40   3.56   1.79  -0.46  -0.21  -7.61   2.27   1.74   2.97   4.38   9.74  12.70  14.45  -2.84  -9.24  -2.81  -4.07  -7.21   2.60  -6.96   4.99   3.26  -5.62  -0.37   9.46   6.66   3.78   2.24   6.27  -0.71  -1.73   1.30  -2.27  -7.66
200202  -1.08   1.63   8.11   8.14   5.04  -1.60   3.91   7.62   2.53  -0.98  -5.14  -4.78   0.46   4.66   7.95   6.60   4.65   3.41  -0.01   2.52   3.67  -0.51   5.73   9.64   1.25   6.35  11.17   2.50  -0.70   5.46  -0.26  -2.39   3.47  -8.42 -20.02 -16.45  -2.16   5.03   7.41   1.94  -2.91   0.42  -1.32  -1.62   1.98   1.64  -3.34   2.26
200203   5.25   0.78   6.06   8.30   1.58   8.54   7.70   4.83   4.61   4.93  12.98   3.95  -0.89   5.17   9.87   2.00   1.73   1.96   6.02  10.79  10.25   4.91   7.56   2.97   3.97   3.40  14.76   4.78  14.67   7.61  10.04   0.33   1.91   4.17   9.35  10.05   8.59   1.06  11.65   3.14   4.89   1.52   5.39   7.92   1.28   2.32   9.24  -1.16
200204   6.20   1.82   7.16   5.03   3.29   2.28   5.43  -2.42   0.15   1.47   8.45  -2.86  -9.57  -5.08   0.55   8.70   2.54   6.25  -7.04   1.78  -2.47  -1.57   1.87  -4.55   3.47   8.63   4.31  -1.63  -7.14  -4.57  -0.56 -12.68  -1.55 -15.16  -8.10  -7.88 -12.42   2.27   0.65  -4.67   1.16  -2.20   3.96  -0.74   2.10   1.21  -6.81 -14.07
200205   3.49   1.96  11.42  -0.51   4.53  -2.72  -4.29  -0.02  -0.17  -1.77  -0.58   0.64  -2.84   1.78   3.04   0.78  -0.10  -5.22   0.28 -13.63  -4.42   3.39   0.60   0.26   2.03  -1.14  12.70   3.93   5.54  -0.77  -6.47   2.99  -0.68  -3.52  -1.05  -3.87  -7.34   0.76  -3.43  -0.15  -3.91  -1.29   0.01   1.02  -2.44  -0.74  -0.68  -1.41
200206  -4.94  -3.10  -3.11  -0.27 -22.05  -3.75  -7.60  -4.33  -2.96  -1.75  -4.75  -8.82 -10.22  -1.06   0.30  -3.93  -3.55   1.62  -5.27   2.06  -7.50  -7.04  -9.79  -1.54   5.70   9.70 -14.56  -5.03  -6.33  -0.06  -5.33 -14.37   1.32  -7.24 -11.58 -24.34 -10.86  -2.71  -4.60  -0.12  -5.69  -5.14  -4.28  -5.85  -3.15  -4.78  -4.31  -6.01
200207  -7.64  -8.75 -15.44  -7.28   4.07 -10.75 -15.80  -5.34  -2.60  -9.89  -8.09  -5.55  -1.46  -9.27 -15.71 -22.52  -7.98 -17.87 -20.34 -27.18 -13.94  -9.06 -12.52  -5.15 -22.58  -7.54  -9.21  -9.78 -29.46 -11.68 -12.30 -11.69  -6.10 -10.29  -7.96  -9.00 -15.39  -5.36 -13.00  -5.08  -9.77 -11.96  -9.52  -7.98  -6.45  -7.33  -6.85   7.13
200208  -6.33  -0.46  10.91   2.39   8.92   4.35   5.70   3.56   1.69  -2.04  -3.81   1.14   1.05   1.88   7.66  -2.90  -2.83   0.68  -4.95  -1.00  -0.69   0.10  -1.66 -10.88  -2.45  -0.10  18.92  -1.13   9.77   0.55   3.36   0.34   3.46   2.11   1.43  -6.57  -6.82  -1.16   6.09  -2.00   4.62   1.98  -3.60   3.28  -1.43   1.07   3.72  -4.73
200209  -2.27  -4.89  -5.89  -5.53 -21.27 -10.73  -3.68  -3.31  -2.59  -5.57   2.22  -2.25  -7.25 -11.14 -10.37  -7.58 -10.63  -7.51 -18.43 -11.48  -9.74  -9.79 -13.54 -11.90   2.61   1.95  -3.98  -9.36  -7.88  -8.04 -10.86  -9.33  -2.85 -14.56 -19.06 -17.66  -9.96 -10.73  -4.38  -5.08  -6.16  -9.49 -13.40 -11.40  -9.42  -3.17 -11.47 -16.32
200210  -1.82   8.06  12.71  -0.40   4.90   1.59  12.51   6.48   3.06   8.97 -14.53   2.59   8.40   5.71  -0.70   3.88   3.49   2.52   6.66  -7.59   9.78   5.24  -8.54   0.36  -1.77 -10.72  -9.86  -7.79   3.94   3.23  -0.68  21.37  -1.01  19.48  16.09  15.68   9.17   4.18   1.43   2.46   5.47   6.44  -0.29   8.91   5.55  -2.82   6.94   2.52
200211   8.88  -0.62  -2.83  -3.06  -6.59  11.73   8.58  -1.34  -2.00   4.77 -10.51   4.48   4.76   9.39   2.24  10.87   5.61   3.21  18.28  10.01  11.96  11.37  17.56   7.88   3.55  -8.91  -5.34  12.00  10.16   3.01   1.62  11.81  -1.80  11.23  20.30  22.85  17.57   7.41   9.92   4.37  -3.27   2.90   5.77   2.90   2.54   2.42   6.83   7.58
200212  -1.49   1.11  -4.11  -3.20   8.98  -6.56 -15.04  -1.23  -0.04  -4.75  -1.57  -0.25  -4.90  -4.28  -2.21  -4.65  -1.67  -2.94 -10.40  -4.27  -8.82  -4.53  -7.82  -2.83  -2.81   9.98  24.46   1.34  11.66   0.74   3.84  -9.07   1.61  -8.73 -11.78 -20.49 -11.37  -5.30  -2.98  -1.21  -2.61  -8.02  -5.28  -3.52  -4.49   1.66  -7.37  -8.61
200301  -2.73  -6.38  -0.09  -5.84  -6.25   1.75  -9.32   1.22  -2.43  -3.89   0.54  -0.68  -0.65  -6.03  -6.75  -3.82  -5.56   2.56  -5.06  -6.67  -5.75  -4.72  -3.11  -0.91 -15.33 -11.56  -1.63  -0.45 -13.35  -2.31  -3.12  -3.48  -1.85  -2.22  -0.01  -1.11  -5.01  -0.74  -8.65  -5.16  -2.39  -5.09  -5.87  -0.33  -2.40  -2.72  -2.82  -4.43
200302  -2.70  -4.96  -8.05  -0.83   1.24   2.60  -2.65  -4.57  -2.83  -2.35  -3.57   2.56  -2.62  -4.21  -0.58  -4.02   0.18   0.20   2.27  -4.98   2.25  -0.15  -5.99  -8.37  -9.88 -10.17  -7.10  -4.86  14.02   1.90  -3.92  -6.47  -0.77  -1.69   2.90   4.59  -1.55  -1.44  -3.59  -3.50  -3.43  -0.51  -4.69  -2.27  -5.83  -0.79  -1.32   2.74
200303   2.84   0.18 -12.61   1.00 -19.68   3.65  -0.43  -2.19   6.49   6.38   2.16  -1.40   4.89   3.43   1.16  -0.91   0.31   2.60  -3.26  -4.89  -2.02  -4.44  -3.66  -5.42  -5.63   4.50  -6.28   0.50  -3.30   1.36   4.35  -0.58   5.07   0.23  -2.58  -2.07  -1.48   0.65   2.45   3.26  -0.72   5.48   5.13  -0.67   1.89   1.14  -0.62   5.28
200304  -2.93   4.79   7.59   2.20   2.71   4.29  16.82   8.19   3.47   7.16  -7.82   5.33   4.74   9.98   8.53  11.85   5.17  13.44  10.36   8.02   8.49  10.03  18.89   8.61  11.74   4.72   3.84   8.14   2.45  -0.53   7.35  11.17   8.00   8.33  11.28  10.20  11.64   3.20   1.87  10.49   5.61   9.69   9.10  12.02  10.81   6.67   9.56  14.62
200305  11.99   5.39  -1.68  10.20  32.47   2.43   7.47   6.07   2.86   4.24   9.63   6.15   3.13   0.84  -0.58   4.21   8.13  16.81  13.01   7.92   6.23   5.88   3.59  12.02   7.76  -6.68   9.95  11.20  24.74   8.61  10.11   6.26   4.42   5.93  13.08  14.72  14.60   2.73   1.82   4.04   6.79   2.50   7.64   5.52   4.29   9.11   8.42  -0.60
200306   0.36   0.89  -2.30   0.81  10.91  -2.49   6.44  -1.76  -2.52  -0.74  -3.82   3.02   4.87  -1.09   1.02  -1.88  -0.65   1.76   2.21  -4.40   2.34  -0.69   2.48   6.13   8.02   2.59   8.52   3.36   0.94  -1.18   0.66   1.96   5.00   0.81   2.09  -1.76   2.23   1.03   4.94   0.48   4.50   2.78   6.75   1.09  -0.75   2.93   0.93   0.57
200307   1.90  -1.75   1.24  -1.82 -11.30   3.62  -1.22  -1.46   0.95   2.95  10.63   5.49  -0.93   7.88  -4.22  13.47   2.20  -2.64   6.90   9.90   9.45   6.71   6.18   3.18  10.09   9.66  12.08   9.31 -11.89  -2.51  -5.25  -1.62   7.44   2.43   6.34  10.69   8.54   5.19  -0.57   0.89  -0.83   4.32   2.25   3.74   5.65   2.07   5.40  -0.24
200308   2.80   0.29   7.82  -2.03   2.53   4.19   5.03   0.97   1.06   5.57   4.16  -0.66  -3.39   1.68   2.50   6.35   4.82   7.05   4.65   1.92   7.75   6.67   8.71   7.85   8.86  -2.15   9.98   7.08   7.11   6.24   1.91   1.39   2.79   3.77   1.38  14.35   7.28   3.67   2.99   1.27   3.15   7.94   1.08  -0.56  -2.64   3.48   1.37   4.09
200309   0.79   1.99  -3.54  -1.55   8.10  -0.57  -3.16  -0.09   2.13  -0.83  -1.19  -0.03   0.39  -6.01  -8.21  -2.96  -2.05   3.88  -3.31   1.13  -7.71  -4.67  -5.21  -6.51  -8.19  -9.38  -1.64   4.31  -2.15  -2.28   3.91  -5.64   0.00   0.59  -0.13  -4.28  -4.56  -2.14  -1.71  -0.74   0.51  -5.82   1.92   1.61  -0.65   0.90  -0.40   0.80
200310  11.11   3.24   6.06   5.70   6.14  11.01   2.92   7.79   4.43  11.59   5.64   3.51  -0.23   6.63   6.22   3.32   7.35  16.70  19.24   1.28  12.37  10.22   9.39  11.98   6.10   1.60  11.86  16.77   9.80   1.51   1.58   6.69   3.59   3.16   9.95  16.05   9.91   8.13   4.39  10.07   4.81   9.86   6.88   7.32   5.03   3.67   9.12  -1.34
200311   6.17   2.97   3.24   2.35  11.59   1.33   5.33   1.86  -0.86   3.44   7.25   3.49   0.77   2.86   0.46  -0.83   2.72   6.17   3.54   2.87   3.78   7.26   3.82   0.10  -2.44  -0.32  11.71  10.44   1.44   0.60   0.95  -0.62   7.76   0.82   1.95   3.86   4.49   1.10  -0.67  -0.69   4.43  -0.46   3.87   0.72   0.80   3.49   0.47   0.04
200312   5.15   1.39   5.78   6.63   5.67  -0.76   6.92   2.79   2.31   0.90   1.17   4.58   6.32   9.55   4.05   1.20   7.02  -0.19  10.86   9.42   3.73   5.96  14.93  10.70  12.09  11.74   1.33   8.57  25.57  13.36   5.81   7.37  -3.05   5.30   2.02  -1.80   1.86   8.87  10.43   1.55   3.33  -3.23  -0.36   3.33   6.74   2.44   3.78   8.15
200401  -2.82   0.94   5.57  -2.90   2.05  -0.11   0.27   1.10   2.24  -1.34   4.49   6.31   2.18  -1.95   4.59   1.14  -0.73  -4.99  -0.16   6.88  -1.42  -0.82  -3.05   2.57   1.78  -4.47 -13.61  -5.02  -7.19   0.42   1.91   1.44   9.71   3.45   4.74   4.28  10.88  -3.66  -1.31  -4.06   2.96  -0.19   0.41   2.52   4.72   5.21   3.59   6.86
200402   2.10   6.15   5.80   2.59   3.82   3.42   0.75   1.06   2.98   5.74  -2.94  -0.26   1.49   2.68   2.99  10.41   4.72  10.61   6.45   2.43   0.58  -3.07  -1.60  -0.84  -0.10  -3.20   5.12   4.03   6.99   4.62   2.06  -0.79  -2.87  -2.61  -4.50  -1.14  -4.28   3.20   6.76   0.07   2.26   6.76   7.12   2.01   4.01   2.47   3.03  -2.08
200403   4.05   0.74   4.01  -0.21  -4.03  -3.63   2.25  -0.22   1.56   3.33  -3.02   0.99  -5.08  -1.67  -4.48  -2.29   2.69   5.14  -4.46  -7.57   1.22   0.61  -1.84  -4.98  -3.38  -0.69   7.19  -1.06   6.79  -0.18   1.16  -2.42   5.59  -1.80  -0.04  -4.65  -1.66   0.68   0.51  -0.54   2.18  -0.13   0.78  -0.27  -0.64   1.21  -1.75  -5.01
200404  -0.21   3.05   4.64   0.37   1.91  -5.81  -1.70   0.04   2.24  -2.13   1.37   2.76   3.95  -0.62  -0.45  -3.49  -0.29 -11.28  -8.77  -2.86  -2.49  -2.49   3.74   1.86   6.01   3.91 -21.12 -14.15   2.63   2.51  -3.51  -0.49   0.52  -0.67  -8.68  -7.85  -6.76   1.51  -2.18   0.21   0.91  -3.21  -0.84  -5.51  -0.77  -4.64  -7.00  -1.83
200405   1.21  -2.48   2.13   2.25 -12.61   2.89   0.49   0.37   1.51   0.04  -0.98  -0.22  -0.37   0.61   1.09  -4.85   2.56   1.28   5.78  -1.45   2.07   0.67  -2.79   0.76   1.60   3.83   7.07   4.25   6.59   0.40   1.28  -2.90   1.24   2.54   4.95   8.81   4.20   0.26   4.34   2.18   0.16   0.71  -2.96   2.74   0.84   0.56   0.76   3.52
200406   3.53   2.59   4.61  -0.22   6.03   3.33   3.48  -2.48   2.30   4.62   3.71   3.09  -1.54   5.43   4.22   2.99   2.39  -0.17   9.40  12.34   5.93   6.79   5.82   9.75   4.90   5.75  -2.95   7.41  13.39   5.34   2.01   0.61  -4.51   4.15   3.47  -1.19   5.67   5.06   6.34   6.16   2.86  -0.33  -0.46   0.64   0.76   3.38   0.25   4.98
200407  -4.95  -3.86 -20.06 -10.02  -3.75  -5.49  -6.35  -4.33  -5.28  -5.10  -6.21  -6.93  -5.61  -3.32  -7.28  -1.91  -4.60  -1.77  -0.20  -6.75  -6.05  -7.16  -3.76   1.24  -0.74  -0.29   2.89   1.53  -1.29   3.42   0.99  -1.30  -7.79  -5.99  -7.85 -11.53 -12.77  -5.55  -2.48  -4.57 -11.29  -3.41   2.43  -1.06  -3.01   1.27  -5.63   1.37
200408   1.85   0.12   0.09   1.89   3.19   1.19  -1.72   0.26   4.49   0.40   0.04  -0.98   2.40   2.99   1.27   1.01   4.17   3.88  -0.27   0.20  -2.49   0.59  -3.57   0.33  -1.70   0.33   9.21   4.54  -4.63  -1.29   3.61   1.27  -4.07  -2.73  -5.37  -6.02  -6.17   0.12   0.28  -0.47  -2.42  -0.74  -2.59   4.06   0.94   6.85   3.01  -1.17
200409   3.00  -0.39  -3.98  -7.90  -2.48   8.09   3.77   1.25  -2.89   2.85   1.21   6.21  -3.34   4.34  -1.54   3.01   2.87   7.98   7.80  -1.31   6.05   2.44   2.36  -0.20   5.37   4.61   5.13   8.79   8.33   8.78   1.36   1.35   0.95   4.39   2.25   2.08   3.82  -0.40   3.04   3.25   0.00   2.86   4.68  -0.68   1.37   2.35   1.18   2.78
200410   2.45   3.58   6.69   1.14   2.84  -0.68   2.96   2.42  -3.47   4.73  -0.39  -2.55  -2.53   0.46   3.68   6.02   0.70   0.80  -3.55  -1.76  -0.92   3.14  -4.63  -2.90   0.72  -1.39   3.42  -8.30  -0.16   0.70   4.18   3.27  -1.94   4.50   4.56   5.71   5.55  -3.95   3.54   6.42   2.64   3.37   2.83   2.32  -4.83   3.84   4.32   1.80
200411   0.58   3.50   0.97  -0.68  17.40   6.72   6.97   2.23   4.06   4.12   8.37   1.26  -0.11   8.75   8.22   5.40   6.29   7.45  12.81  13.39   7.66   7.74   8.02   6.64   7.43  12.24   0.15   8.51  25.12   6.21   5.04   3.45  11.30   6.19   7.25   4.23   3.81   5.36  10.43   5.86   8.46   2.36   7.52   2.98   7.93   5.44   5.11   4.12
200412   4.29   5.41  -0.70   4.33   7.48   4.70   8.19   1.42   4.20   5.82   4.26   4.75   6.00   2.83   3.85   4.10   2.97  10.64  -1.75   7.48   3.23   3.86   5.02   1.15  -2.69  -6.87  -6.97   0.97  -2.76  -2.19   2.39   4.22   3.03   3.21   4.04   2.56   3.58   3.55   4.28   3.81   5.88   2.99   5.00   3.66   4.89  12.97   4.80   4.06
200501  -2.82  -0.20   2.95  -0.67   4.36  -2.13  -4.93  -3.36  -1.27  -2.65   2.04  -0.07  -5.59  -1.46  -7.90  -3.35   3.22   2.93  -0.39  -6.42  -5.17  -0.22  -8.20  -0.92  -2.10   0.87  -6.34   0.99   4.50   2.97   1.70  -3.91  -1.16  -5.90  -5.05  -6.70  -4.43  -3.12  -3.62  -7.84  -2.72  -1.00   0.36  -3.14  -0.87   2.06  -0.82  -1.43
200502   2.85  -1.06  -0.28   1.46   3.12  -0.25  -1.24  -0.03  -0.07   1.99   4.43   1.36   2.57   8.26   2.51   0.14  -0.38   9.10   9.74   4.07   6.62   2.68  -0.60   4.69   1.85   2.03   8.02  13.53  13.63  19.25   2.32  -0.15  -2.28  -1.48  -0.86   2.78   2.92   1.66   9.80   2.67   3.08   0.36   1.26  -1.53   2.58   7.51  -0.91  -1.01
200503   0.76  -1.29  -0.27  -0.99   0.31  -6.25   0.27  -1.38  -0.60  -1.23   6.60  -4.87   0.08  -2.04   0.40  -6.46  -0.94  -6.89  -7.43  -3.69  -3.13  -1.92  -8.70   2.38   1.81   2.58  -6.18  -5.73  -3.63  -3.37   0.58  -0.11  -0.38  -2.19  -1.07  -2.71  -7.36  -0.41  -2.57  -1.79  -1.85   0.44   0.18  -3.18  -4.39  -2.78  -1.42   1.83
200504  -1.31  -0.16   1.34   2.19  -1.34 -11.50  -3.45  -3.16  -2.81  -7.36   0.85   3.05   4.48  -7.45  -4.74  -6.34  -0.74  -3.60  -9.36  -6.78  -5.35  -8.17 -11.44  -0.45  -3.26  -1.02 -10.60  -8.35  -6.25  -5.71   2.01  -1.99  -2.98  -4.56  -6.33  -2.81  -5.58  -8.29  -5.09  -5.60  -2.71  -5.73  -5.88   0.42  -1.89  -1.11  -3.82   0.18
200505   4.73   1.74   3.73   2.41   3.18   3.33   4.45  -0.87   1.63   6.66   1.89   0.43   1.66   0.22   5.83   6.45   2.54  10.15   0.20  -1.27   5.62   7.45  10.46   5.49   3.63   7.02  -1.00   3.60  10.17   1.76   1.80   1.45   5.19   5.05  10.41   8.72   8.95   0.61  -0.36   4.91   4.27   6.61   8.10   2.61   5.87   8.94   1.20   1.12
200506  -0.60  -2.31   2.15  -3.92  -2.34   1.75  -1.29  -0.64  -2.49   5.96   3.62  -1.59  -0.72  -0.95   1.41   1.73  -0.56   8.83  -2.97   1.60   0.38  -3.13   3.23  -0.20   2.24  -0.28   5.25   5.01   7.03   5.80   5.59   0.19   4.62  -1.49  -1.03  -0.99  -0.62  -3.10  -3.75  -3.58   1.54   3.08  -2.44   0.92   3.70   6.72   5.17  -3.59
200507   4.52   1.22   4.26   1.66   3.58   3.10   3.46   2.55   3.37   3.01  -4.19   6.37   3.84   4.59   2.60   2.88   8.01  11.01  13.16  11.24  10.36   6.26   7.79   1.76   6.70  -2.18  -3.75  10.33  20.52   5.85   2.99   2.98   1.68   5.36   3.09   8.85   9.22   5.07   4.49   7.83   5.26   6.00   4.49   0.51   3.18  -1.48   4.70  -0.27
200508  -3.96  -1.42  -2.18   0.48   4.54   2.76  -1.29   1.43  -1.05  -4.02  -0.18   0.40  -0.50  -6.06  -6.13  -2.20  -1.48  -3.34  -0.77  -3.41   0.83   0.70  -4.34  -0.05   0.42   0.00   4.56   1.68   8.35   5.50   1.16  -1.10  -0.85   0.51  -2.46  -1.28   2.08  -3.51   1.65  -3.52  -1.37  -6.51  -4.82  -1.72  -0.90  -3.62  -1.17  -2.54
200509   1.53   1.49  -8.24   0.55   4.74  -3.52  -1.56  -3.83   1.27  -1.42  -1.16  -4.19  -1.45  -1.84  -1.34  -4.50   4.06   0.97   3.06   0.11  -0.44   2.55  -6.60   0.98   4.83  -2.28  18.99  10.60   9.34   7.03   4.39  -1.49  -6.54   0.34   2.21   1.06  -0.60   0.74  -5.34   3.08  -0.01  -2.14  -0.29  -1.51   4.05  -1.36   6.92   0.90
200510  -4.46  -3.64  -0.98   0.58   1.70  -6.99  -3.68  -6.44  -3.30  -2.06  -4.53  -1.44  -3.58   2.34   0.36  -4.03  -6.01 -10.78  -4.35  -1.10  -4.55  -3.40  -6.87  -4.80  -3.13  -1.59 -10.05  -3.39  -9.56 -10.06  -6.85  -3.23   0.19   1.65  -1.96  -6.51  -3.67   1.00  -0.72   2.95  -1.87   2.29   0.16   2.87   1.95  -8.60   3.25   0.32
200511  -3.43  -0.31   4.60   1.47  -2.62   6.01   5.16   2.55   3.06   5.98   5.36   2.35   1.02   3.38   3.93   5.08   3.51   7.46  12.82   0.08   7.25   6.31  -1.14   5.65  -0.05   1.06   8.60   6.09   0.79   1.24  -0.19   2.56   3.53   5.53   2.79  10.62   8.35   7.49   7.39   7.49   4.47   3.76   6.79   4.39   4.75   3.30   4.21   5.03
200512  -0.27  -0.25  -0.37  -2.14   4.21  -1.26  -1.11  -1.85   1.53   0.06  -1.51   1.17   3.11   0.59   1.86   0.88   0.13  -0.28   3.68  -2.70   0.67  -0.54  -1.75   3.07   0.36   4.38  14.51   2.35   1.39   0.55   1.23  -1.59  -3.49  -2.02   0.15  -2.35  -1.99   1.67   0.02   1.10   1.02  -1.08   1.03   0.35  -0.08  -0.50   0.73  -0.75
200601   2.67   1.63   3.40  -0.66  -2.45   6.82   3.33   0.32   2.76   1.92   0.80   3.03   2.10   3.21   3.96  -3.25   7.64  10.75  14.94   9.34  10.98   7.13   4.92   1.49   5.81   6.38  17.01  17.46  14.99  12.48   3.05   3.72  -0.25   3.13   5.04   3.35   6.44  -2.92   0.50   4.24   6.95   0.66   4.25   0.55  -1.08  -0.15   9.81  -3.96
200602   0.63   1.61   0.42   1.95  -0.11   1.03   1.12   1.35   1.12   0.75   0.75  -1.97   1.90  -0.27   3.19   3.37   3.10  -7.04  -2.95   2.45  -0.28   3.21  -3.05   4.85   5.10   7.01 -12.88  -6.25  -8.42  -8.20   0.23   3.33  -0.92  -2.74   1.72  -0.45   1.63   1.11  -0.36   1.06   1.61   1.31   2.18   2.03   0.41   1.93   2.08   1.70
200603   4.67   2.44   6.83   0.17   0.12   4.00   3.40  -0.39  -0.37   3.06  -1.15  -1.15  -0.92   1.29   3.17  -1.92   4.14   1.99  12.16   3.96   2.98   4.85   2.29   3.75   3.97   3.27   0.99  11.06   5.58   4.10  -3.65   1.82   3.82   2.88   2.97   3.26   2.37   3.27   1.64   4.84   3.93   2.17   2.43   0.29  -0.29   7.96   3.34   5.58
200604  -1.63   2.33   0.68   0.89   3.34  -7.60   3.92  -3.23   1.40  -1.32  -1.16  -0.73  -2.20   2.93   3.00   1.19   1.20  -1.91   7.66   7.16   5.88   1.11  -1.08   5.29   4.32   1.08  12.75   5.20  20.32   4.25   1.85   1.68   1.87  -1.36  -2.35   0.80   1.51   7.14  -3.67   0.54  -3.17  -1.47  -0.24   5.06  -0.80   0.43   1.11   0.20
200605  -5.80   3.92   3.39   3.84  -0.95  -2.36   1.55  -2.46  -4.01  -5.27  -0.08  -4.31  -1.89  -2.23  -3.16   1.49  -7.30  -9.25  -4.59  -2.25  -3.63  -4.12   2.54  -0.88  -3.00  -4.13 -11.52 -11.47  -2.07  -3.56   1.52  -0.30  -3.75  -6.05  -5.62  -8.24  -6.11  -2.33  -3.95  -1.54  -2.19  -1.49  -3.50  -2.71  -3.31  -8.13  -6.85  -1.01
200606   0.19  -1.58   3.03  -0.87   2.95   1.21   0.77  -0.24   0.77  -0.29   0.09  -4.35   0.76  -1.13  -0.98   1.44  -3.41  -3.79   2.93  -6.08  -0.89   1.64   1.78  -0.63   2.11  -1.21   1.47   0.81  -5.85   2.87   2.40   2.87  -0.64   0.94  -2.85  -3.21  -2.03  -3.32   0.77   4.09  -1.25   0.45   1.70  -0.70  -0.22   1.64  -0.04  -2.56
200607   4.09   1.91   3.42   4.44   9.04  -3.62  -7.35  -0.48   0.42  -2.87   1.48   4.75   4.40  -3.75   0.50  -3.56  -8.25  -6.70  -4.10   3.88  -6.18  -6.17  -3.80  -3.46  -1.61   9.54  -3.29  -2.05 -12.59   5.41   4.84   2.30  -3.88  -3.06  -3.80  -5.87  -3.40  -5.71   1.02 -11.99  -2.02  -4.73  -5.53   2.16   0.41  -5.86   0.75  -1.04
200608   9.28   2.56  -3.42   2.25   4.31   3.53   2.38   2.85   6.69   4.01   5.41   1.09   2.24   4.62   4.68   1.56   2.49   1.40  -2.58  -5.71  -0.59   0.83   3.59  -0.93   0.67   3.34   2.46   3.17 -10.43  -3.14   2.33   2.35  -1.14   4.54  11.73   7.45   4.12   2.28   3.96  -0.74   1.48   2.14   3.11   0.80   3.76  -5.22   0.38   3.72
200609  -2.18   1.35  -1.21  -0.13  -6.39   5.19   4.97   0.93   1.73   9.04  -1.80  -0.15   2.36   2.20   4.00   1.85   0.98  -3.54   0.19   3.42   0.24   3.51   3.56   3.61   3.71   4.28 -16.18  -1.91 -15.05  -3.43  -2.14   3.38   2.46   4.36   3.95   2.61   0.20   2.03   2.46   3.96   1.28   6.43   7.22   2.87   1.96   0.84   9.47   4.09
200610  -1.42   1.12  -5.85   0.43   5.42  12.98   8.24   6.28   3.31   8.19  -4.24   3.68   1.71   4.57   5.99   0.52   4.20   5.77  10.79  12.10   2.85   4.94   3.90   3.24   2.20   0.84   4.97   9.62  14.51   4.96   5.35   5.35  -0.87   6.62   4.83  -0.35   7.26   4.85   5.48   6.04   5.04   3.07   7.74   1.31   1.26   9.01   6.53   0.36
200611   6.11   0.50  -0.29  -0.47   3.42   1.20   5.05   1.62   0.38   4.37   2.53   2.07  -0.57   3.30   3.95   3.40   4.52   7.61   8.84  -1.03   4.26   2.06   0.95   4.31   5.07   4.03   5.58   8.86   5.84   8.61   3.02   0.79   4.07   2.26   7.35   1.58   0.83   2.33   5.68   2.31   2.04  -2.30   1.17  -0.18   2.50   4.55   1.91   0.94
200612   1.60   0.66   2.53   2.43   3.01  -1.17   5.01   1.92   1.31   0.17   2.87   2.45  -0.65   1.87   1.61  -1.91   2.33  -2.28  -2.64   2.51   0.13  -0.50   1.34   0.29  -1.73   1.33  -4.21  -2.65 -12.66  -1.92   0.70   4.41   0.72  -0.24  -0.28  -2.54   2.37   0.76   3.23  -2.30  -0.35   1.75   2.70   4.32   3.40   2.05   3.11   5.02

